<?xml version="1.0"?>
<!--Phoronix Test Suite v7.0.1-->
<PhoronixTestSuite>
  <Generated>
    <Title>LXC_CPU_5 - jherard - Manual Test Run - 07:40 27 Apr 2017</Title>
    <LastModified>2017-04-27 09:14:57</LastModified>
    <TestClient>Phoronix Test Suite v7.0.1 (Ringsaker)</TestClient>
    <Description>A Phoromatic run.</Description>
  </Generated>
  <System>
    <Identifier>debLXC105: jherard - Manual Test Run - 07:40 27 Apr 2017</Identifier>
    <Hardware>Processor: 2 x Intel Xeon L5630 @ 2.13GHz (16 Cores), Motherboard: Dell 0MD99X, Memory: 242688MB, Disk: 3999GB Virtual Disk, Graphics: mgadrmfb</Hardware>
    <Software>OS: Debian GNU/Linux 8, Kernel: 3.16.0-4-amd64 (x86_64), Compiler: GCC 4.9.2, File-System: ext4, Screen Resolution: 1280x1024, System Layer: lxc</Software>
    <User>root</User>
    <TimeStamp>2017-04-27 07:40:54</TimeStamp>
    <TestClientVersion></TestClientVersion>
    <Notes></Notes>
    <JSON>{"compiler-configuration":"--build=x86_64-linux-gnu --disable-browser-plugin --disable-vtable-verify --enable-checking=release --enable-clocale=gnu --enable-gnu-unique-object --enable-gtk-cairo --enable-java-awt=gtk --enable-java-home --enable-languages=c,c++,java,go,d,fortran,objc,obj-c++ --enable-libstdcxx-debug --enable-libstdcxx-time=yes --enable-multiarch --enable-multilib --enable-nls --enable-objc-gc --enable-plugin --enable-shared --enable-threads=posix --host=x86_64-linux-gnu --target=x86_64-linux-gnu --with-abi=m64 --with-arch-32=i586 --with-arch-directory=amd64 --with-multilib-list=m32,m64,mx32 --with-tune=generic -v"}</JSON>
  </System>
  <System>
    <Identifier>debLXC101: jherard - Manual Test Run - 07:40 27 Apr 2017</Identifier>
    <Hardware>Processor: 2 x Intel Xeon L5630 @ 2.13GHz (16 Cores), Motherboard: Dell 0MD99X, Memory: 242688MB, Disk: 3999GB Virtual Disk, Graphics: mgadrmfb</Hardware>
    <Software>OS: Debian GNU/Linux 8, Kernel: 3.16.0-4-amd64 (x86_64), Compiler: GCC 4.9.2, File-System: ext4, Screen Resolution: 1280x1024, System Layer: lxc</Software>
    <User>root</User>
    <TimeStamp>2017-04-27 07:40:51</TimeStamp>
    <TestClientVersion></TestClientVersion>
    <Notes></Notes>
    <JSON>{"compiler-configuration":"--build=x86_64-linux-gnu --disable-browser-plugin --disable-vtable-verify --enable-checking=release --enable-clocale=gnu --enable-gnu-unique-object --enable-gtk-cairo --enable-java-awt=gtk --enable-java-home --enable-languages=c,c++,java,go,d,fortran,objc,obj-c++ --enable-libstdcxx-debug --enable-libstdcxx-time=yes --enable-multiarch --enable-multilib --enable-nls --enable-objc-gc --enable-plugin --enable-shared --enable-threads=posix --host=x86_64-linux-gnu --target=x86_64-linux-gnu --with-abi=m64 --with-arch-32=i586 --with-arch-directory=amd64 --with-multilib-list=m32,m64,mx32 --with-tune=generic -v"}</JSON>
  </System>
  <System>
    <Identifier>debLXC102: jherard - Manual Test Run - 07:40 27 Apr 2017</Identifier>
    <Hardware>Processor: 2 x Intel Xeon L5630 @ 2.13GHz (16 Cores), Motherboard: Dell 0MD99X, Memory: 242688MB, Disk: 3999GB Virtual Disk, Graphics: mgadrmfb</Hardware>
    <Software>OS: Debian GNU/Linux 8, Kernel: 3.16.0-4-amd64 (x86_64), Compiler: GCC 4.9.2, File-System: ext4, Screen Resolution: 1280x1024, System Layer: lxc</Software>
    <User>root</User>
    <TimeStamp>2017-04-27 07:40:43</TimeStamp>
    <TestClientVersion></TestClientVersion>
    <Notes></Notes>
    <JSON>{"compiler-configuration":"--build=x86_64-linux-gnu --disable-browser-plugin --disable-vtable-verify --enable-checking=release --enable-clocale=gnu --enable-gnu-unique-object --enable-gtk-cairo --enable-java-awt=gtk --enable-java-home --enable-languages=c,c++,java,go,d,fortran,objc,obj-c++ --enable-libstdcxx-debug --enable-libstdcxx-time=yes --enable-multiarch --enable-multilib --enable-nls --enable-objc-gc --enable-plugin --enable-shared --enable-threads=posix --host=x86_64-linux-gnu --target=x86_64-linux-gnu --with-abi=m64 --with-arch-32=i586 --with-arch-directory=amd64 --with-multilib-list=m32,m64,mx32 --with-tune=generic -v"}</JSON>
  </System>
  <System>
    <Identifier>debLXC104: jherard - Manual Test Run - 07:40 27 Apr 2017</Identifier>
    <Hardware>Processor: 2 x Intel Xeon L5630 @ 2.13GHz (16 Cores), Motherboard: Dell 0MD99X, Memory: 242688MB, Disk: 3999GB Virtual Disk, Graphics: mgadrmfb</Hardware>
    <Software>OS: Debian GNU/Linux 8, Kernel: 3.16.0-4-amd64 (x86_64), Compiler: GCC 4.9.2, File-System: ext4, Screen Resolution: 1280x1024, System Layer: lxc</Software>
    <User>root</User>
    <TimeStamp>2017-04-27 07:41:18</TimeStamp>
    <TestClientVersion></TestClientVersion>
    <Notes></Notes>
    <JSON>{"compiler-configuration":"--build=x86_64-linux-gnu --disable-browser-plugin --disable-vtable-verify --enable-checking=release --enable-clocale=gnu --enable-gnu-unique-object --enable-gtk-cairo --enable-java-awt=gtk --enable-java-home --enable-languages=c,c++,java,go,d,fortran,objc,obj-c++ --enable-libstdcxx-debug --enable-libstdcxx-time=yes --enable-multiarch --enable-multilib --enable-nls --enable-objc-gc --enable-plugin --enable-shared --enable-threads=posix --host=x86_64-linux-gnu --target=x86_64-linux-gnu --with-abi=m64 --with-arch-32=i586 --with-arch-directory=amd64 --with-multilib-list=m32,m64,mx32 --with-tune=generic -v"}</JSON>
  </System>
  <System>
    <Identifier>debLXC103: jherard - Manual Test Run - 07:40 27 Apr 2017</Identifier>
    <Hardware>Processor: 2 x Intel Xeon L5630 @ 2.13GHz (16 Cores), Motherboard: Dell 0MD99X, Memory: 242688MB, Disk: 3999GB Virtual Disk, Graphics: mgadrmfb</Hardware>
    <Software>OS: Debian GNU/Linux 8, Kernel: 3.16.0-4-amd64 (x86_64), Compiler: GCC 4.9.2, File-System: ext4, Screen Resolution: 1280x1024, System Layer: lxc</Software>
    <User>root</User>
    <TimeStamp>2017-04-27 07:40:51</TimeStamp>
    <TestClientVersion></TestClientVersion>
    <Notes></Notes>
    <JSON>{"compiler-configuration":"--build=x86_64-linux-gnu --disable-browser-plugin --disable-vtable-verify --enable-checking=release --enable-clocale=gnu --enable-gnu-unique-object --enable-gtk-cairo --enable-java-awt=gtk --enable-java-home --enable-languages=c,c++,java,go,d,fortran,objc,obj-c++ --enable-libstdcxx-debug --enable-libstdcxx-time=yes --enable-multiarch --enable-multilib --enable-nls --enable-objc-gc --enable-plugin --enable-shared --enable-threads=posix --host=x86_64-linux-gnu --target=x86_64-linux-gnu --with-abi=m64 --with-arch-32=i586 --with-arch-directory=amd64 --with-multilib-list=m32,m64,mx32 --with-tune=generic -v"}</JSON>
  </System>
  <Result>
    <Identifier>pts/tscp-1.2.1</Identifier>
    <Title>TSCP</Title>
    <AppVersion>1.81</AppVersion>
    <Arguments></Arguments>
    <Description>AI Chess Performance</Description>
    <Scale>Nodes Per Second</Scale>
    <Proportion>HIB</Proportion>
    <DisplayFormat>BAR_GRAPH</DisplayFormat>
    <Data>
      <Entry>
        <Identifier>debLXC105: jherard - Manual Test Run - 07:40 27 Apr 2017</Identifier>
        <Value>486795</Value>
        <RawString>490016:494414:488711:490889:469947</RawString>
        <JSON>{"compiler-options":{"compiler-type":"CC","compiler":"gcc","compiler-options":"-O3 -march=native"}}</JSON>
      </Entry>
      <Entry>
        <Identifier>debLXC101: jherard - Manual Test Run - 07:40 27 Apr 2017</Identifier>
        <Value>489758</Value>
        <RawString>487845:490016:489145:489580:492205</RawString>
        <JSON>{"compiler-options":{"compiler-type":"CC","compiler":"gcc","compiler-options":"-O3 -march=native"}}</JSON>
      </Entry>
      <Entry>
        <Identifier>debLXC102: jherard - Manual Test Run - 07:40 27 Apr 2017</Identifier>
        <Value>490628</Value>
        <RawString>491327:491327:490016:490889:489580</RawString>
        <JSON>{"compiler-options":{"compiler-type":"CC","compiler":"gcc","compiler-options":"-O3 -march=native"}}</JSON>
      </Entry>
      <Entry>
        <Identifier>debLXC104: jherard - Manual Test Run - 07:40 27 Apr 2017</Identifier>
        <Value>410302</Value>
        <RawString>447786:367921:417572:338108:457837:383016:447786:459747:431982:351261</RawString>
        <JSON>{"compiler-options":{"compiler-type":"CC","compiler":"gcc","compiler-options":"-O3 -march=native"}}</JSON>
      </Entry>
      <Entry>
        <Identifier>debLXC103: jherard - Manual Test Run - 07:40 27 Apr 2017</Identifier>
        <Value>451382</Value>
        <RawString>489580:481870:488711:491327:443817:462450:473583:390899:412258:379323</RawString>
        <JSON>{"compiler-options":{"compiler-type":"CC","compiler":"gcc","compiler-options":"-O3 -march=native"}}</JSON>
      </Entry>
    </Data>
  </Result>
  <Result>
    <Identifier>pts/compress-7zip-1.6.2</Identifier>
    <Title>7-Zip Compression</Title>
    <AppVersion>9.20.1</AppVersion>
    <Arguments></Arguments>
    <Description>Compress Speed Test</Description>
    <Scale>MIPS</Scale>
    <Proportion>HIB</Proportion>
    <DisplayFormat>BAR_GRAPH</DisplayFormat>
    <Data>
      <Entry>
        <Identifier>debLXC105: jherard - Manual Test Run - 07:40 27 Apr 2017</Identifier>
        <Value>5405</Value>
        <RawString>5382:4532:4601:5508:6129:6277</RawString>
        <JSON>{"compiler-options":{"compiler-type":"CXX","compiler":"g++","compiler-options":"-pipe -lpthread"}}</JSON>
      </Entry>
      <Entry>
        <Identifier>debLXC101: jherard - Manual Test Run - 07:40 27 Apr 2017</Identifier>
        <Value>5711</Value>
        <RawString>6579:4550:4613:5433:6352:6738</RawString>
        <JSON>{"compiler-options":{"compiler-type":"CXX","compiler":"g++","compiler-options":"-pipe -lpthread"}}</JSON>
      </Entry>
      <Entry>
        <Identifier>debLXC102: jherard - Manual Test Run - 07:40 27 Apr 2017</Identifier>
        <Value>6021</Value>
        <RawString>8545:4660:4590:5272:6620:6436</RawString>
        <JSON>{"compiler-options":{"compiler-type":"CXX","compiler":"g++","compiler-options":"-pipe -lpthread"}}</JSON>
      </Entry>
      <Entry>
        <Identifier>debLXC104: jherard - Manual Test Run - 07:40 27 Apr 2017</Identifier>
        <Value>4692</Value>
        <RawString>4832:4588:4657</RawString>
        <JSON>{"compiler-options":{"compiler-type":"CXX","compiler":"g++","compiler-options":"-pipe -lpthread"}}</JSON>
      </Entry>
      <Entry>
        <Identifier>debLXC103: jherard - Manual Test Run - 07:40 27 Apr 2017</Identifier>
        <Value>4653</Value>
        <RawString>4823:4616:4521</RawString>
        <JSON>{"compiler-options":{"compiler-type":"CXX","compiler":"g++","compiler-options":"-pipe -lpthread"}}</JSON>
      </Entry>
    </Data>
  </Result>
  <Result>
    <Identifier>pts/crafty-1.3.1</Identifier>
    <Title>Crafty</Title>
    <AppVersion>23.4</AppVersion>
    <Arguments></Arguments>
    <Description>Elapsed Time</Description>
    <Scale>Seconds</Scale>
    <Proportion>LIB</Proportion>
    <DisplayFormat>BAR_GRAPH</DisplayFormat>
    <Data>
      <Entry>
        <Identifier>debLXC105: jherard - Manual Test Run - 07:40 27 Apr 2017</Identifier>
        <Value>174.32</Value>
        <RawString>146.97:136.92:154.1:196.32:202.81:208.81</RawString>
        <JSON>{"compiler-options":{"compiler-type":"CC","compiler":"gcc","compiler-options":"-lstdc++ -lm"}}</JSON>
      </Entry>
      <Entry>
        <Identifier>debLXC101: jherard - Manual Test Run - 07:40 27 Apr 2017</Identifier>
        <Value>175.64</Value>
        <RawString>135.21:136.14:144.3:208.45:210.67:219.04</RawString>
        <JSON>{"compiler-options":{"compiler-type":"CC","compiler":"gcc","compiler-options":"-lstdc++ -lm"}}</JSON>
      </Entry>
      <Entry>
        <Identifier>debLXC102: jherard - Manual Test Run - 07:40 27 Apr 2017</Identifier>
        <Value>134.73</Value>
        <RawString>134.79:134.23:135.18</RawString>
        <JSON>{"compiler-options":{"compiler-type":"CC","compiler":"gcc","compiler-options":"-lstdc++ -lm"}}</JSON>
      </Entry>
      <Entry>
        <Identifier>debLXC104: jherard - Manual Test Run - 07:40 27 Apr 2017</Identifier>
        <Value>172.68</Value>
        <RawString>199.35:190.88:150.53:136.24:161.76:197.32</RawString>
        <JSON>{"compiler-options":{"compiler-type":"CC","compiler":"gcc","compiler-options":"-lstdc++ -lm"}}</JSON>
      </Entry>
      <Entry>
        <Identifier>debLXC103: jherard - Manual Test Run - 07:40 27 Apr 2017</Identifier>
        <Value>167.75</Value>
        <RawString>203.64:195.58:138.13:132.77:139.99:196.38</RawString>
        <JSON>{"compiler-options":{"compiler-type":"CC","compiler":"gcc","compiler-options":"-lstdc++ -lm"}}</JSON>
      </Entry>
    </Data>
  </Result>
  <Result>
    <Identifier>pts/povray-1.1.3</Identifier>
    <Title>POV-Ray</Title>
    <AppVersion>3.7.0</AppVersion>
    <Arguments></Arguments>
    <Description>Total Time</Description>
    <Scale>Seconds</Scale>
    <Proportion>LIB</Proportion>
    <DisplayFormat>BAR_GRAPH</DisplayFormat>
    <Data>
      <Entry>
        <Identifier>debLXC105: jherard - Manual Test Run - 07:40 27 Apr 2017</Identifier>
        <Value>791.76</Value>
        <RawString>779.276:805.124:790.876</RawString>
        <JSON>{"compiler-options":{"compiler-type":"CXX","compiler":"g++","compiler-options":"-pipe -O3 -ffast-math -march=native -pthread -ltiff -ljpeg -lpng -lz -lrt -lm -lboost_thread -lboost_system"}}</JSON>
      </Entry>
      <Entry>
        <Identifier>debLXC101: jherard - Manual Test Run - 07:40 27 Apr 2017</Identifier>
        <Value>798.07</Value>
        <RawString>802.988:797.894:793.329</RawString>
        <JSON>{"compiler-options":{"compiler-type":"CXX","compiler":"g++","compiler-options":"-pipe -O3 -ffast-math -march=native -pthread -ltiff -ljpeg -lpng -lz -lrt -lm -lboost_thread -lboost_system"}}</JSON>
      </Entry>
      <Entry>
        <Identifier>debLXC102: jherard - Manual Test Run - 07:40 27 Apr 2017</Identifier>
        <Value>613.57</Value>
        <RawString>256.137:638.606:806.336:788.928:717.125:474.305</RawString>
        <JSON>{"compiler-options":{"compiler-type":"CXX","compiler":"g++","compiler-options":"-pipe -O3 -ffast-math -march=native -pthread -ltiff -ljpeg -lpng -lz -lrt -lm -lboost_thread -lboost_system"}}</JSON>
      </Entry>
      <Entry>
        <Identifier>debLXC104: jherard - Manual Test Run - 07:40 27 Apr 2017</Identifier>
        <Value>622.14</Value>
        <RawString>633.218:803.488:792.88:727.276:477.279:298.675</RawString>
        <JSON>{"compiler-options":{"compiler-type":"CXX","compiler":"g++","compiler-options":"-pipe -O3 -ffast-math -march=native -pthread -ltiff -ljpeg -lpng -lz -lrt -lm -lboost_thread -lboost_system"}}</JSON>
      </Entry>
      <Entry>
        <Identifier>debLXC103: jherard - Manual Test Run - 07:40 27 Apr 2017</Identifier>
        <Value>624.79</Value>
        <RawString>578.579:799.293:794.28:747.912:480.701:347.986</RawString>
        <JSON>{"compiler-options":{"compiler-type":"CXX","compiler":"g++","compiler-options":"-pipe -O3 -ffast-math -march=native -pthread -ltiff -ljpeg -lpng -lz -lrt -lm -lboost_thread -lboost_system"}}</JSON>
      </Entry>
    </Data>
  </Result>
</PhoronixTestSuite>
