<?xml version="1.0"?>
<!--Phoronix Test Suite v7.0.1-->
<PhoronixTestSuite>
  <Generated>
    <Title>CPU_QEMU_10 - 2017-04-25</Title>
    <LastModified>2017-04-25 12:42:43</LastModified>
    <TestClient>Phoronix Test Suite v7.0.1 (Ringsaker)</TestClient>
    <Description>A Phoromatic run.</Description>
  </Generated>
  <System>
    <Identifier>debianQEMU16: 2017-04-25</Identifier>
    <Hardware>Processor: Westmere E56xx/L56xx/X56xx @ 2.13GHz (1 Core), Motherboard: QEMU Standard PC (i440FX + PIIX 1996), Chipset: Intel 440FX- 82441FX PMC, Memory: 1 x 4024 MB RAM QEMU, Disk: 4GB, Graphics: Cirrus Logic GD 5446, Network: Red Hat Virtio device</Hardware>
    <Software>OS: Debian 8.7, Kernel: 3.16.0-4-amd64 (x86_64), Compiler: GCC 4.9.2, File-System: ext4, System Layer: QEMU</Software>
    <User>root</User>
    <TimeStamp>2017-04-25 09:00:10</TimeStamp>
    <TestClientVersion></TestClientVersion>
    <Notes></Notes>
    <JSON>{"compiler-configuration":"--build=x86_64-linux-gnu --disable-browser-plugin --disable-vtable-verify --enable-checking=release --enable-clocale=gnu --enable-gnu-unique-object --enable-gtk-cairo --enable-java-awt=gtk --enable-java-home --enable-languages=c,c++,java,go,d,fortran,objc,obj-c++ --enable-libstdcxx-debug --enable-libstdcxx-time=yes --enable-multiarch --enable-multilib --enable-nls --enable-objc-gc --enable-plugin --enable-shared --enable-threads=posix --host=x86_64-linux-gnu --target=x86_64-linux-gnu --with-abi=m64 --with-arch-32=i586 --with-arch-directory=amd64 --with-multilib-list=m32,m64,mx32 --with-tune=generic -v"}</JSON>
  </System>
  <System>
    <Identifier>debianQEMU18: 2017-04-25</Identifier>
    <Hardware>Processor: Westmere E56xx/L56xx/X56xx @ 2.13GHz (1 Core), Motherboard: QEMU Standard PC (i440FX + PIIX 1996), Chipset: Intel 440FX- 82441FX PMC, Memory: 1 x 4024 MB RAM QEMU, Disk: 4GB, Graphics: Cirrus Logic GD 5446, Network: Red Hat Virtio device</Hardware>
    <Software>OS: Debian 8.7, Kernel: 3.16.0-4-amd64 (x86_64), Compiler: GCC 4.9.2, File-System: ext4, System Layer: QEMU</Software>
    <User>root</User>
    <TimeStamp>2017-04-25 09:00:36</TimeStamp>
    <TestClientVersion></TestClientVersion>
    <Notes></Notes>
    <JSON>{"compiler-configuration":"--build=x86_64-linux-gnu --disable-browser-plugin --disable-vtable-verify --enable-checking=release --enable-clocale=gnu --enable-gnu-unique-object --enable-gtk-cairo --enable-java-awt=gtk --enable-java-home --enable-languages=c,c++,java,go,d,fortran,objc,obj-c++ --enable-libstdcxx-debug --enable-libstdcxx-time=yes --enable-multiarch --enable-multilib --enable-nls --enable-objc-gc --enable-plugin --enable-shared --enable-threads=posix --host=x86_64-linux-gnu --target=x86_64-linux-gnu --with-abi=m64 --with-arch-32=i586 --with-arch-directory=amd64 --with-multilib-list=m32,m64,mx32 --with-tune=generic -v"}</JSON>
  </System>
  <System>
    <Identifier>debianQEMU14: 2017-04-25</Identifier>
    <Hardware>Processor: Westmere E56xx/L56xx/X56xx @ 2.13GHz (1 Core), Motherboard: QEMU Standard PC (i440FX + PIIX 1996), Chipset: Intel 440FX- 82441FX PMC, Memory: 1 x 4024 MB RAM QEMU, Disk: 4GB, Graphics: Cirrus Logic GD 5446, Network: Red Hat Virtio device</Hardware>
    <Software>OS: Debian 8.7, Kernel: 3.16.0-4-amd64 (x86_64), Compiler: GCC 4.9.2, File-System: ext4, System Layer: QEMU</Software>
    <User>root</User>
    <TimeStamp>2017-04-25 09:00:32</TimeStamp>
    <TestClientVersion></TestClientVersion>
    <Notes></Notes>
    <JSON>{"compiler-configuration":"--build=x86_64-linux-gnu --disable-browser-plugin --disable-vtable-verify --enable-checking=release --enable-clocale=gnu --enable-gnu-unique-object --enable-gtk-cairo --enable-java-awt=gtk --enable-java-home --enable-languages=c,c++,java,go,d,fortran,objc,obj-c++ --enable-libstdcxx-debug --enable-libstdcxx-time=yes --enable-multiarch --enable-multilib --enable-nls --enable-objc-gc --enable-plugin --enable-shared --enable-threads=posix --host=x86_64-linux-gnu --target=x86_64-linux-gnu --with-abi=m64 --with-arch-32=i586 --with-arch-directory=amd64 --with-multilib-list=m32,m64,mx32 --with-tune=generic -v"}</JSON>
  </System>
  <System>
    <Identifier>debianQEMU1: 2017-04-25</Identifier>
    <Hardware>Processor: Westmere E56xx/L56xx/X56xx @ 2.13GHz (1 Core), Motherboard: QEMU Standard PC (i440FX + PIIX 1996), Chipset: Intel 440FX- 82441FX PMC, Memory: 1 x 4000 MB RAM QEMU, Disk: 4GB, Graphics: Red Hat QXL paravirtual graphic card, Audio: Intel 82801FB/FBM/FR/FW/FRW, Network: Red Hat Virtio device</Hardware>
    <Software>OS: Debian 8.7, Kernel: 3.16.0-4-amd64 (x86_64), Compiler: GCC 4.9.2, File-System: ext4, System Layer: QEMU</Software>
    <User>root</User>
    <TimeStamp>2017-04-25 09:00:03</TimeStamp>
    <TestClientVersion></TestClientVersion>
    <Notes></Notes>
    <JSON>{"compiler-configuration":"--build=x86_64-linux-gnu --disable-browser-plugin --disable-vtable-verify --enable-checking=release --enable-clocale=gnu --enable-gnu-unique-object --enable-gtk-cairo --enable-java-awt=gtk --enable-java-home --enable-languages=c,c++,java,go,d,fortran,objc,obj-c++ --enable-libstdcxx-debug --enable-libstdcxx-time=yes --enable-multiarch --enable-multilib --enable-nls --enable-objc-gc --enable-plugin --enable-shared --enable-threads=posix --host=x86_64-linux-gnu --target=x86_64-linux-gnu --with-abi=m64 --with-arch-32=i586 --with-arch-directory=amd64 --with-multilib-list=m32,m64,mx32 --with-tune=generic -v"}</JSON>
  </System>
  <System>
    <Identifier>debianQEMU17: 2017-04-25</Identifier>
    <Hardware>Processor: Westmere E56xx/L56xx/X56xx @ 2.13GHz (1 Core), Motherboard: QEMU Standard PC (i440FX + PIIX 1996), Chipset: Intel 440FX- 82441FX PMC, Memory: 1 x 4024 MB RAM QEMU, Disk: 4GB, Graphics: Cirrus Logic GD 5446, Network: Red Hat Virtio device</Hardware>
    <Software>OS: Debian 8.7, Kernel: 3.16.0-4-amd64 (x86_64), Compiler: GCC 4.9.2, File-System: ext4, System Layer: QEMU</Software>
    <User>root</User>
    <TimeStamp>2017-04-25 09:00:44</TimeStamp>
    <TestClientVersion></TestClientVersion>
    <Notes></Notes>
    <JSON>{"compiler-configuration":"--build=x86_64-linux-gnu --disable-browser-plugin --disable-vtable-verify --enable-checking=release --enable-clocale=gnu --enable-gnu-unique-object --enable-gtk-cairo --enable-java-awt=gtk --enable-java-home --enable-languages=c,c++,java,go,d,fortran,objc,obj-c++ --enable-libstdcxx-debug --enable-libstdcxx-time=yes --enable-multiarch --enable-multilib --enable-nls --enable-objc-gc --enable-plugin --enable-shared --enable-threads=posix --host=x86_64-linux-gnu --target=x86_64-linux-gnu --with-abi=m64 --with-arch-32=i586 --with-arch-directory=amd64 --with-multilib-list=m32,m64,mx32 --with-tune=generic -v"}</JSON>
  </System>
  <System>
    <Identifier>debianQEMU10: 2017-04-25</Identifier>
    <Hardware>Processor: Westmere E56xx/L56xx/X56xx @ 2.13GHz (1 Core), Motherboard: QEMU Standard PC (i440FX + PIIX 1996), Chipset: Intel 440FX- 82441FX PMC, Memory: 1 x 4024 MB RAM QEMU, Disk: 4GB, Graphics: Cirrus Logic GD 5446, Network: Red Hat Virtio device</Hardware>
    <Software>OS: Debian 8.7, Kernel: 3.16.0-4-amd64 (x86_64), Compiler: GCC 4.9.2, File-System: ext4, System Layer: QEMU</Software>
    <User>root</User>
    <TimeStamp>2017-04-25 09:00:52</TimeStamp>
    <TestClientVersion></TestClientVersion>
    <Notes></Notes>
    <JSON>{"compiler-configuration":"--build=x86_64-linux-gnu --disable-browser-plugin --disable-vtable-verify --enable-checking=release --enable-clocale=gnu --enable-gnu-unique-object --enable-gtk-cairo --enable-java-awt=gtk --enable-java-home --enable-languages=c,c++,java,go,d,fortran,objc,obj-c++ --enable-libstdcxx-debug --enable-libstdcxx-time=yes --enable-multiarch --enable-multilib --enable-nls --enable-objc-gc --enable-plugin --enable-shared --enable-threads=posix --host=x86_64-linux-gnu --target=x86_64-linux-gnu --with-abi=m64 --with-arch-32=i586 --with-arch-directory=amd64 --with-multilib-list=m32,m64,mx32 --with-tune=generic -v"}</JSON>
  </System>
  <System>
    <Identifier>debianQEMU12: 2017-04-25</Identifier>
    <Hardware>Processor: Westmere E56xx/L56xx/X56xx @ 2.13GHz (1 Core), Motherboard: QEMU Standard PC (i440FX + PIIX 1996), Chipset: Intel 440FX- 82441FX PMC, Memory: 1 x 4024 MB RAM QEMU, Disk: 4GB, Graphics: Cirrus Logic GD 5446, Network: Red Hat Virtio device</Hardware>
    <Software>OS: Debian 8.7, Kernel: 3.16.0-4-amd64 (x86_64), Compiler: GCC 4.9.2, File-System: ext4, System Layer: QEMU</Software>
    <User>root</User>
    <TimeStamp>2017-04-25 09:00:23</TimeStamp>
    <TestClientVersion></TestClientVersion>
    <Notes></Notes>
    <JSON>{"compiler-configuration":"--build=x86_64-linux-gnu --disable-browser-plugin --disable-vtable-verify --enable-checking=release --enable-clocale=gnu --enable-gnu-unique-object --enable-gtk-cairo --enable-java-awt=gtk --enable-java-home --enable-languages=c,c++,java,go,d,fortran,objc,obj-c++ --enable-libstdcxx-debug --enable-libstdcxx-time=yes --enable-multiarch --enable-multilib --enable-nls --enable-objc-gc --enable-plugin --enable-shared --enable-threads=posix --host=x86_64-linux-gnu --target=x86_64-linux-gnu --with-abi=m64 --with-arch-32=i586 --with-arch-directory=amd64 --with-multilib-list=m32,m64,mx32 --with-tune=generic -v"}</JSON>
  </System>
  <System>
    <Identifier>debianQEMU15: 2017-04-25</Identifier>
    <Hardware>Processor: Westmere E56xx/L56xx/X56xx @ 2.13GHz (1 Core), Motherboard: QEMU Standard PC (i440FX + PIIX 1996), Chipset: Intel 440FX- 82441FX PMC, Memory: 1 x 4024 MB RAM QEMU, Disk: 4GB, Graphics: Cirrus Logic GD 5446, Network: Red Hat Virtio device</Hardware>
    <Software>OS: Debian 8.7, Kernel: 3.16.0-4-amd64 (x86_64), Compiler: GCC 4.9.2, File-System: ext4, System Layer: QEMU</Software>
    <User>root</User>
    <TimeStamp>2017-04-25 09:00:27</TimeStamp>
    <TestClientVersion></TestClientVersion>
    <Notes></Notes>
    <JSON>{"compiler-configuration":"--build=x86_64-linux-gnu --disable-browser-plugin --disable-vtable-verify --enable-checking=release --enable-clocale=gnu --enable-gnu-unique-object --enable-gtk-cairo --enable-java-awt=gtk --enable-java-home --enable-languages=c,c++,java,go,d,fortran,objc,obj-c++ --enable-libstdcxx-debug --enable-libstdcxx-time=yes --enable-multiarch --enable-multilib --enable-nls --enable-objc-gc --enable-plugin --enable-shared --enable-threads=posix --host=x86_64-linux-gnu --target=x86_64-linux-gnu --with-abi=m64 --with-arch-32=i586 --with-arch-directory=amd64 --with-multilib-list=m32,m64,mx32 --with-tune=generic -v"}</JSON>
  </System>
  <System>
    <Identifier>debianQEMU13: 2017-04-25</Identifier>
    <Hardware>Processor: Westmere E56xx/L56xx/X56xx @ 2.13GHz (1 Core), Motherboard: QEMU Standard PC (i440FX + PIIX 1996), Chipset: Intel 440FX- 82441FX PMC, Memory: 1 x 4024 MB RAM QEMU, Disk: 4GB, Graphics: Cirrus Logic GD 5446, Network: Red Hat Virtio device</Hardware>
    <Software>OS: Debian 8.7, Kernel: 3.16.0-4-amd64 (x86_64), Compiler: GCC 4.9.2, File-System: ext4, System Layer: QEMU</Software>
    <User>root</User>
    <TimeStamp>2017-04-25 09:00:36</TimeStamp>
    <TestClientVersion></TestClientVersion>
    <Notes></Notes>
    <JSON>{"compiler-configuration":"--build=x86_64-linux-gnu --disable-browser-plugin --disable-vtable-verify --enable-checking=release --enable-clocale=gnu --enable-gnu-unique-object --enable-gtk-cairo --enable-java-awt=gtk --enable-java-home --enable-languages=c,c++,java,go,d,fortran,objc,obj-c++ --enable-libstdcxx-debug --enable-libstdcxx-time=yes --enable-multiarch --enable-multilib --enable-nls --enable-objc-gc --enable-plugin --enable-shared --enable-threads=posix --host=x86_64-linux-gnu --target=x86_64-linux-gnu --with-abi=m64 --with-arch-32=i586 --with-arch-directory=amd64 --with-multilib-list=m32,m64,mx32 --with-tune=generic -v"}</JSON>
  </System>
  <System>
    <Identifier>debianQEMU11: 2017-04-25</Identifier>
    <Hardware>Processor: Westmere E56xx/L56xx/X56xx @ 2.13GHz (1 Core), Motherboard: QEMU Standard PC (i440FX + PIIX 1996), Chipset: Intel 440FX- 82441FX PMC, Memory: 1 x 4024 MB RAM QEMU, Disk: 4GB, Graphics: Cirrus Logic GD 5446, Network: Red Hat Virtio device</Hardware>
    <Software>OS: Debian 8.7, Kernel: 3.16.0-4-amd64 (x86_64), Compiler: GCC 4.9.2, File-System: ext4, System Layer: QEMU</Software>
    <User>root</User>
    <TimeStamp>2017-04-25 09:00:21</TimeStamp>
    <TestClientVersion></TestClientVersion>
    <Notes></Notes>
    <JSON>{"compiler-configuration":"--build=x86_64-linux-gnu --disable-browser-plugin --disable-vtable-verify --enable-checking=release --enable-clocale=gnu --enable-gnu-unique-object --enable-gtk-cairo --enable-java-awt=gtk --enable-java-home --enable-languages=c,c++,java,go,d,fortran,objc,obj-c++ --enable-libstdcxx-debug --enable-libstdcxx-time=yes --enable-multiarch --enable-multilib --enable-nls --enable-objc-gc --enable-plugin --enable-shared --enable-threads=posix --host=x86_64-linux-gnu --target=x86_64-linux-gnu --with-abi=m64 --with-arch-32=i586 --with-arch-directory=amd64 --with-multilib-list=m32,m64,mx32 --with-tune=generic -v"}</JSON>
  </System>
  <Result>
    <Identifier>pts/tscp-1.2.1</Identifier>
    <Title>TSCP</Title>
    <AppVersion>1.81</AppVersion>
    <Arguments></Arguments>
    <Description>AI Chess Performance</Description>
    <Scale>Nodes Per Second</Scale>
    <Proportion>HIB</Proportion>
    <DisplayFormat>BAR_GRAPH</DisplayFormat>
    <Data>
      <Entry>
        <Identifier>debianQEMU16: 2017-04-25</Identifier>
        <Value>474297</Value>
        <RawString>488278:486983:484413:474399:487414</RawString>
        <JSON>{"compiler-options":{"compiler-type":"CC","compiler":"gcc","compiler-options":"-O3 -march=native"}}</JSON>
      </Entry>
      <Entry>
        <Identifier>debianQEMU18: 2017-04-25</Identifier>
        <Value>452495</Value>
        <RawString>457837:461674:454062:476451:462450</RawString>
        <JSON>{"compiler-options":{"compiler-type":"CC","compiler":"gcc","compiler-options":"-O3 -march=native"}}</JSON>
      </Entry>
      <Entry>
        <Identifier>debianQEMU14: 2017-04-25</Identifier>
        <Value>429034</Value>
        <RawString>484839:482715:461674:451827:390622:448881:480190:448881:359281:381425</RawString>
        <JSON>{"compiler-options":{"compiler-type":"CC","compiler":"gcc","compiler-options":"-O3 -march=native"}}</JSON>
      </Entry>
      <Entry>
        <Identifier>debianQEMU1: 2017-04-25</Identifier>
        <Value>478636</Value>
        <RawString>488711:490452:490452:489580:483987</RawString>
        <JSON>{"compiler-options":{"compiler-type":"CC","compiler":"gcc","compiler-options":"-O3 -march=native"}}</JSON>
      </Entry>
      <Entry>
        <Identifier>debianQEMU17: 2017-04-25</Identifier>
        <Value>416232</Value>
        <RawString>461288:454812:428954:485266:460902:405281:345531:454437:435053:330797</RawString>
        <JSON>{"compiler-options":{"compiler-type":"CC","compiler":"gcc","compiler-options":"-O3 -march=native"}}</JSON>
      </Entry>
      <Entry>
        <Identifier>debianQEMU10: 2017-04-25</Identifier>
        <Value>420647</Value>
        <RawString>464399:463617:460902:404686:365479:393412:449247:395106:454062:455564</RawString>
        <JSON>{"compiler-options":{"compiler-type":"CC","compiler":"gcc","compiler-options":"-O3 -march=native"}}</JSON>
      </Entry>
      <Entry>
        <Identifier>debianQEMU12: 2017-04-25</Identifier>
        <Value>455939</Value>
        <RawString>486553:487414:448516:454437:460131:463617:460902</RawString>
        <JSON>{"compiler-options":{"compiler-type":"CC","compiler":"gcc","compiler-options":"-O3 -march=native"}}</JSON>
      </Entry>
      <Entry>
        <Identifier>debianQEMU15: 2017-04-25</Identifier>
        <Value>455887</Value>
        <RawString>473991:478105:458599:460902:457837</RawString>
        <JSON>{"compiler-options":{"compiler-type":"CC","compiler":"gcc","compiler-options":"-O3 -march=native"}}</JSON>
      </Entry>
      <Entry>
        <Identifier>debianQEMU13: 2017-04-25</Identifier>
        <Value>452842</Value>
        <RawString>465184:462450:461674:462062:462838</RawString>
        <JSON>{"compiler-options":{"compiler-type":"CC","compiler":"gcc","compiler-options":"-O3 -march=native"}}</JSON>
      </Entry>
      <Entry>
        <Identifier>debianQEMU11: 2017-04-25</Identifier>
        <Value>457374</Value>
        <RawString>490889:488278:475628:446697:458981:455942:460902:461674</RawString>
        <JSON>{"compiler-options":{"compiler-type":"CC","compiler":"gcc","compiler-options":"-O3 -march=native"}}</JSON>
      </Entry>
    </Data>
  </Result>
  <Result>
    <Identifier>pts/compress-7zip-1.6.2</Identifier>
    <Title>7-Zip Compression</Title>
    <AppVersion>9.20.1</AppVersion>
    <Arguments></Arguments>
    <Description>Compress Speed Test</Description>
    <Scale>MIPS</Scale>
    <Proportion>HIB</Proportion>
    <DisplayFormat>BAR_GRAPH</DisplayFormat>
    <Data>
      <Entry>
        <Identifier>debianQEMU16: 2017-04-25</Identifier>
        <Value>1564</Value>
        <RawString>2036:1632:1555:1513:1655:1592</RawString>
        <JSON>{"compiler-options":{"compiler-type":"CXX","compiler":"g++","compiler-options":"-pipe -lpthread"}}</JSON>
      </Entry>
      <Entry>
        <Identifier>debianQEMU18: 2017-04-25</Identifier>
        <Value>1460</Value>
        <RawString>1633:1517:1564:1526</RawString>
        <JSON>{"compiler-options":{"compiler-type":"CXX","compiler":"g++","compiler-options":"-pipe -lpthread"}}</JSON>
      </Entry>
      <Entry>
        <Identifier>debianQEMU14: 2017-04-25</Identifier>
        <Value>1496</Value>
        <RawString>1622:1580:1587</RawString>
        <JSON>{"compiler-options":{"compiler-type":"CXX","compiler":"g++","compiler-options":"-pipe -lpthread"}}</JSON>
      </Entry>
      <Entry>
        <Identifier>debianQEMU1: 2017-04-25</Identifier>
        <Value>1538</Value>
        <RawString>2102:1667:1481:1540:1580:1456</RawString>
        <JSON>{"compiler-options":{"compiler-type":"CXX","compiler":"g++","compiler-options":"-pipe -lpthread"}}</JSON>
      </Entry>
      <Entry>
        <Identifier>debianQEMU17: 2017-04-25</Identifier>
        <Value>1497</Value>
        <RawString>1738:1575:1558:1545:1625:1542</RawString>
        <JSON>{"compiler-options":{"compiler-type":"CXX","compiler":"g++","compiler-options":"-pipe -lpthread"}}</JSON>
      </Entry>
      <Entry>
        <Identifier>debianQEMU10: 2017-04-25</Identifier>
        <Value>1494</Value>
        <RawString>1634:1598:1501:1509:1629:1690</RawString>
        <JSON>{"compiler-options":{"compiler-type":"CXX","compiler":"g++","compiler-options":"-pipe -lpthread"}}</JSON>
      </Entry>
      <Entry>
        <Identifier>debianQEMU12: 2017-04-25</Identifier>
        <Value>1497</Value>
        <RawString>1789:1529:1520:1537:1631:1574</RawString>
        <JSON>{"compiler-options":{"compiler-type":"CXX","compiler":"g++","compiler-options":"-pipe -lpthread"}}</JSON>
      </Entry>
      <Entry>
        <Identifier>debianQEMU15: 2017-04-25</Identifier>
        <Value>1514</Value>
        <RawString>1897:1679:1495:1486:1540:1589</RawString>
        <JSON>{"compiler-options":{"compiler-type":"CXX","compiler":"g++","compiler-options":"-pipe -lpthread"}}</JSON>
      </Entry>
      <Entry>
        <Identifier>debianQEMU13: 2017-04-25</Identifier>
        <Value>1494</Value>
        <RawString>1731:1592:1613:1488:1583:1556</RawString>
        <JSON>{"compiler-options":{"compiler-type":"CXX","compiler":"g++","compiler-options":"-pipe -lpthread"}}</JSON>
      </Entry>
      <Entry>
        <Identifier>debianQEMU11: 2017-04-25</Identifier>
        <Value>1494</Value>
        <RawString>1695:1533:1528:1554:1606:1645</RawString>
        <JSON>{"compiler-options":{"compiler-type":"CXX","compiler":"g++","compiler-options":"-pipe -lpthread"}}</JSON>
      </Entry>
    </Data>
  </Result>
  <Result>
    <Identifier>pts/crafty-1.3.1</Identifier>
    <Title>Crafty</Title>
    <AppVersion>23.4</AppVersion>
    <Arguments></Arguments>
    <Description>Elapsed Time</Description>
    <Scale>Seconds</Scale>
    <Proportion>LIB</Proportion>
    <DisplayFormat>BAR_GRAPH</DisplayFormat>
    <Data>
      <Entry>
        <Identifier>debianQEMU16: 2017-04-25</Identifier>
        <Value>224.10</Value>
        <RawString>207.09:217.1:225.28:206:219.03:210.07</RawString>
        <JSON>{"compiler-options":{"compiler-type":"CC","compiler":"gcc","compiler-options":"-lstdc++ -lm"}}</JSON>
      </Entry>
      <Entry>
        <Identifier>debianQEMU18: 2017-04-25</Identifier>
        <Value>219.86</Value>
        <RawString>194.18:219.74:210.18:209.35:212.2:213.52</RawString>
        <JSON>{"compiler-options":{"compiler-type":"CC","compiler":"gcc","compiler-options":"-lstdc++ -lm"}}</JSON>
      </Entry>
      <Entry>
        <Identifier>debianQEMU14: 2017-04-25</Identifier>
        <Value>224.41</Value>
        <RawString>204.14:219.58:221.14:212.94:214.26</RawString>
        <JSON>{"compiler-options":{"compiler-type":"CC","compiler":"gcc","compiler-options":"-lstdc++ -lm"}}</JSON>
      </Entry>
      <Entry>
        <Identifier>debianQEMU1: 2017-04-25</Identifier>
        <Value>231.31</Value>
        <RawString>215.24:223.8:224.88</RawString>
        <JSON>{"compiler-options":{"compiler-type":"CC","compiler":"gcc","compiler-options":"-lstdc++ -lm"}}</JSON>
      </Entry>
      <Entry>
        <Identifier>debianQEMU17: 2017-04-25</Identifier>
        <Value>225.94</Value>
        <RawString>218.73:218.76:210.32</RawString>
        <JSON>{"compiler-options":{"compiler-type":"CC","compiler":"gcc","compiler-options":"-lstdc++ -lm"}}</JSON>
      </Entry>
      <Entry>
        <Identifier>debianQEMU10: 2017-04-25</Identifier>
        <Value>226.61</Value>
        <RawString>218.29:218.87:212.67</RawString>
        <JSON>{"compiler-options":{"compiler-type":"CC","compiler":"gcc","compiler-options":"-lstdc++ -lm"}}</JSON>
      </Entry>
      <Entry>
        <Identifier>debianQEMU12: 2017-04-25</Identifier>
        <Value>226.86</Value>
        <RawString>216.75:218.9:214.92</RawString>
        <JSON>{"compiler-options":{"compiler-type":"CC","compiler":"gcc","compiler-options":"-lstdc++ -lm"}}</JSON>
      </Entry>
      <Entry>
        <Identifier>debianQEMU15: 2017-04-25</Identifier>
        <Value>226.83</Value>
        <RawString>216.42:219.29:214.79</RawString>
        <JSON>{"compiler-options":{"compiler-type":"CC","compiler":"gcc","compiler-options":"-lstdc++ -lm"}}</JSON>
      </Entry>
      <Entry>
        <Identifier>debianQEMU13: 2017-04-25</Identifier>
        <Value>223.62</Value>
        <RawString>215.84:212.94:212.07</RawString>
        <JSON>{"compiler-options":{"compiler-type":"CC","compiler":"gcc","compiler-options":"-lstdc++ -lm"}}</JSON>
      </Entry>
      <Entry>
        <Identifier>debianQEMU11: 2017-04-25</Identifier>
        <Value>227.70</Value>
        <RawString>219.72:217.39:215.98</RawString>
        <JSON>{"compiler-options":{"compiler-type":"CC","compiler":"gcc","compiler-options":"-lstdc++ -lm"}}</JSON>
      </Entry>
    </Data>
  </Result>
  <Result>
    <Identifier>pts/povray-1.1.3</Identifier>
    <Title>POV-Ray</Title>
    <AppVersion>3.7.0</AppVersion>
    <Arguments></Arguments>
    <Description>Total Time</Description>
    <Scale>Seconds</Scale>
    <Proportion>LIB</Proportion>
    <DisplayFormat>BAR_GRAPH</DisplayFormat>
    <Data>
      <Entry>
        <Identifier>debianQEMU16: 2017-04-25</Identifier>
        <Value>1827.31</Value>
        <RawString>2300.433:2291.008:2045.606:1438.879:1445.681:1442.269</RawString>
        <JSON>{"compiler-options":{"compiler-type":"CXX","compiler":"g++","compiler-options":"-pipe -O3 -ffast-math -march=native -pthread -ltiff -ljpeg -lpng -lz -lrt -lm -lboost_thread -lboost_system"}}</JSON>
      </Entry>
      <Entry>
        <Identifier>debianQEMU18: 2017-04-25</Identifier>
        <Value>1925.99</Value>
        <RawString>2285.01:2273.237:2086.933:1437.676:1437.251:1435.844</RawString>
        <JSON>{"compiler-options":{"compiler-type":"CXX","compiler":"g++","compiler-options":"-pipe -O3 -ffast-math -march=native -pthread -ltiff -ljpeg -lpng -lz -lrt -lm -lboost_thread -lboost_system"}}</JSON>
      </Entry>
      <Entry>
        <Identifier>debianQEMU14: 2017-04-25</Identifier>
        <Value>2346.20</Value>
        <RawString>2280.131:2284.798:2173.673</RawString>
        <JSON>{"compiler-options":{"compiler-type":"CXX","compiler":"g++","compiler-options":"-pipe -O3 -ffast-math -march=native -pthread -ltiff -ljpeg -lpng -lz -lrt -lm -lboost_thread -lboost_system"}}</JSON>
      </Entry>
      <Entry>
        <Identifier>debianQEMU1: 2017-04-25</Identifier>
        <Value>2438.39</Value>
        <RawString>2377.757:2363.816:2273.593</RawString>
        <JSON>{"compiler-options":{"compiler-type":"CXX","compiler":"g++","compiler-options":"-pipe -O3 -ffast-math -march=native -pthread -ltiff -ljpeg -lpng -lz -lrt -lm -lboost_thread -lboost_system"}}</JSON>
      </Entry>
      <Entry>
        <Identifier>debianQEMU17: 2017-04-25</Identifier>
        <Value>2371.30</Value>
        <RawString>2259.793:2286.871:2267.247</RawString>
        <JSON>{"compiler-options":{"compiler-type":"CXX","compiler":"g++","compiler-options":"-pipe -O3 -ffast-math -march=native -pthread -ltiff -ljpeg -lpng -lz -lrt -lm -lboost_thread -lboost_system"}}</JSON>
      </Entry>
      <Entry>
        <Identifier>debianQEMU10: 2017-04-25</Identifier>
        <Value>2366.37</Value>
        <RawString>2267.044:2266.229:2265.836</RawString>
        <JSON>{"compiler-options":{"compiler-type":"CXX","compiler":"g++","compiler-options":"-pipe -O3 -ffast-math -march=native -pthread -ltiff -ljpeg -lpng -lz -lrt -lm -lboost_thread -lboost_system"}}</JSON>
      </Entry>
      <Entry>
        <Identifier>debianQEMU12: 2017-04-25</Identifier>
        <Value>2375.83</Value>
        <RawString>2283.047:2273.858:2270.589</RawString>
        <JSON>{"compiler-options":{"compiler-type":"CXX","compiler":"g++","compiler-options":"-pipe -O3 -ffast-math -march=native -pthread -ltiff -ljpeg -lpng -lz -lrt -lm -lboost_thread -lboost_system"}}</JSON>
      </Entry>
      <Entry>
        <Identifier>debianQEMU15: 2017-04-25</Identifier>
        <Value>2373.44</Value>
        <RawString>2269.844:2280.599:2269.866</RawString>
        <JSON>{"compiler-options":{"compiler-type":"CXX","compiler":"g++","compiler-options":"-pipe -O3 -ffast-math -march=native -pthread -ltiff -ljpeg -lpng -lz -lrt -lm -lboost_thread -lboost_system"}}</JSON>
      </Entry>
      <Entry>
        <Identifier>debianQEMU13: 2017-04-25</Identifier>
        <Value>2373.41</Value>
        <RawString>2276.609:2261.74:2281.89</RawString>
        <JSON>{"compiler-options":{"compiler-type":"CXX","compiler":"g++","compiler-options":"-pipe -O3 -ffast-math -march=native -pthread -ltiff -ljpeg -lpng -lz -lrt -lm -lboost_thread -lboost_system"}}</JSON>
      </Entry>
      <Entry>
        <Identifier>debianQEMU11: 2017-04-25</Identifier>
        <Value>2366.31</Value>
        <RawString>2252.641:2276.598:2269.684</RawString>
        <JSON>{"compiler-options":{"compiler-type":"CXX","compiler":"g++","compiler-options":"-pipe -O3 -ffast-math -march=native -pthread -ltiff -ljpeg -lpng -lz -lrt -lm -lboost_thread -lboost_system"}}</JSON>
      </Entry>
    </Data>
  </Result>
</PhoronixTestSuite>
