<?xml version="1.0"?>
<!--Phoronix Test Suite v7.0.1-->
<PhoronixTestSuite>
  <Generated>
    <Title>WEB - jherard - Manual Test Run - 09:38 24 Apr 2017</Title>
    <LastModified>2017-04-24 12:06:02</LastModified>
    <TestClient>Phoronix Test Suite v7.0.1 (Ringsaker)</TestClient>
    <Description>A Phoromatic run.</Description>
  </Generated>
  <System>
    <Identifier>debianQEMU10: jherard - Manual Test Run - 09:38 24 Apr 2017</Identifier>
    <Hardware>Processor: Westmere E56xx/L56xx/X56xx @ 2.13GHz (1 Core), Motherboard: QEMU Standard PC (i440FX + PIIX 1996), Chipset: Intel 440FX- 82441FX PMC, Memory: 1 x 4024 MB RAM QEMU, Disk: 4GB, Graphics: Cirrus Logic GD 5446, Network: Red Hat Virtio device</Hardware>
    <Software>OS: Debian 8.7, Kernel: 3.16.0-4-amd64 (x86_64), File-System: ext4, System Layer: QEMU</Software>
    <User>root</User>
    <TimeStamp>2017-04-24 09:39:01</TimeStamp>
    <TestClientVersion></TestClientVersion>
    <Notes></Notes>
    <JSON>{"compiler-configuration":"--build=x86_64-linux-gnu --disable-browser-plugin --disable-vtable-verify --enable-checking=release --enable-clocale=gnu --enable-gnu-unique-object --enable-gtk-cairo --enable-java-awt=gtk --enable-java-home --enable-languages=c,c++,java,go,d,fortran,objc,obj-c++ --enable-libstdcxx-debug --enable-libstdcxx-time=yes --enable-multiarch --enable-multilib --enable-nls --enable-objc-gc --enable-plugin --enable-shared --enable-threads=posix --host=x86_64-linux-gnu --target=x86_64-linux-gnu --with-abi=m64 --with-arch-32=i586 --with-arch-directory=amd64 --with-multilib-list=m32,m64,mx32 --with-tune=generic -v"}</JSON>
  </System>
  <System>
    <Identifier>debianQEMU21: jherard - Manual Test Run - 09:38 24 Apr 2017</Identifier>
    <Hardware>Processor: Westmere E56xx/L56xx/X56xx @ 2.13GHz (1 Core), Motherboard: QEMU Standard PC (i440FX + PIIX 1996), Chipset: Intel 440FX- 82441FX PMC, Memory: 1 x 4024 MB RAM QEMU, Disk: 4GB, Graphics: Cirrus Logic GD 5446, Network: Red Hat Virtio device</Hardware>
    <Software>OS: Debian 8.7, Kernel: 3.16.0-4-amd64 (x86_64), File-System: ext4, System Layer: QEMU</Software>
    <User>root</User>
    <TimeStamp>2017-04-24 09:39:28</TimeStamp>
    <TestClientVersion></TestClientVersion>
    <Notes></Notes>
    <JSON>{"compiler-configuration":"--build=x86_64-linux-gnu --disable-browser-plugin --disable-vtable-verify --enable-checking=release --enable-clocale=gnu --enable-gnu-unique-object --enable-gtk-cairo --enable-java-awt=gtk --enable-java-home --enable-languages=c,c++,java,go,d,fortran,objc,obj-c++ --enable-libstdcxx-debug --enable-libstdcxx-time=yes --enable-multiarch --enable-multilib --enable-nls --enable-objc-gc --enable-plugin --enable-shared --enable-threads=posix --host=x86_64-linux-gnu --target=x86_64-linux-gnu --with-abi=m64 --with-arch-32=i586 --with-arch-directory=amd64 --with-multilib-list=m32,m64,mx32 --with-tune=generic -v"}</JSON>
  </System>
  <System>
    <Identifier>debianQEMU9: jherard - Manual Test Run - 09:38 24 Apr 2017</Identifier>
    <Hardware>Processor: Westmere E56xx/L56xx/X56xx @ 2.13GHz (1 Core), Motherboard: QEMU Standard PC (i440FX + PIIX 1996), Chipset: Intel 440FX- 82441FX PMC, Memory: 1 x 4024 MB RAM QEMU, Disk: 4GB, Graphics: Cirrus Logic GD 5446, Network: Red Hat Virtio device</Hardware>
    <Software>OS: Debian 8.7, Kernel: 3.16.0-4-amd64 (x86_64), File-System: ext4, System Layer: QEMU</Software>
    <User>root</User>
    <TimeStamp>2017-04-24 09:39:06</TimeStamp>
    <TestClientVersion></TestClientVersion>
    <Notes></Notes>
    <JSON>{"compiler-configuration":"--build=x86_64-linux-gnu --disable-browser-plugin --disable-vtable-verify --enable-checking=release --enable-clocale=gnu --enable-gnu-unique-object --enable-gtk-cairo --enable-java-awt=gtk --enable-java-home --enable-languages=c,c++,java,go,d,fortran,objc,obj-c++ --enable-libstdcxx-debug --enable-libstdcxx-time=yes --enable-multiarch --enable-multilib --enable-nls --enable-objc-gc --enable-plugin --enable-shared --enable-threads=posix --host=x86_64-linux-gnu --target=x86_64-linux-gnu --with-abi=m64 --with-arch-32=i586 --with-arch-directory=amd64 --with-multilib-list=m32,m64,mx32 --with-tune=generic -v"}</JSON>
  </System>
  <System>
    <Identifier>debianQEMU3: jherard - Manual Test Run - 09:38 24 Apr 2017</Identifier>
    <Hardware>Processor: Westmere E56xx/L56xx/X56xx @ 2.13GHz (1 Core), Motherboard: QEMU Standard PC (i440FX + PIIX 1996), Chipset: Intel 440FX- 82441FX PMC, Memory: 1 x 4024 MB RAM QEMU, Disk: 4GB, Graphics: Cirrus Logic GD 5446, Network: Red Hat Virtio device</Hardware>
    <Software>OS: Debian 8.7, Kernel: 3.16.0-4-amd64 (x86_64), File-System: ext4, System Layer: QEMU</Software>
    <User>root</User>
    <TimeStamp>2017-04-24 09:38:43</TimeStamp>
    <TestClientVersion></TestClientVersion>
    <Notes></Notes>
    <JSON>{"compiler-configuration":"--build=x86_64-linux-gnu --disable-browser-plugin --disable-vtable-verify --enable-checking=release --enable-clocale=gnu --enable-gnu-unique-object --enable-gtk-cairo --enable-java-awt=gtk --enable-java-home --enable-languages=c,c++,java,go,d,fortran,objc,obj-c++ --enable-libstdcxx-debug --enable-libstdcxx-time=yes --enable-multiarch --enable-multilib --enable-nls --enable-objc-gc --enable-plugin --enable-shared --enable-threads=posix --host=x86_64-linux-gnu --target=x86_64-linux-gnu --with-abi=m64 --with-arch-32=i586 --with-arch-directory=amd64 --with-multilib-list=m32,m64,mx32 --with-tune=generic -v"}</JSON>
  </System>
  <System>
    <Identifier>debianQEMU11: jherard - Manual Test Run - 09:38 24 Apr 2017</Identifier>
    <Hardware>Processor: Westmere E56xx/L56xx/X56xx @ 2.13GHz (1 Core), Motherboard: QEMU Standard PC (i440FX + PIIX 1996), Chipset: Intel 440FX- 82441FX PMC, Memory: 1 x 4024 MB RAM QEMU, Disk: 4GB, Graphics: Cirrus Logic GD 5446, Network: Red Hat Virtio device</Hardware>
    <Software>OS: Debian 8.7, Kernel: 3.16.0-4-amd64 (x86_64), File-System: ext4, System Layer: QEMU</Software>
    <User>root</User>
    <TimeStamp>2017-04-24 09:39:04</TimeStamp>
    <TestClientVersion></TestClientVersion>
    <Notes></Notes>
    <JSON>{"compiler-configuration":"--build=x86_64-linux-gnu --disable-browser-plugin --disable-vtable-verify --enable-checking=release --enable-clocale=gnu --enable-gnu-unique-object --enable-gtk-cairo --enable-java-awt=gtk --enable-java-home --enable-languages=c,c++,java,go,d,fortran,objc,obj-c++ --enable-libstdcxx-debug --enable-libstdcxx-time=yes --enable-multiarch --enable-multilib --enable-nls --enable-objc-gc --enable-plugin --enable-shared --enable-threads=posix --host=x86_64-linux-gnu --target=x86_64-linux-gnu --with-abi=m64 --with-arch-32=i586 --with-arch-directory=amd64 --with-multilib-list=m32,m64,mx32 --with-tune=generic -v"}</JSON>
  </System>
  <System>
    <Identifier>debianQEMU20: jherard - Manual Test Run - 09:38 24 Apr 2017</Identifier>
    <Hardware>Processor: Westmere E56xx/L56xx/X56xx @ 2.13GHz (1 Core), Motherboard: QEMU Standard PC (i440FX + PIIX 1996), Chipset: Intel 440FX- 82441FX PMC, Memory: 1 x 4024 MB RAM QEMU, Disk: 4GB, Graphics: Cirrus Logic GD 5446, Network: Red Hat Virtio device</Hardware>
    <Software>OS: Debian 8.7, Kernel: 3.16.0-4-amd64 (x86_64), File-System: ext4, System Layer: QEMU</Software>
    <User>root</User>
    <TimeStamp>2017-04-24 09:39:09</TimeStamp>
    <TestClientVersion></TestClientVersion>
    <Notes></Notes>
    <JSON>{"compiler-configuration":"--build=x86_64-linux-gnu --disable-browser-plugin --disable-vtable-verify --enable-checking=release --enable-clocale=gnu --enable-gnu-unique-object --enable-gtk-cairo --enable-java-awt=gtk --enable-java-home --enable-languages=c,c++,java,go,d,fortran,objc,obj-c++ --enable-libstdcxx-debug --enable-libstdcxx-time=yes --enable-multiarch --enable-multilib --enable-nls --enable-objc-gc --enable-plugin --enable-shared --enable-threads=posix --host=x86_64-linux-gnu --target=x86_64-linux-gnu --with-abi=m64 --with-arch-32=i586 --with-arch-directory=amd64 --with-multilib-list=m32,m64,mx32 --with-tune=generic -v"}</JSON>
  </System>
  <System>
    <Identifier>debianQEMU23: jherard - Manual Test Run - 09:38 24 Apr 2017</Identifier>
    <Hardware>Processor: Westmere E56xx/L56xx/X56xx @ 2.13GHz (1 Core), Motherboard: QEMU Standard PC (i440FX + PIIX 1996), Chipset: Intel 440FX- 82441FX PMC, Memory: 1 x 4024 MB RAM QEMU, Disk: 4GB, Graphics: Cirrus Logic GD 5446, Network: Red Hat Virtio device</Hardware>
    <Software>OS: Debian 8.7, Kernel: 3.16.0-4-amd64 (x86_64), File-System: ext4, System Layer: QEMU</Software>
    <User>root</User>
    <TimeStamp>2017-04-24 09:39:22</TimeStamp>
    <TestClientVersion></TestClientVersion>
    <Notes></Notes>
    <JSON>{"compiler-configuration":"--build=x86_64-linux-gnu --disable-browser-plugin --disable-vtable-verify --enable-checking=release --enable-clocale=gnu --enable-gnu-unique-object --enable-gtk-cairo --enable-java-awt=gtk --enable-java-home --enable-languages=c,c++,java,go,d,fortran,objc,obj-c++ --enable-libstdcxx-debug --enable-libstdcxx-time=yes --enable-multiarch --enable-multilib --enable-nls --enable-objc-gc --enable-plugin --enable-shared --enable-threads=posix --host=x86_64-linux-gnu --target=x86_64-linux-gnu --with-abi=m64 --with-arch-32=i586 --with-arch-directory=amd64 --with-multilib-list=m32,m64,mx32 --with-tune=generic -v"}</JSON>
  </System>
  <System>
    <Identifier>debianQEMU8: jherard - Manual Test Run - 09:38 24 Apr 2017</Identifier>
    <Hardware>Processor: Westmere E56xx/L56xx/X56xx @ 2.13GHz (1 Core), Motherboard: QEMU Standard PC (i440FX + PIIX 1996), Chipset: Intel 440FX- 82441FX PMC, Memory: 1 x 4024 MB RAM QEMU, Disk: 4GB, Graphics: Cirrus Logic GD 5446, Network: Red Hat Virtio device</Hardware>
    <Software>OS: Debian 8.7, Kernel: 3.16.0-4-amd64 (x86_64), File-System: ext4, System Layer: QEMU</Software>
    <User>root</User>
    <TimeStamp>2017-04-24 09:39:09</TimeStamp>
    <TestClientVersion></TestClientVersion>
    <Notes></Notes>
    <JSON>{"compiler-configuration":"--build=x86_64-linux-gnu --disable-browser-plugin --disable-vtable-verify --enable-checking=release --enable-clocale=gnu --enable-gnu-unique-object --enable-gtk-cairo --enable-java-awt=gtk --enable-java-home --enable-languages=c,c++,java,go,d,fortran,objc,obj-c++ --enable-libstdcxx-debug --enable-libstdcxx-time=yes --enable-multiarch --enable-multilib --enable-nls --enable-objc-gc --enable-plugin --enable-shared --enable-threads=posix --host=x86_64-linux-gnu --target=x86_64-linux-gnu --with-abi=m64 --with-arch-32=i586 --with-arch-directory=amd64 --with-multilib-list=m32,m64,mx32 --with-tune=generic -v"}</JSON>
  </System>
  <System>
    <Identifier>debianQEMU18: jherard - Manual Test Run - 09:38 24 Apr 2017</Identifier>
    <Hardware>Processor: Westmere E56xx/L56xx/X56xx @ 2.13GHz (1 Core), Motherboard: QEMU Standard PC (i440FX + PIIX 1996), Chipset: Intel 440FX- 82441FX PMC, Memory: 1 x 4024 MB RAM QEMU, Disk: 4GB, Graphics: Cirrus Logic GD 5446, Network: Red Hat Virtio device</Hardware>
    <Software>OS: Debian 8.7, Kernel: 3.16.0-4-amd64 (x86_64), File-System: ext4, System Layer: QEMU</Software>
    <User>root</User>
    <TimeStamp>2017-04-24 09:38:49</TimeStamp>
    <TestClientVersion></TestClientVersion>
    <Notes></Notes>
    <JSON>{"compiler-configuration":"--build=x86_64-linux-gnu --disable-browser-plugin --disable-vtable-verify --enable-checking=release --enable-clocale=gnu --enable-gnu-unique-object --enable-gtk-cairo --enable-java-awt=gtk --enable-java-home --enable-languages=c,c++,java,go,d,fortran,objc,obj-c++ --enable-libstdcxx-debug --enable-libstdcxx-time=yes --enable-multiarch --enable-multilib --enable-nls --enable-objc-gc --enable-plugin --enable-shared --enable-threads=posix --host=x86_64-linux-gnu --target=x86_64-linux-gnu --with-abi=m64 --with-arch-32=i586 --with-arch-directory=amd64 --with-multilib-list=m32,m64,mx32 --with-tune=generic -v"}</JSON>
  </System>
  <System>
    <Identifier>debianQEMU25: jherard - Manual Test Run - 09:38 24 Apr 2017</Identifier>
    <Hardware>Processor: Westmere E56xx/L56xx/X56xx @ 2.13GHz (1 Core), Motherboard: QEMU Standard PC (i440FX + PIIX 1996), Chipset: Intel 440FX- 82441FX PMC, Memory: 1 x 4024 MB RAM QEMU, Disk: 4GB, Graphics: Cirrus Logic GD 5446, Network: Red Hat Virtio device</Hardware>
    <Software>OS: Debian 8.7, Kernel: 3.16.0-4-amd64 (x86_64), File-System: ext4, System Layer: QEMU</Software>
    <User>root</User>
    <TimeStamp>2017-04-24 09:39:23</TimeStamp>
    <TestClientVersion></TestClientVersion>
    <Notes></Notes>
    <JSON>{"compiler-configuration":"--build=x86_64-linux-gnu --disable-browser-plugin --disable-vtable-verify --enable-checking=release --enable-clocale=gnu --enable-gnu-unique-object --enable-gtk-cairo --enable-java-awt=gtk --enable-java-home --enable-languages=c,c++,java,go,d,fortran,objc,obj-c++ --enable-libstdcxx-debug --enable-libstdcxx-time=yes --enable-multiarch --enable-multilib --enable-nls --enable-objc-gc --enable-plugin --enable-shared --enable-threads=posix --host=x86_64-linux-gnu --target=x86_64-linux-gnu --with-abi=m64 --with-arch-32=i586 --with-arch-directory=amd64 --with-multilib-list=m32,m64,mx32 --with-tune=generic -v"}</JSON>
  </System>
  <System>
    <Identifier>debianQEMU6: jherard - Manual Test Run - 09:38 24 Apr 2017</Identifier>
    <Hardware>Processor: Westmere E56xx/L56xx/X56xx @ 2.13GHz (1 Core), Motherboard: QEMU Standard PC (i440FX + PIIX 1996), Chipset: Intel 440FX- 82441FX PMC, Memory: 1 x 4024 MB RAM QEMU, Disk: 4GB, Graphics: Cirrus Logic GD 5446, Network: Red Hat Virtio device</Hardware>
    <Software>OS: Debian 8.7, Kernel: 3.16.0-4-amd64 (x86_64), File-System: ext4, System Layer: QEMU</Software>
    <User>root</User>
    <TimeStamp>2017-04-24 09:39:13</TimeStamp>
    <TestClientVersion></TestClientVersion>
    <Notes></Notes>
    <JSON>{"compiler-configuration":"--build=x86_64-linux-gnu --disable-browser-plugin --disable-vtable-verify --enable-checking=release --enable-clocale=gnu --enable-gnu-unique-object --enable-gtk-cairo --enable-java-awt=gtk --enable-java-home --enable-languages=c,c++,java,go,d,fortran,objc,obj-c++ --enable-libstdcxx-debug --enable-libstdcxx-time=yes --enable-multiarch --enable-multilib --enable-nls --enable-objc-gc --enable-plugin --enable-shared --enable-threads=posix --host=x86_64-linux-gnu --target=x86_64-linux-gnu --with-abi=m64 --with-arch-32=i586 --with-arch-directory=amd64 --with-multilib-list=m32,m64,mx32 --with-tune=generic -v"}</JSON>
  </System>
  <System>
    <Identifier>debianQEMU7: jherard - Manual Test Run - 09:38 24 Apr 2017</Identifier>
    <Hardware>Processor: Westmere E56xx/L56xx/X56xx @ 2.13GHz (1 Core), Motherboard: QEMU Standard PC (i440FX + PIIX 1996), Chipset: Intel 440FX- 82441FX PMC, Memory: 1 x 4024 MB RAM QEMU, Disk: 4GB, Graphics: Cirrus Logic GD 5446, Network: Red Hat Virtio device</Hardware>
    <Software>OS: Debian 8.7, Kernel: 3.16.0-4-amd64 (x86_64), File-System: ext4, System Layer: QEMU</Software>
    <User>root</User>
    <TimeStamp>2017-04-24 09:39:22</TimeStamp>
    <TestClientVersion></TestClientVersion>
    <Notes></Notes>
    <JSON>{"compiler-configuration":"--build=x86_64-linux-gnu --disable-browser-plugin --disable-vtable-verify --enable-checking=release --enable-clocale=gnu --enable-gnu-unique-object --enable-gtk-cairo --enable-java-awt=gtk --enable-java-home --enable-languages=c,c++,java,go,d,fortran,objc,obj-c++ --enable-libstdcxx-debug --enable-libstdcxx-time=yes --enable-multiarch --enable-multilib --enable-nls --enable-objc-gc --enable-plugin --enable-shared --enable-threads=posix --host=x86_64-linux-gnu --target=x86_64-linux-gnu --with-abi=m64 --with-arch-32=i586 --with-arch-directory=amd64 --with-multilib-list=m32,m64,mx32 --with-tune=generic -v"}</JSON>
  </System>
  <System>
    <Identifier>debianQEMU19: jherard - Manual Test Run - 09:38 24 Apr 2017</Identifier>
    <Hardware>Processor: Westmere E56xx/L56xx/X56xx @ 2.13GHz (1 Core), Motherboard: QEMU Standard PC (i440FX + PIIX 1996), Chipset: Intel 440FX- 82441FX PMC, Memory: 1 x 4024 MB RAM QEMU, Disk: 4GB, Graphics: Cirrus Logic GD 5446, Network: Red Hat Virtio device</Hardware>
    <Software>OS: Debian 8.7, Kernel: 3.16.0-4-amd64 (x86_64), File-System: ext4, System Layer: QEMU</Software>
    <User>root</User>
    <TimeStamp>2017-04-24 09:39:16</TimeStamp>
    <TestClientVersion></TestClientVersion>
    <Notes></Notes>
    <JSON>{"compiler-configuration":"--build=x86_64-linux-gnu --disable-browser-plugin --disable-vtable-verify --enable-checking=release --enable-clocale=gnu --enable-gnu-unique-object --enable-gtk-cairo --enable-java-awt=gtk --enable-java-home --enable-languages=c,c++,java,go,d,fortran,objc,obj-c++ --enable-libstdcxx-debug --enable-libstdcxx-time=yes --enable-multiarch --enable-multilib --enable-nls --enable-objc-gc --enable-plugin --enable-shared --enable-threads=posix --host=x86_64-linux-gnu --target=x86_64-linux-gnu --with-abi=m64 --with-arch-32=i586 --with-arch-directory=amd64 --with-multilib-list=m32,m64,mx32 --with-tune=generic -v"}</JSON>
  </System>
  <System>
    <Identifier>debianQEMU13: jherard - Manual Test Run - 09:38 24 Apr 2017</Identifier>
    <Hardware>Processor: Westmere E56xx/L56xx/X56xx @ 2.13GHz (1 Core), Motherboard: QEMU Standard PC (i440FX + PIIX 1996), Chipset: Intel 440FX- 82441FX PMC, Memory: 1 x 4024 MB RAM QEMU, Disk: 4GB, Graphics: Cirrus Logic GD 5446, Network: Red Hat Virtio device</Hardware>
    <Software>OS: Debian 8.7, Kernel: 3.16.0-4-amd64 (x86_64), File-System: ext4, System Layer: QEMU</Software>
    <User>root</User>
    <TimeStamp>2017-04-24 09:39:09</TimeStamp>
    <TestClientVersion></TestClientVersion>
    <Notes></Notes>
    <JSON>{"compiler-configuration":"--build=x86_64-linux-gnu --disable-browser-plugin --disable-vtable-verify --enable-checking=release --enable-clocale=gnu --enable-gnu-unique-object --enable-gtk-cairo --enable-java-awt=gtk --enable-java-home --enable-languages=c,c++,java,go,d,fortran,objc,obj-c++ --enable-libstdcxx-debug --enable-libstdcxx-time=yes --enable-multiarch --enable-multilib --enable-nls --enable-objc-gc --enable-plugin --enable-shared --enable-threads=posix --host=x86_64-linux-gnu --target=x86_64-linux-gnu --with-abi=m64 --with-arch-32=i586 --with-arch-directory=amd64 --with-multilib-list=m32,m64,mx32 --with-tune=generic -v"}</JSON>
  </System>
  <System>
    <Identifier>debianQEMU14: jherard - Manual Test Run - 09:38 24 Apr 2017</Identifier>
    <Hardware>Processor: Westmere E56xx/L56xx/X56xx @ 2.13GHz (1 Core), Motherboard: QEMU Standard PC (i440FX + PIIX 1996), Chipset: Intel 440FX- 82441FX PMC, Memory: 1 x 4024 MB RAM QEMU, Disk: 4GB, Graphics: Cirrus Logic GD 5446, Network: Red Hat Virtio device</Hardware>
    <Software>OS: Debian 8.7, Kernel: 3.16.0-4-amd64 (x86_64), File-System: ext4, System Layer: QEMU</Software>
    <User>root</User>
    <TimeStamp>2017-04-24 09:39:32</TimeStamp>
    <TestClientVersion></TestClientVersion>
    <Notes></Notes>
    <JSON>{"compiler-configuration":"--build=x86_64-linux-gnu --disable-browser-plugin --disable-vtable-verify --enable-checking=release --enable-clocale=gnu --enable-gnu-unique-object --enable-gtk-cairo --enable-java-awt=gtk --enable-java-home --enable-languages=c,c++,java,go,d,fortran,objc,obj-c++ --enable-libstdcxx-debug --enable-libstdcxx-time=yes --enable-multiarch --enable-multilib --enable-nls --enable-objc-gc --enable-plugin --enable-shared --enable-threads=posix --host=x86_64-linux-gnu --target=x86_64-linux-gnu --with-abi=m64 --with-arch-32=i586 --with-arch-directory=amd64 --with-multilib-list=m32,m64,mx32 --with-tune=generic -v"}</JSON>
  </System>
  <System>
    <Identifier>debianQEMU1: jherard - Manual Test Run - 09:38 24 Apr 2017</Identifier>
    <Hardware>Processor: Westmere E56xx/L56xx/X56xx @ 2.13GHz (1 Core), Motherboard: QEMU Standard PC (i440FX + PIIX 1996), Chipset: Intel 440FX- 82441FX PMC, Memory: 1 x 4000 MB RAM QEMU, Disk: 4GB, Graphics: Red Hat QXL paravirtual graphic card, Audio: Intel 82801FB/FBM/FR/FW/FRW, Network: Red Hat Virtio device</Hardware>
    <Software>OS: Debian 8.7, Kernel: 3.16.0-4-amd64 (x86_64), File-System: ext4, System Layer: QEMU</Software>
    <User>root</User>
    <TimeStamp>2017-04-24 09:39:22</TimeStamp>
    <TestClientVersion></TestClientVersion>
    <Notes></Notes>
    <JSON>{"compiler-configuration":"--build=x86_64-linux-gnu --disable-browser-plugin --disable-vtable-verify --enable-checking=release --enable-clocale=gnu --enable-gnu-unique-object --enable-gtk-cairo --enable-java-awt=gtk --enable-java-home --enable-languages=c,c++,java,go,d,fortran,objc,obj-c++ --enable-libstdcxx-debug --enable-libstdcxx-time=yes --enable-multiarch --enable-multilib --enable-nls --enable-objc-gc --enable-plugin --enable-shared --enable-threads=posix --host=x86_64-linux-gnu --target=x86_64-linux-gnu --with-abi=m64 --with-arch-32=i586 --with-arch-directory=amd64 --with-multilib-list=m32,m64,mx32 --with-tune=generic -v"}</JSON>
  </System>
  <System>
    <Identifier>debianQEMU17: jherard - Manual Test Run - 09:38 24 Apr 2017</Identifier>
    <Hardware>Processor: Westmere E56xx/L56xx/X56xx @ 2.13GHz (1 Core), Motherboard: QEMU Standard PC (i440FX + PIIX 1996), Chipset: Intel 440FX- 82441FX PMC, Memory: 1 x 4024 MB RAM QEMU, Disk: 4GB, Graphics: Cirrus Logic GD 5446, Network: Red Hat Virtio device</Hardware>
    <Software>OS: Debian 8.7, Kernel: 3.16.0-4-amd64 (x86_64), File-System: ext4, System Layer: QEMU</Software>
    <User>root</User>
    <TimeStamp>2017-04-24 09:39:20</TimeStamp>
    <TestClientVersion></TestClientVersion>
    <Notes></Notes>
    <JSON>{"compiler-configuration":"--build=x86_64-linux-gnu --disable-browser-plugin --disable-vtable-verify --enable-checking=release --enable-clocale=gnu --enable-gnu-unique-object --enable-gtk-cairo --enable-java-awt=gtk --enable-java-home --enable-languages=c,c++,java,go,d,fortran,objc,obj-c++ --enable-libstdcxx-debug --enable-libstdcxx-time=yes --enable-multiarch --enable-multilib --enable-nls --enable-objc-gc --enable-plugin --enable-shared --enable-threads=posix --host=x86_64-linux-gnu --target=x86_64-linux-gnu --with-abi=m64 --with-arch-32=i586 --with-arch-directory=amd64 --with-multilib-list=m32,m64,mx32 --with-tune=generic -v"}</JSON>
  </System>
  <System>
    <Identifier>debianQEMU2: jherard - Manual Test Run - 09:38 24 Apr 2017</Identifier>
    <Hardware>Processor: Westmere E56xx/L56xx/X56xx @ 2.13GHz (1 Core), Motherboard: QEMU Standard PC (i440FX + PIIX 1996), Chipset: Intel 440FX- 82441FX PMC, Memory: 1 x 4000 MB RAM QEMU, Disk: 4GB, Graphics: Red Hat QXL paravirtual graphic card, Audio: Intel 82801FB/FBM/FR/FW/FRW, Network: Red Hat Virtio device</Hardware>
    <Software>OS: Debian 8.7, Kernel: 3.16.0-4-amd64 (x86_64), File-System: ext4, System Layer: QEMU</Software>
    <User>root</User>
    <TimeStamp>2017-04-24 09:39:28</TimeStamp>
    <TestClientVersion></TestClientVersion>
    <Notes></Notes>
    <JSON>{"compiler-configuration":"--build=x86_64-linux-gnu --disable-browser-plugin --disable-vtable-verify --enable-checking=release --enable-clocale=gnu --enable-gnu-unique-object --enable-gtk-cairo --enable-java-awt=gtk --enable-java-home --enable-languages=c,c++,java,go,d,fortran,objc,obj-c++ --enable-libstdcxx-debug --enable-libstdcxx-time=yes --enable-multiarch --enable-multilib --enable-nls --enable-objc-gc --enable-plugin --enable-shared --enable-threads=posix --host=x86_64-linux-gnu --target=x86_64-linux-gnu --with-abi=m64 --with-arch-32=i586 --with-arch-directory=amd64 --with-multilib-list=m32,m64,mx32 --with-tune=generic -v"}</JSON>
  </System>
  <System>
    <Identifier>debianQEMU5: jherard - Manual Test Run - 09:38 24 Apr 2017</Identifier>
    <Hardware>Processor: Westmere E56xx/L56xx/X56xx @ 2.13GHz (1 Core), Motherboard: QEMU Standard PC (i440FX + PIIX 1996), Chipset: Intel 440FX- 82441FX PMC, Memory: 1 x 4024 MB RAM QEMU, Disk: 4GB, Graphics: Cirrus Logic GD 5446, Network: Red Hat Virtio device</Hardware>
    <Software>OS: Debian 8.7, Kernel: 3.16.0-4-amd64 (x86_64), File-System: ext4, System Layer: QEMU</Software>
    <User>root</User>
    <TimeStamp>2017-04-24 09:39:28</TimeStamp>
    <TestClientVersion></TestClientVersion>
    <Notes></Notes>
    <JSON>{"compiler-configuration":"--build=x86_64-linux-gnu --disable-browser-plugin --disable-vtable-verify --enable-checking=release --enable-clocale=gnu --enable-gnu-unique-object --enable-gtk-cairo --enable-java-awt=gtk --enable-java-home --enable-languages=c,c++,java,go,d,fortran,objc,obj-c++ --enable-libstdcxx-debug --enable-libstdcxx-time=yes --enable-multiarch --enable-multilib --enable-nls --enable-objc-gc --enable-plugin --enable-shared --enable-threads=posix --host=x86_64-linux-gnu --target=x86_64-linux-gnu --with-abi=m64 --with-arch-32=i586 --with-arch-directory=amd64 --with-multilib-list=m32,m64,mx32 --with-tune=generic -v"}</JSON>
  </System>
  <System>
    <Identifier>debianQEMU12: jherard - Manual Test Run - 09:38 24 Apr 2017</Identifier>
    <Hardware>Processor: Westmere E56xx/L56xx/X56xx @ 2.13GHz (1 Core), Motherboard: QEMU Standard PC (i440FX + PIIX 1996), Chipset: Intel 440FX- 82441FX PMC, Memory: 1 x 4024 MB RAM QEMU, Disk: 4GB, Graphics: Cirrus Logic GD 5446, Network: Red Hat Virtio device</Hardware>
    <Software>OS: Debian 8.7, Kernel: 3.16.0-4-amd64 (x86_64), File-System: ext4, System Layer: QEMU</Software>
    <User>root</User>
    <TimeStamp>2017-04-24 09:39:04</TimeStamp>
    <TestClientVersion></TestClientVersion>
    <Notes></Notes>
    <JSON>{"compiler-configuration":"--build=x86_64-linux-gnu --disable-browser-plugin --disable-vtable-verify --enable-checking=release --enable-clocale=gnu --enable-gnu-unique-object --enable-gtk-cairo --enable-java-awt=gtk --enable-java-home --enable-languages=c,c++,java,go,d,fortran,objc,obj-c++ --enable-libstdcxx-debug --enable-libstdcxx-time=yes --enable-multiarch --enable-multilib --enable-nls --enable-objc-gc --enable-plugin --enable-shared --enable-threads=posix --host=x86_64-linux-gnu --target=x86_64-linux-gnu --with-abi=m64 --with-arch-32=i586 --with-arch-directory=amd64 --with-multilib-list=m32,m64,mx32 --with-tune=generic -v"}</JSON>
  </System>
  <System>
    <Identifier>debianQEMU15: jherard - Manual Test Run - 09:38 24 Apr 2017</Identifier>
    <Hardware>Processor: Westmere E56xx/L56xx/X56xx @ 2.13GHz (1 Core), Motherboard: QEMU Standard PC (i440FX + PIIX 1996), Chipset: Intel 440FX- 82441FX PMC, Memory: 1 x 4024 MB RAM QEMU, Disk: 4GB, Graphics: Cirrus Logic GD 5446, Network: Red Hat Virtio device</Hardware>
    <Software>OS: Debian 8.7, Kernel: 3.16.0-4-amd64 (x86_64), File-System: ext4, System Layer: QEMU</Software>
    <User>root</User>
    <TimeStamp>2017-04-24 09:39:05</TimeStamp>
    <TestClientVersion></TestClientVersion>
    <Notes></Notes>
    <JSON>{"compiler-configuration":"--build=x86_64-linux-gnu --disable-browser-plugin --disable-vtable-verify --enable-checking=release --enable-clocale=gnu --enable-gnu-unique-object --enable-gtk-cairo --enable-java-awt=gtk --enable-java-home --enable-languages=c,c++,java,go,d,fortran,objc,obj-c++ --enable-libstdcxx-debug --enable-libstdcxx-time=yes --enable-multiarch --enable-multilib --enable-nls --enable-objc-gc --enable-plugin --enable-shared --enable-threads=posix --host=x86_64-linux-gnu --target=x86_64-linux-gnu --with-abi=m64 --with-arch-32=i586 --with-arch-directory=amd64 --with-multilib-list=m32,m64,mx32 --with-tune=generic -v"}</JSON>
  </System>
  <System>
    <Identifier>debianQEMU22: jherard - Manual Test Run - 09:38 24 Apr 2017</Identifier>
    <Hardware>Processor: Westmere E56xx/L56xx/X56xx @ 2.13GHz (1 Core), Motherboard: QEMU Standard PC (i440FX + PIIX 1996), Chipset: Intel 440FX- 82441FX PMC, Memory: 1 x 4024 MB RAM QEMU, Disk: 4GB, Graphics: Cirrus Logic GD 5446, Network: Red Hat Virtio device</Hardware>
    <Software>OS: Debian 8.7, Kernel: 3.16.0-4-amd64 (x86_64), File-System: ext4, System Layer: QEMU</Software>
    <User>root</User>
    <TimeStamp>2017-04-24 09:39:17</TimeStamp>
    <TestClientVersion></TestClientVersion>
    <Notes></Notes>
    <JSON>{"compiler-configuration":"--build=x86_64-linux-gnu --disable-browser-plugin --disable-vtable-verify --enable-checking=release --enable-clocale=gnu --enable-gnu-unique-object --enable-gtk-cairo --enable-java-awt=gtk --enable-java-home --enable-languages=c,c++,java,go,d,fortran,objc,obj-c++ --enable-libstdcxx-debug --enable-libstdcxx-time=yes --enable-multiarch --enable-multilib --enable-nls --enable-objc-gc --enable-plugin --enable-shared --enable-threads=posix --host=x86_64-linux-gnu --target=x86_64-linux-gnu --with-abi=m64 --with-arch-32=i586 --with-arch-directory=amd64 --with-multilib-list=m32,m64,mx32 --with-tune=generic -v"}</JSON>
  </System>
  <System>
    <Identifier>debianQEMU24: jherard - Manual Test Run - 09:38 24 Apr 2017</Identifier>
    <Hardware>Processor: Westmere E56xx/L56xx/X56xx @ 2.13GHz (1 Core), Motherboard: QEMU Standard PC (i440FX + PIIX 1996), Chipset: Intel 440FX- 82441FX PMC, Memory: 1 x 4024 MB RAM QEMU, Disk: 4GB, Graphics: Cirrus Logic GD 5446, Network: Red Hat Virtio device</Hardware>
    <Software>OS: Debian 8.7, Kernel: 3.16.0-4-amd64 (x86_64), Compiler: GCC 4.9.2, File-System: ext4, System Layer: QEMU</Software>
    <User>root</User>
    <TimeStamp>2017-04-24 09:39:19</TimeStamp>
    <TestClientVersion></TestClientVersion>
    <Notes></Notes>
    <JSON>{"compiler-configuration":"--build=x86_64-linux-gnu --disable-browser-plugin --disable-vtable-verify --enable-checking=release --enable-clocale=gnu --enable-gnu-unique-object --enable-gtk-cairo --enable-java-awt=gtk --enable-java-home --enable-languages=c,c++,java,go,d,fortran,objc,obj-c++ --enable-libstdcxx-debug --enable-libstdcxx-time=yes --enable-multiarch --enable-multilib --enable-nls --enable-objc-gc --enable-plugin --enable-shared --enable-threads=posix --host=x86_64-linux-gnu --target=x86_64-linux-gnu --with-abi=m64 --with-arch-32=i586 --with-arch-directory=amd64 --with-multilib-list=m32,m64,mx32 --with-tune=generic -v"}</JSON>
  </System>
  <System>
    <Identifier>debianQEMU16: jherard - Manual Test Run - 09:38 24 Apr 2017</Identifier>
    <Hardware>Processor: Westmere E56xx/L56xx/X56xx @ 2.13GHz (1 Core), Motherboard: QEMU Standard PC (i440FX + PIIX 1996), Chipset: Intel 440FX- 82441FX PMC, Memory: 1 x 4024 MB RAM QEMU, Disk: 4GB, Graphics: Cirrus Logic GD 5446, Network: Red Hat Virtio device</Hardware>
    <Software>OS: Debian 8.7, Kernel: 3.16.0-4-amd64 (x86_64), File-System: ext4, System Layer: QEMU</Software>
    <User>root</User>
    <TimeStamp>2017-04-24 09:39:04</TimeStamp>
    <TestClientVersion></TestClientVersion>
    <Notes></Notes>
    <JSON>{"compiler-configuration":"--build=x86_64-linux-gnu --disable-browser-plugin --disable-vtable-verify --enable-checking=release --enable-clocale=gnu --enable-gnu-unique-object --enable-gtk-cairo --enable-java-awt=gtk --enable-java-home --enable-languages=c,c++,java,go,d,fortran,objc,obj-c++ --enable-libstdcxx-debug --enable-libstdcxx-time=yes --enable-multiarch --enable-multilib --enable-nls --enable-objc-gc --enable-plugin --enable-shared --enable-threads=posix --host=x86_64-linux-gnu --target=x86_64-linux-gnu --with-abi=m64 --with-arch-32=i586 --with-arch-directory=amd64 --with-multilib-list=m32,m64,mx32 --with-tune=generic -v"}</JSON>
  </System>
  <System>
    <Identifier>debianQEMU4: jherard - Manual Test Run - 09:38 24 Apr 2017</Identifier>
    <Hardware>Processor: Westmere E56xx/L56xx/X56xx @ 2.13GHz (1 Core), Motherboard: QEMU Standard PC (i440FX + PIIX 1996), Chipset: Intel 440FX- 82441FX PMC, Memory: 1 x 4024 MB RAM QEMU, Disk: 4GB, Graphics: Cirrus Logic GD 5446, Network: Red Hat Virtio device</Hardware>
    <Software>OS: Debian 8.7, Kernel: 3.16.0-4-amd64 (x86_64), File-System: ext4, System Layer: QEMU</Software>
    <User>root</User>
    <TimeStamp>2017-04-24 09:38:55</TimeStamp>
    <TestClientVersion></TestClientVersion>
    <Notes></Notes>
    <JSON>{"compiler-configuration":"--build=x86_64-linux-gnu --disable-browser-plugin --disable-vtable-verify --enable-checking=release --enable-clocale=gnu --enable-gnu-unique-object --enable-gtk-cairo --enable-java-awt=gtk --enable-java-home --enable-languages=c,c++,java,go,d,fortran,objc,obj-c++ --enable-libstdcxx-debug --enable-libstdcxx-time=yes --enable-multiarch --enable-multilib --enable-nls --enable-objc-gc --enable-plugin --enable-shared --enable-threads=posix --host=x86_64-linux-gnu --target=x86_64-linux-gnu --with-abi=m64 --with-arch-32=i586 --with-arch-directory=amd64 --with-multilib-list=m32,m64,mx32 --with-tune=generic -v"}</JSON>
  </System>
  <Result>
    <Identifier>pts/apache-1.6.1</Identifier>
    <Title>Apache Benchmark</Title>
    <AppVersion>2.4.7</AppVersion>
    <Arguments></Arguments>
    <Description>Static Web Page Serving</Description>
    <Scale>Requests Per Second</Scale>
    <Proportion>HIB</Proportion>
    <DisplayFormat>BAR_GRAPH</DisplayFormat>
    <Data>
      <Entry>
        <Identifier>debianQEMU10: jherard - Manual Test Run - 09:38 24 Apr 2017</Identifier>
        <Value>1597.23</Value>
        <RawString>1406.23:1307.07:1468.84:1931.98:1935.97:2133.29</RawString>
        <JSON>{"compiler-options":{"compiler-type":"CC","compiler":"gcc","compiler-options":"-shared -fPIC -O2 -pthread"}}</JSON>
      </Entry>
      <Entry>
        <Identifier>debianQEMU21: jherard - Manual Test Run - 09:38 24 Apr 2017</Identifier>
        <Value>1609.77</Value>
        <RawString>1316.55:1427.26:1370.08:1989.91:1932.88:2221.93</RawString>
        <JSON>{"compiler-options":{"compiler-type":"CC","compiler":"gcc","compiler-options":"-shared -fPIC -O2 -pthread"}}</JSON>
      </Entry>
      <Entry>
        <Identifier>debianQEMU9: jherard - Manual Test Run - 09:38 24 Apr 2017</Identifier>
        <Value>1619.09</Value>
        <RawString>1360.02:1309.99:1454.18:1982.88:1966.64:2240.85</RawString>
        <JSON>{"compiler-options":{"compiler-type":"CC","compiler":"gcc","compiler-options":"-shared -fPIC -O2 -pthread"}}</JSON>
      </Entry>
      <Entry>
        <Identifier>debianQEMU3: jherard - Manual Test Run - 09:38 24 Apr 2017</Identifier>
        <Value>1597.01</Value>
        <RawString>1567.6:1335.95:1364.33:1801.86:1993.44:2118.9</RawString>
        <JSON>{"compiler-options":{"compiler-type":"CC","compiler":"gcc","compiler-options":"-shared -fPIC -O2 -pthread"}}</JSON>
      </Entry>
      <Entry>
        <Identifier>debianQEMU11: jherard - Manual Test Run - 09:38 24 Apr 2017</Identifier>
        <Value>1596.76</Value>
        <RawString>1365.85:1369.48:1477.17:1839.46:1919.08:2209.51</RawString>
        <JSON>{"compiler-options":{"compiler-type":"CC","compiler":"gcc","compiler-options":"-shared -fPIC -O2 -pthread"}}</JSON>
      </Entry>
      <Entry>
        <Identifier>debianQEMU20: jherard - Manual Test Run - 09:38 24 Apr 2017</Identifier>
        <Value>1604.30</Value>
        <RawString>1498.57:1387.63:1370.49:1896.35:1897.05:2175.73</RawString>
        <JSON>{"compiler-options":{"compiler-type":"CC","compiler":"gcc","compiler-options":"-shared -fPIC -O2 -pthread"}}</JSON>
      </Entry>
      <Entry>
        <Identifier>debianQEMU23: jherard - Manual Test Run - 09:38 24 Apr 2017</Identifier>
        <Value>1260.16</Value>
        <RawString>1325.5:1349.2:1405.77</RawString>
        <JSON>{"compiler-options":{"compiler-type":"CC","compiler":"gcc","compiler-options":"-shared -fPIC -O2 -pthread"}}</JSON>
      </Entry>
      <Entry>
        <Identifier>debianQEMU8: jherard - Manual Test Run - 09:38 24 Apr 2017</Identifier>
        <Value>1263.82</Value>
        <RawString>1344.13:1402.11:1345.23</RawString>
        <JSON>{"compiler-options":{"compiler-type":"CC","compiler":"gcc","compiler-options":"-shared -fPIC -O2 -pthread"}}</JSON>
      </Entry>
      <Entry>
        <Identifier>debianQEMU18: jherard - Manual Test Run - 09:38 24 Apr 2017</Identifier>
        <Value>1611.22</Value>
        <RawString>1629.83:1404.85:1445.64:1756.68:1989.61:2040.68</RawString>
        <JSON>{"compiler-options":{"compiler-type":"CC","compiler":"gcc","compiler-options":"-shared -fPIC -O2 -pthread"}}</JSON>
      </Entry>
      <Entry>
        <Identifier>debianQEMU25: jherard - Manual Test Run - 09:38 24 Apr 2017</Identifier>
        <Value>1268.23</Value>
        <RawString>1368.58:1382.31:1353.8</RawString>
        <JSON>{"compiler-options":{"compiler-type":"CC","compiler":"gcc","compiler-options":"-shared -fPIC -O2 -pthread"}}</JSON>
      </Entry>
      <Entry>
        <Identifier>debianQEMU6: jherard - Manual Test Run - 09:38 24 Apr 2017</Identifier>
        <Value>1253.12</Value>
        <RawString>1331.08:1377.78:1350.5</RawString>
        <JSON>{"compiler-options":{"compiler-type":"CC","compiler":"gcc","compiler-options":"-shared -fPIC -O2 -pthread"}}</JSON>
      </Entry>
      <Entry>
        <Identifier>debianQEMU7: jherard - Manual Test Run - 09:38 24 Apr 2017</Identifier>
        <Value>1257.11</Value>
        <RawString>1321.72:1344.39:1405.21</RawString>
        <JSON>{"compiler-options":{"compiler-type":"CC","compiler":"gcc","compiler-options":"-shared -fPIC -O2 -pthread"}}</JSON>
      </Entry>
      <Entry>
        <Identifier>debianQEMU19: jherard - Manual Test Run - 09:38 24 Apr 2017</Identifier>
        <Value>1282.54</Value>
        <RawString>1377.82:1392.24:1377.55</RawString>
        <JSON>{"compiler-options":{"compiler-type":"CC","compiler":"gcc","compiler-options":"-shared -fPIC -O2 -pthread"}}</JSON>
      </Entry>
      <Entry>
        <Identifier>debianQEMU13: jherard - Manual Test Run - 09:38 24 Apr 2017</Identifier>
        <Value>1297.25</Value>
        <RawString>1430.37:1397.23:1364.16</RawString>
        <JSON>{"compiler-options":{"compiler-type":"CC","compiler":"gcc","compiler-options":"-shared -fPIC -O2 -pthread"}}</JSON>
      </Entry>
      <Entry>
        <Identifier>debianQEMU14: jherard - Manual Test Run - 09:38 24 Apr 2017</Identifier>
        <Value>1274.90</Value>
        <RawString>1391.38:1362.86:1370.45</RawString>
        <JSON>{"compiler-options":{"compiler-type":"CC","compiler":"gcc","compiler-options":"-shared -fPIC -O2 -pthread"}}</JSON>
      </Entry>
      <Entry>
        <Identifier>debianQEMU1: jherard - Manual Test Run - 09:38 24 Apr 2017</Identifier>
        <Value>1266.37</Value>
        <RawString>1347.77:1352.03:1399.32</RawString>
        <JSON>{"compiler-options":{"compiler-type":"CC","compiler":"gcc","compiler-options":"-shared -fPIC -O2 -pthread"}}</JSON>
      </Entry>
      <Entry>
        <Identifier>debianQEMU17: jherard - Manual Test Run - 09:38 24 Apr 2017</Identifier>
        <Value>1286.94</Value>
        <RawString>1392.92:1361.06:1406.85</RawString>
        <JSON>{"compiler-options":{"compiler-type":"CC","compiler":"gcc","compiler-options":"-shared -fPIC -O2 -pthread"}}</JSON>
      </Entry>
      <Entry>
        <Identifier>debianQEMU2: jherard - Manual Test Run - 09:38 24 Apr 2017</Identifier>
        <Value>1274.90</Value>
        <RawString>1348.32:1381.35:1395.02</RawString>
        <JSON>{"compiler-options":{"compiler-type":"CC","compiler":"gcc","compiler-options":"-shared -fPIC -O2 -pthread"}}</JSON>
      </Entry>
      <Entry>
        <Identifier>debianQEMU5: jherard - Manual Test Run - 09:38 24 Apr 2017</Identifier>
        <Value>1289.46</Value>
        <RawString>1415.29:1408.17:1344.91</RawString>
        <JSON>{"compiler-options":{"compiler-type":"CC","compiler":"gcc","compiler-options":"-shared -fPIC -O2 -pthread"}}</JSON>
      </Entry>
      <Entry>
        <Identifier>debianQEMU12: jherard - Manual Test Run - 09:38 24 Apr 2017</Identifier>
        <Value>1275.27</Value>
        <RawString>1369.43:1385.84:1370.54</RawString>
        <JSON>{"compiler-options":{"compiler-type":"CC","compiler":"gcc","compiler-options":"-shared -fPIC -O2 -pthread"}}</JSON>
      </Entry>
      <Entry>
        <Identifier>debianQEMU15: jherard - Manual Test Run - 09:38 24 Apr 2017</Identifier>
        <Value>1288.20</Value>
        <RawString>1417.98:1362.1:1384.51</RawString>
        <JSON>{"compiler-options":{"compiler-type":"CC","compiler":"gcc","compiler-options":"-shared -fPIC -O2 -pthread"}}</JSON>
      </Entry>
      <Entry>
        <Identifier>debianQEMU22: jherard - Manual Test Run - 09:38 24 Apr 2017</Identifier>
        <Value>1318.78</Value>
        <RawString>1443.72:1412.3:1400.33</RawString>
        <JSON>{"compiler-options":{"compiler-type":"CC","compiler":"gcc","compiler-options":"-shared -fPIC -O2 -pthread"}}</JSON>
      </Entry>
      <Entry>
        <Identifier>debianQEMU24: jherard - Manual Test Run - 09:38 24 Apr 2017</Identifier>
        <Value>1294.53</Value>
        <RawString>1422.51:1384.87:1376.21</RawString>
        <JSON>{"compiler-options":{"compiler-type":"CC","compiler":"gcc","compiler-options":"-shared -fPIC -O2 -pthread"}}</JSON>
      </Entry>
      <Entry>
        <Identifier>debianQEMU16: jherard - Manual Test Run - 09:38 24 Apr 2017</Identifier>
        <Value>1200.69</Value>
        <RawString>1425.47:1376.12:1400.47</RawString>
        <JSON>{"compiler-options":{"compiler-type":"CC","compiler":"gcc","compiler-options":"-shared -fPIC -O2 -pthread"}}</JSON>
      </Entry>
      <Entry>
        <Identifier>debianQEMU4: jherard - Manual Test Run - 09:38 24 Apr 2017</Identifier>
        <Value>1206.39</Value>
        <RawString>1454.71:1394.1:1370.37</RawString>
        <JSON>{"compiler-options":{"compiler-type":"CC","compiler":"gcc","compiler-options":"-shared -fPIC -O2 -pthread"}}</JSON>
      </Entry>
    </Data>
  </Result>
  <Result>
    <Identifier>pts/phpbench-1.1.0</Identifier>
    <Title>PHPBench</Title>
    <AppVersion>0.8.1</AppVersion>
    <Arguments></Arguments>
    <Description>PHP Benchmark Suite</Description>
    <Scale>Score</Scale>
    <Proportion>HIB</Proportion>
    <DisplayFormat>BAR_GRAPH</DisplayFormat>
    <Data>
      <Entry>
        <Identifier>debianQEMU10: jherard - Manual Test Run - 09:38 24 Apr 2017</Identifier>
        <Value>38383</Value>
        <RawString>34006:34118:37727:58348:58022:56077</RawString>
      </Entry>
      <Entry>
        <Identifier>debianQEMU21: jherard - Manual Test Run - 09:38 24 Apr 2017</Identifier>
        <Value>40819</Value>
        <RawString>33897:34335:40097:56825:61355:60407</RawString>
      </Entry>
      <Entry>
        <Identifier>debianQEMU9: jherard - Manual Test Run - 09:38 24 Apr 2017</Identifier>
        <Value>40177</Value>
        <RawString>33928:33860:37446:61308:56202:60317</RawString>
      </Entry>
      <Entry>
        <Identifier>debianQEMU3: jherard - Manual Test Run - 09:38 24 Apr 2017</Identifier>
        <Value>40640</Value>
        <RawString>33440:34092:36512:60419:60901:54474</RawString>
      </Entry>
      <Entry>
        <Identifier>debianQEMU11: jherard - Manual Test Run - 09:38 24 Apr 2017</Identifier>
        <Value>40978</Value>
        <RawString>34219:33869:37897:61140:60329:60413</RawString>
      </Entry>
      <Entry>
        <Identifier>debianQEMU20: jherard - Manual Test Run - 09:38 24 Apr 2017</Identifier>
        <Value>38416</Value>
        <RawString>33748:33933:36886:59690:59506:60730</RawString>
      </Entry>
      <Entry>
        <Identifier>debianQEMU23: jherard - Manual Test Run - 09:38 24 Apr 2017</Identifier>
        <Value>21927</Value>
        <RawString>20101:21396:24118:33728:33531:34685</RawString>
      </Entry>
      <Entry>
        <Identifier>debianQEMU8: jherard - Manual Test Run - 09:38 24 Apr 2017</Identifier>
        <Value>22681</Value>
        <RawString>20434:21683:23342:32853:33861:33914</RawString>
      </Entry>
      <Entry>
        <Identifier>debianQEMU18: jherard - Manual Test Run - 09:38 24 Apr 2017</Identifier>
        <Value>25255</Value>
        <RawString>32484:33878:33402</RawString>
      </Entry>
      <Entry>
        <Identifier>debianQEMU25: jherard - Manual Test Run - 09:38 24 Apr 2017</Identifier>
        <Value>20792</Value>
        <RawString>21163:22462:22559:33288:33872:33407</RawString>
      </Entry>
      <Entry>
        <Identifier>debianQEMU6: jherard - Manual Test Run - 09:38 24 Apr 2017</Identifier>
        <Value>21981</Value>
        <RawString>20723:21980:24658:33432:33723:33367</RawString>
      </Entry>
      <Entry>
        <Identifier>debianQEMU7: jherard - Manual Test Run - 09:38 24 Apr 2017</Identifier>
        <Value>20048</Value>
        <RawString>21307:21718:24649:33508:33767:33339</RawString>
      </Entry>
      <Entry>
        <Identifier>debianQEMU19: jherard - Manual Test Run - 09:38 24 Apr 2017</Identifier>
        <Value>21794</Value>
        <RawString>21112:21454:22937:33799:33716:33744</RawString>
      </Entry>
      <Entry>
        <Identifier>debianQEMU13: jherard - Manual Test Run - 09:38 24 Apr 2017</Identifier>
        <Value>20532</Value>
        <RawString>21255:21160:22695:32393:33832:33857</RawString>
      </Entry>
      <Entry>
        <Identifier>debianQEMU14: jherard - Manual Test Run - 09:38 24 Apr 2017</Identifier>
        <Value>22202</Value>
        <RawString>22603:21519:23561:33784:33908:33834</RawString>
      </Entry>
      <Entry>
        <Identifier>debianQEMU1: jherard - Manual Test Run - 09:38 24 Apr 2017</Identifier>
        <Value>16840</Value>
        <RawString>21014:22225:22281</RawString>
      </Entry>
      <Entry>
        <Identifier>debianQEMU17: jherard - Manual Test Run - 09:38 24 Apr 2017</Identifier>
        <Value>16699</Value>
        <RawString>21765:21203:22128</RawString>
      </Entry>
      <Entry>
        <Identifier>debianQEMU2: jherard - Manual Test Run - 09:38 24 Apr 2017</Identifier>
        <Value>17212</Value>
        <RawString>22128:21840:22667</RawString>
      </Entry>
      <Entry>
        <Identifier>debianQEMU5: jherard - Manual Test Run - 09:38 24 Apr 2017</Identifier>
        <Value>17102</Value>
        <RawString>22609:21472:22226</RawString>
      </Entry>
      <Entry>
        <Identifier>debianQEMU12: jherard - Manual Test Run - 09:38 24 Apr 2017</Identifier>
        <Value>17107</Value>
        <RawString>22784:21745:21792</RawString>
      </Entry>
      <Entry>
        <Identifier>debianQEMU15: jherard - Manual Test Run - 09:38 24 Apr 2017</Identifier>
        <Value>17949</Value>
        <RawString>21997:21651:22198</RawString>
      </Entry>
      <Entry>
        <Identifier>debianQEMU22: jherard - Manual Test Run - 09:38 24 Apr 2017</Identifier>
        <Value>17728</Value>
        <RawString>21893:21802:21489</RawString>
      </Entry>
      <Entry>
        <Identifier>debianQEMU24: jherard - Manual Test Run - 09:38 24 Apr 2017</Identifier>
        <Value>180545</Value>
        <RawString>22146:22669:22820</RawString>
      </Entry>
      <Entry>
        <Identifier>debianQEMU16: jherard - Manual Test Run - 09:38 24 Apr 2017</Identifier>
        <Value>17500</Value>
        <RawString>22053:22879:22568</RawString>
      </Entry>
      <Entry>
        <Identifier>debianQEMU4: jherard - Manual Test Run - 09:38 24 Apr 2017</Identifier>
        <Value>18464</Value>
        <RawString>23202:23628:23562</RawString>
      </Entry>
    </Data>
  </Result>
</PhoronixTestSuite>
