<?xml version="1.0"?>
<!--Phoronix Test Suite v7.0.1-->
<PhoronixTestSuite>
  <Generated>
    <Title>Network_QEMU - jherard - Manual Test Run - 17:42 23 Apr 2017</Title>
    <LastModified>2017-04-23 17:52:49</LastModified>
    <TestClient>Phoronix Test Suite v7.0.1 (Ringsaker)</TestClient>
    <Description>A Phoromatic run.</Description>
  </Generated>
  <System>
    <Identifier>debianQEMU24: jherard - Manual Test Run - 17:42 23 Apr 2017</Identifier>
    <Hardware>Processor: Westmere E56xx/L56xx/X56xx @ 2.13GHz (1 Core), Motherboard: QEMU Standard PC (i440FX + PIIX 1996), Chipset: Intel 440FX- 82441FX PMC, Memory: 1 x 4024 MB RAM QEMU, Disk: 4GB, Graphics: Cirrus Logic GD 5446, Network: Red Hat Virtio device</Hardware>
    <Software>OS: Debian 8.7, Kernel: 3.16.0-4-amd64 (x86_64), File-System: ext4, System Layer: QEMU</Software>
    <User>root</User>
    <TimeStamp>2017-04-23 17:45:05</TimeStamp>
    <TestClientVersion></TestClientVersion>
    <Notes></Notes>
  </System>
  <System>
    <Identifier>debianQEMU4: jherard - Manual Test Run - 17:42 23 Apr 2017</Identifier>
    <Hardware>Processor: Westmere E56xx/L56xx/X56xx @ 2.13GHz (1 Core), Motherboard: QEMU Standard PC (i440FX + PIIX 1996), Chipset: Intel 440FX- 82441FX PMC, Memory: 1 x 4024 MB RAM QEMU, Disk: 4GB, Graphics: Cirrus Logic GD 5446, Network: Red Hat Virtio device</Hardware>
    <Software>OS: Debian 8.7, Kernel: 3.16.0-4-amd64 (x86_64), File-System: ext4, System Layer: QEMU</Software>
    <User>root</User>
    <TimeStamp>2017-04-23 17:44:53</TimeStamp>
    <TestClientVersion></TestClientVersion>
    <Notes></Notes>
  </System>
  <System>
    <Identifier>debianQEMU11: jherard - Manual Test Run - 17:42 23 Apr 2017</Identifier>
    <Hardware>Processor: Westmere E56xx/L56xx/X56xx @ 2.13GHz (1 Core), Motherboard: QEMU Standard PC (i440FX + PIIX 1996), Chipset: Intel 440FX- 82441FX PMC, Memory: 1 x 4024 MB RAM QEMU, Disk: 4GB, Graphics: Cirrus Logic GD 5446, Network: Red Hat Virtio device</Hardware>
    <Software>OS: Debian 8.7, Kernel: 3.16.0-4-amd64 (x86_64), File-System: ext4, System Layer: QEMU</Software>
    <User>root</User>
    <TimeStamp>2017-04-23 17:43:53</TimeStamp>
    <TestClientVersion></TestClientVersion>
    <Notes></Notes>
  </System>
  <System>
    <Identifier>debianQEMU21: jherard - Manual Test Run - 17:42 23 Apr 2017</Identifier>
    <Hardware>Processor: Westmere E56xx/L56xx/X56xx @ 2.13GHz (1 Core), Motherboard: QEMU Standard PC (i440FX + PIIX 1996), Chipset: Intel 440FX- 82441FX PMC, Memory: 1 x 4024 MB RAM QEMU, Disk: 4GB, Graphics: Cirrus Logic GD 5446, Network: Red Hat Virtio device</Hardware>
    <Software>OS: Debian 8.7, Kernel: 3.16.0-4-amd64 (x86_64), File-System: ext4, System Layer: QEMU</Software>
    <User>root</User>
    <TimeStamp>2017-04-23 17:43:54</TimeStamp>
    <TestClientVersion></TestClientVersion>
    <Notes></Notes>
  </System>
  <System>
    <Identifier>debianQEMU15: jherard - Manual Test Run - 17:42 23 Apr 2017</Identifier>
    <Hardware>Processor: Westmere E56xx/L56xx/X56xx @ 2.13GHz (1 Core), Motherboard: QEMU Standard PC (i440FX + PIIX 1996), Chipset: Intel 440FX- 82441FX PMC, Memory: 1 x 4024 MB RAM QEMU, Disk: 4GB, Graphics: Cirrus Logic GD 5446, Network: Red Hat Virtio device</Hardware>
    <Software>OS: Debian 8.7, Kernel: 3.16.0-4-amd64 (x86_64), File-System: ext4, System Layer: QEMU</Software>
    <User>root</User>
    <TimeStamp>2017-04-23 17:43:53</TimeStamp>
    <TestClientVersion></TestClientVersion>
    <Notes></Notes>
  </System>
  <System>
    <Identifier>debianQEMU10: jherard - Manual Test Run - 17:42 23 Apr 2017</Identifier>
    <Hardware>Processor: Westmere E56xx/L56xx/X56xx @ 2.13GHz (1 Core), Motherboard: QEMU Standard PC (i440FX + PIIX 1996), Chipset: Intel 440FX- 82441FX PMC, Memory: 1 x 4024 MB RAM QEMU, Disk: 4GB, Graphics: Cirrus Logic GD 5446, Network: Red Hat Virtio device</Hardware>
    <Software>OS: Debian 8.7, Kernel: 3.16.0-4-amd64 (x86_64), File-System: ext4, System Layer: QEMU</Software>
    <User>root</User>
    <TimeStamp>2017-04-23 17:43:51</TimeStamp>
    <TestClientVersion></TestClientVersion>
    <Notes></Notes>
  </System>
  <System>
    <Identifier>debianQEMU23: jherard - Manual Test Run - 17:42 23 Apr 2017</Identifier>
    <Hardware>Processor: Westmere E56xx/L56xx/X56xx @ 2.13GHz (1 Core), Motherboard: QEMU Standard PC (i440FX + PIIX 1996), Chipset: Intel 440FX- 82441FX PMC, Memory: 1 x 4024 MB RAM QEMU, Disk: 4GB, Graphics: Cirrus Logic GD 5446, Network: Red Hat Virtio device</Hardware>
    <Software>OS: Debian 8.7, Kernel: 3.16.0-4-amd64 (x86_64), File-System: ext4, System Layer: QEMU</Software>
    <User>root</User>
    <TimeStamp>2017-04-23 17:43:45</TimeStamp>
    <TestClientVersion></TestClientVersion>
    <Notes></Notes>
  </System>
  <System>
    <Identifier>debianQEMU25: jherard - Manual Test Run - 17:42 23 Apr 2017</Identifier>
    <Hardware>Processor: Westmere E56xx/L56xx/X56xx @ 2.13GHz (1 Core), Motherboard: QEMU Standard PC (i440FX + PIIX 1996), Chipset: Intel 440FX- 82441FX PMC, Memory: 1 x 4024 MB RAM QEMU, Disk: 4GB, Graphics: Cirrus Logic GD 5446, Network: Red Hat Virtio device</Hardware>
    <Software>OS: Debian 8.7, Kernel: 3.16.0-4-amd64 (x86_64), File-System: ext4, System Layer: QEMU</Software>
    <User>root</User>
    <TimeStamp>2017-04-23 17:43:45</TimeStamp>
    <TestClientVersion></TestClientVersion>
    <Notes></Notes>
  </System>
  <System>
    <Identifier>debianQEMU9: jherard - Manual Test Run - 17:42 23 Apr 2017</Identifier>
    <Hardware>Processor: Westmere E56xx/L56xx/X56xx @ 2.13GHz (1 Core), Motherboard: QEMU Standard PC (i440FX + PIIX 1996), Chipset: Intel 440FX- 82441FX PMC, Memory: 1 x 4024 MB RAM QEMU, Disk: 4GB, Graphics: Cirrus Logic GD 5446, Network: Red Hat Virtio device</Hardware>
    <Software>OS: Debian 8.7, Kernel: 3.16.0-4-amd64 (x86_64), File-System: ext4, System Layer: QEMU</Software>
    <User>root</User>
    <TimeStamp>2017-04-23 17:43:39</TimeStamp>
    <TestClientVersion></TestClientVersion>
    <Notes></Notes>
  </System>
  <System>
    <Identifier>debianQEMU14: jherard - Manual Test Run - 17:42 23 Apr 2017</Identifier>
    <Hardware>Processor: Westmere E56xx/L56xx/X56xx @ 2.13GHz (1 Core), Motherboard: QEMU Standard PC (i440FX + PIIX 1996), Chipset: Intel 440FX- 82441FX PMC, Memory: 1 x 4024 MB RAM QEMU, Disk: 4GB, Graphics: Cirrus Logic GD 5446, Network: Red Hat Virtio device</Hardware>
    <Software>OS: Debian 8.7, Kernel: 3.16.0-4-amd64 (x86_64), File-System: ext4, System Layer: QEMU</Software>
    <User>root</User>
    <TimeStamp>2017-04-23 17:43:37</TimeStamp>
    <TestClientVersion></TestClientVersion>
    <Notes></Notes>
  </System>
  <System>
    <Identifier>debianQEMU7: jherard - Manual Test Run - 17:42 23 Apr 2017</Identifier>
    <Hardware>Processor: Westmere E56xx/L56xx/X56xx @ 2.13GHz (1 Core), Motherboard: QEMU Standard PC (i440FX + PIIX 1996), Chipset: Intel 440FX- 82441FX PMC, Memory: 1 x 4024 MB RAM QEMU, Disk: 4GB, Graphics: Cirrus Logic GD 5446, Network: Red Hat Virtio device</Hardware>
    <Software>OS: Debian 8.7, Kernel: 3.16.0-4-amd64 (x86_64), File-System: ext4, System Layer: QEMU</Software>
    <User>root</User>
    <TimeStamp>2017-04-23 17:43:35</TimeStamp>
    <TestClientVersion></TestClientVersion>
    <Notes></Notes>
  </System>
  <System>
    <Identifier>debianQEMU2: jherard - Manual Test Run - 17:42 23 Apr 2017</Identifier>
    <Hardware>Processor: Westmere E56xx/L56xx/X56xx @ 2.13GHz (1 Core), Motherboard: QEMU Standard PC (i440FX + PIIX 1996), Chipset: Intel 440FX- 82441FX PMC, Memory: 1 x 4000 MB RAM QEMU, Disk: 4GB, Graphics: Red Hat QXL paravirtual graphic card, Audio: Intel 82801FB/FBM/FR/FW/FRW, Network: Red Hat Virtio device</Hardware>
    <Software>OS: Debian 8.7, Kernel: 3.16.0-4-amd64 (x86_64), File-System: ext4, System Layer: QEMU</Software>
    <User>root</User>
    <TimeStamp>2017-04-23 17:43:34</TimeStamp>
    <TestClientVersion></TestClientVersion>
    <Notes></Notes>
  </System>
  <System>
    <Identifier>debianQEMU13: jherard - Manual Test Run - 17:42 23 Apr 2017</Identifier>
    <Hardware>Processor: Westmere E56xx/L56xx/X56xx @ 2.13GHz (1 Core), Motherboard: QEMU Standard PC (i440FX + PIIX 1996), Chipset: Intel 440FX- 82441FX PMC, Memory: 1 x 4024 MB RAM QEMU, Disk: 4GB, Graphics: Cirrus Logic GD 5446, Network: Red Hat Virtio device</Hardware>
    <Software>OS: Debian 8.7, Kernel: 3.16.0-4-amd64 (x86_64), File-System: ext4, System Layer: QEMU</Software>
    <User>root</User>
    <TimeStamp>2017-04-23 17:43:33</TimeStamp>
    <TestClientVersion></TestClientVersion>
    <Notes></Notes>
  </System>
  <System>
    <Identifier>debianQEMU22: jherard - Manual Test Run - 17:42 23 Apr 2017</Identifier>
    <Hardware>Processor: Westmere E56xx/L56xx/X56xx @ 2.13GHz (1 Core), Motherboard: QEMU Standard PC (i440FX + PIIX 1996), Chipset: Intel 440FX- 82441FX PMC, Memory: 1 x 4024 MB RAM QEMU, Disk: 4GB, Graphics: Cirrus Logic GD 5446, Network: Red Hat Virtio device</Hardware>
    <Software>OS: Debian 8.7, Kernel: 3.16.0-4-amd64 (x86_64), File-System: ext4, System Layer: QEMU</Software>
    <User>root</User>
    <TimeStamp>2017-04-23 17:43:27</TimeStamp>
    <TestClientVersion></TestClientVersion>
    <Notes></Notes>
  </System>
  <System>
    <Identifier>debianQEMU20: jherard - Manual Test Run - 17:42 23 Apr 2017</Identifier>
    <Hardware>Processor: Westmere E56xx/L56xx/X56xx @ 2.13GHz (1 Core), Motherboard: QEMU Standard PC (i440FX + PIIX 1996), Chipset: Intel 440FX- 82441FX PMC, Memory: 1 x 4024 MB RAM QEMU, Disk: 4GB, Graphics: Cirrus Logic GD 5446, Network: Red Hat Virtio device</Hardware>
    <Software>OS: Debian 8.7, Kernel: 3.16.0-4-amd64 (x86_64), File-System: ext4, System Layer: QEMU</Software>
    <User>root</User>
    <TimeStamp>2017-04-23 17:43:25</TimeStamp>
    <TestClientVersion></TestClientVersion>
    <Notes></Notes>
  </System>
  <System>
    <Identifier>debianQEMU18: jherard - Manual Test Run - 17:42 23 Apr 2017</Identifier>
    <Hardware>Processor: Westmere E56xx/L56xx/X56xx @ 2.13GHz (1 Core), Motherboard: QEMU Standard PC (i440FX + PIIX 1996), Chipset: Intel 440FX- 82441FX PMC, Memory: 1 x 4024 MB RAM QEMU, Disk: 4GB, Graphics: Cirrus Logic GD 5446, Network: Red Hat Virtio device</Hardware>
    <Software>OS: Debian 8.7, Kernel: 3.16.0-4-amd64 (x86_64), File-System: ext4, System Layer: QEMU</Software>
    <User>root</User>
    <TimeStamp>2017-04-23 17:43:19</TimeStamp>
    <TestClientVersion></TestClientVersion>
    <Notes></Notes>
  </System>
  <System>
    <Identifier>debianQEMU17: jherard - Manual Test Run - 17:42 23 Apr 2017</Identifier>
    <Hardware>Processor: Westmere E56xx/L56xx/X56xx @ 2.13GHz (1 Core), Motherboard: QEMU Standard PC (i440FX + PIIX 1996), Chipset: Intel 440FX- 82441FX PMC, Memory: 1 x 4024 MB RAM QEMU, Disk: 4GB, Graphics: Cirrus Logic GD 5446, Network: Red Hat Virtio device</Hardware>
    <Software>OS: Debian 8.7, Kernel: 3.16.0-4-amd64 (x86_64), File-System: ext4, System Layer: QEMU</Software>
    <User>root</User>
    <TimeStamp>2017-04-23 17:43:19</TimeStamp>
    <TestClientVersion></TestClientVersion>
    <Notes></Notes>
  </System>
  <System>
    <Identifier>debianQEMU16: jherard - Manual Test Run - 17:42 23 Apr 2017</Identifier>
    <Hardware>Processor: Westmere E56xx/L56xx/X56xx @ 2.13GHz (1 Core), Motherboard: QEMU Standard PC (i440FX + PIIX 1996), Chipset: Intel 440FX- 82441FX PMC, Memory: 1 x 4024 MB RAM QEMU, Disk: 4GB, Graphics: Cirrus Logic GD 5446, Network: Red Hat Virtio device</Hardware>
    <Software>OS: Debian 8.7, Kernel: 3.16.0-4-amd64 (x86_64), File-System: ext4, System Layer: QEMU</Software>
    <User>root</User>
    <TimeStamp>2017-04-23 17:43:12</TimeStamp>
    <TestClientVersion></TestClientVersion>
    <Notes></Notes>
  </System>
  <System>
    <Identifier>debianQEMU12: jherard - Manual Test Run - 17:42 23 Apr 2017</Identifier>
    <Hardware>Processor: Westmere E56xx/L56xx/X56xx @ 2.13GHz (1 Core), Motherboard: QEMU Standard PC (i440FX + PIIX 1996), Chipset: Intel 440FX- 82441FX PMC, Memory: 1 x 4024 MB RAM QEMU, Disk: 4GB, Graphics: Cirrus Logic GD 5446, Network: Red Hat Virtio device</Hardware>
    <Software>OS: Debian 8.7, Kernel: 3.16.0-4-amd64 (x86_64), File-System: ext4, System Layer: QEMU</Software>
    <User>root</User>
    <TimeStamp>2017-04-23 17:43:12</TimeStamp>
    <TestClientVersion></TestClientVersion>
    <Notes></Notes>
  </System>
  <System>
    <Identifier>debianQEMU3: jherard - Manual Test Run - 17:42 23 Apr 2017</Identifier>
    <Hardware>Processor: Westmere E56xx/L56xx/X56xx @ 2.13GHz (1 Core), Motherboard: QEMU Standard PC (i440FX + PIIX 1996), Chipset: Intel 440FX- 82441FX PMC, Memory: 1 x 4024 MB RAM QEMU, Disk: 4GB, Graphics: Cirrus Logic GD 5446, Network: Red Hat Virtio device</Hardware>
    <Software>OS: Debian 8.7, Kernel: 3.16.0-4-amd64 (x86_64), File-System: ext4, System Layer: QEMU</Software>
    <User>root</User>
    <TimeStamp>2017-04-23 17:43:09</TimeStamp>
    <TestClientVersion></TestClientVersion>
    <Notes></Notes>
  </System>
  <System>
    <Identifier>debianQEMU1: jherard - Manual Test Run - 17:42 23 Apr 2017</Identifier>
    <Hardware>Processor: Westmere E56xx/L56xx/X56xx @ 2.13GHz (1 Core), Motherboard: QEMU Standard PC (i440FX + PIIX 1996), Chipset: Intel 440FX- 82441FX PMC, Memory: 1 x 4000 MB RAM QEMU, Disk: 4GB, Graphics: Red Hat QXL paravirtual graphic card, Audio: Intel 82801FB/FBM/FR/FW/FRW, Network: Red Hat Virtio device</Hardware>
    <Software>OS: Debian 8.7, Kernel: 3.16.0-4-amd64 (x86_64), File-System: ext4, System Layer: QEMU</Software>
    <User>root</User>
    <TimeStamp>2017-04-23 17:43:08</TimeStamp>
    <TestClientVersion></TestClientVersion>
    <Notes></Notes>
  </System>
  <System>
    <Identifier>debianQEMU6: jherard - Manual Test Run - 17:42 23 Apr 2017</Identifier>
    <Hardware>Processor: Westmere E56xx/L56xx/X56xx @ 2.13GHz (1 Core), Motherboard: QEMU Standard PC (i440FX + PIIX 1996), Chipset: Intel 440FX- 82441FX PMC, Memory: 1 x 4024 MB RAM QEMU, Disk: 4GB, Graphics: Cirrus Logic GD 5446, Network: Red Hat Virtio device</Hardware>
    <Software>OS: Debian 8.7, Kernel: 3.16.0-4-amd64 (x86_64), File-System: ext4, System Layer: QEMU</Software>
    <User>root</User>
    <TimeStamp>2017-04-23 17:43:08</TimeStamp>
    <TestClientVersion></TestClientVersion>
    <Notes></Notes>
  </System>
  <System>
    <Identifier>debianQEMU19: jherard - Manual Test Run - 17:42 23 Apr 2017</Identifier>
    <Hardware>Processor: Westmere E56xx/L56xx/X56xx @ 2.13GHz (1 Core), Motherboard: QEMU Standard PC (i440FX + PIIX 1996), Chipset: Intel 440FX- 82441FX PMC, Memory: 1 x 4024 MB RAM QEMU, Disk: 4GB, Graphics: Cirrus Logic GD 5446, Network: Red Hat Virtio device</Hardware>
    <Software>OS: Debian 8.7, Kernel: 3.16.0-4-amd64 (x86_64), File-System: ext4, System Layer: QEMU</Software>
    <User>root</User>
    <TimeStamp>2017-04-23 17:43:02</TimeStamp>
    <TestClientVersion></TestClientVersion>
    <Notes></Notes>
  </System>
  <System>
    <Identifier>debianQEMU5: jherard - Manual Test Run - 17:42 23 Apr 2017</Identifier>
    <Hardware>Processor: Westmere E56xx/L56xx/X56xx @ 2.13GHz (1 Core), Motherboard: QEMU Standard PC (i440FX + PIIX 1996), Chipset: Intel 440FX- 82441FX PMC, Memory: 1 x 4024 MB RAM QEMU, Disk: 4GB, Graphics: Cirrus Logic GD 5446, Network: Red Hat Virtio device</Hardware>
    <Software>OS: Debian 8.7, Kernel: 3.16.0-4-amd64 (x86_64), File-System: ext4, System Layer: QEMU</Software>
    <User>root</User>
    <TimeStamp>2017-04-23 17:43:01</TimeStamp>
    <TestClientVersion></TestClientVersion>
    <Notes></Notes>
  </System>
  <System>
    <Identifier>debianQEMU8: jherard - Manual Test Run - 17:42 23 Apr 2017</Identifier>
    <Hardware>Processor: Westmere E56xx/L56xx/X56xx @ 2.13GHz (1 Core), Motherboard: QEMU Standard PC (i440FX + PIIX 1996), Chipset: Intel 440FX- 82441FX PMC, Memory: 1 x 4024 MB RAM QEMU, Disk: 4GB, Graphics: Cirrus Logic GD 5446, Network: Red Hat Virtio device</Hardware>
    <Software>OS: Debian 8.7, Kernel: 3.16.0-4-amd64 (x86_64), File-System: ext4, System Layer: QEMU</Software>
    <User>root</User>
    <TimeStamp>2017-04-23 17:42:53</TimeStamp>
    <TestClientVersion></TestClientVersion>
    <Notes></Notes>
  </System>
  <Result>
    <Identifier>pts/network-loopback-1.0.1</Identifier>
    <Title>Loopback TCP Network Performance</Title>
    <AppVersion></AppVersion>
    <Arguments></Arguments>
    <Description>Time To Transfer 10GB Via Loopback</Description>
    <Scale>Seconds</Scale>
    <Proportion>LIB</Proportion>
    <DisplayFormat>BAR_GRAPH</DisplayFormat>
    <Data>
      <Entry>
        <Identifier>debianQEMU24: jherard - Manual Test Run - 17:42 23 Apr 2017</Identifier>
        <Value>3.01</Value>
        <RawString>3.0077741146088:3.0077350139618:3.0075809955597</RawString>
      </Entry>
      <Entry>
        <Identifier>debianQEMU4: jherard - Manual Test Run - 17:42 23 Apr 2017</Identifier>
        <Value>3.01</Value>
        <RawString>3.0071609020233:3.0068969726562:3.0070741176605</RawString>
      </Entry>
      <Entry>
        <Identifier>debianQEMU11: jherard - Manual Test Run - 17:42 23 Apr 2017</Identifier>
        <Value>3.01</Value>
        <RawString>3.0142571926117:3.0075550079346:3.0075521469116</RawString>
      </Entry>
      <Entry>
        <Identifier>debianQEMU21: jherard - Manual Test Run - 17:42 23 Apr 2017</Identifier>
        <Value>3.01</Value>
        <RawString>3.0153350830078:3.0080440044403:3.0105249881744</RawString>
      </Entry>
      <Entry>
        <Identifier>debianQEMU15: jherard - Manual Test Run - 17:42 23 Apr 2017</Identifier>
        <Value>3.01</Value>
        <RawString>3.0134878158569:3.0068600177765:3.0071771144867</RawString>
      </Entry>
      <Entry>
        <Identifier>debianQEMU10: jherard - Manual Test Run - 17:42 23 Apr 2017</Identifier>
        <Value>3.01</Value>
        <RawString>3.0148620605469:3.0074481964111:3.0074310302734</RawString>
      </Entry>
      <Entry>
        <Identifier>debianQEMU23: jherard - Manual Test Run - 17:42 23 Apr 2017</Identifier>
        <Value>3.01</Value>
        <RawString>3.0143530368805:3.0076639652252:3.0076429843903</RawString>
      </Entry>
      <Entry>
        <Identifier>debianQEMU25: jherard - Manual Test Run - 17:42 23 Apr 2017</Identifier>
        <Value>3.01</Value>
        <RawString>3.0138218402863:3.0074560642242:3.0077447891235</RawString>
      </Entry>
      <Entry>
        <Identifier>debianQEMU9: jherard - Manual Test Run - 17:42 23 Apr 2017</Identifier>
        <Value>3.01</Value>
        <RawString>3.0145211219788:3.0076940059662:3.0075800418854</RawString>
      </Entry>
      <Entry>
        <Identifier>debianQEMU14: jherard - Manual Test Run - 17:42 23 Apr 2017</Identifier>
        <Value>3.01</Value>
        <RawString>3.0167379379272:3.0087251663208:3.0077710151672</RawString>
      </Entry>
      <Entry>
        <Identifier>debianQEMU7: jherard - Manual Test Run - 17:42 23 Apr 2017</Identifier>
        <Value>3.01</Value>
        <RawString>3.0140571594238:3.0080711841583:3.0075290203094</RawString>
      </Entry>
      <Entry>
        <Identifier>debianQEMU2: jherard - Manual Test Run - 17:42 23 Apr 2017</Identifier>
        <Value>3.01</Value>
        <RawString>3.0140850543976:3.0085260868073:3.0073020458221</RawString>
      </Entry>
      <Entry>
        <Identifier>debianQEMU13: jherard - Manual Test Run - 17:42 23 Apr 2017</Identifier>
        <Value>3.01</Value>
        <RawString>3.0165131092072:3.0076498985291:3.0069401264191</RawString>
      </Entry>
      <Entry>
        <Identifier>debianQEMU22: jherard - Manual Test Run - 17:42 23 Apr 2017</Identifier>
        <Value>3.01</Value>
        <RawString>3.0146460533142:3.0070669651031:3.0071468353271</RawString>
      </Entry>
      <Entry>
        <Identifier>debianQEMU20: jherard - Manual Test Run - 17:42 23 Apr 2017</Identifier>
        <Value>3.01</Value>
        <RawString>3.0174379348755:3.0074689388275:3.0075531005859</RawString>
      </Entry>
      <Entry>
        <Identifier>debianQEMU18: jherard - Manual Test Run - 17:42 23 Apr 2017</Identifier>
        <Value>3.01</Value>
        <RawString>3.0139260292053:3.0078749656677:3.0073218345642</RawString>
      </Entry>
      <Entry>
        <Identifier>debianQEMU17: jherard - Manual Test Run - 17:42 23 Apr 2017</Identifier>
        <Value>3.01</Value>
        <RawString>3.0170340538025:3.0068171024323:3.0070970058441</RawString>
      </Entry>
      <Entry>
        <Identifier>debianQEMU16: jherard - Manual Test Run - 17:42 23 Apr 2017</Identifier>
        <Value>3.01</Value>
        <RawString>3.0129940509796:3.0069999694824:3.0069861412048</RawString>
      </Entry>
      <Entry>
        <Identifier>debianQEMU12: jherard - Manual Test Run - 17:42 23 Apr 2017</Identifier>
        <Value>3.01</Value>
        <RawString>3.0147478580475:3.0074000358582:3.0078208446503</RawString>
      </Entry>
      <Entry>
        <Identifier>debianQEMU3: jherard - Manual Test Run - 17:42 23 Apr 2017</Identifier>
        <Value>3.01</Value>
        <RawString>3.0146210193634:3.0074579715729:3.0074529647827</RawString>
      </Entry>
      <Entry>
        <Identifier>debianQEMU1: jherard - Manual Test Run - 17:42 23 Apr 2017</Identifier>
        <Value>3.01</Value>
        <RawString>3.0135219097137:3.0068988800049:3.0069410800934</RawString>
      </Entry>
      <Entry>
        <Identifier>debianQEMU6: jherard - Manual Test Run - 17:42 23 Apr 2017</Identifier>
        <Value>3.01</Value>
        <RawString>3.0148131847382:3.0075681209564:3.0076701641083</RawString>
      </Entry>
      <Entry>
        <Identifier>debianQEMU19: jherard - Manual Test Run - 17:42 23 Apr 2017</Identifier>
        <Value>3.01</Value>
        <RawString>3.0144870281219:3.0070080757141:3.0068249702454</RawString>
      </Entry>
      <Entry>
        <Identifier>debianQEMU5: jherard - Manual Test Run - 17:42 23 Apr 2017</Identifier>
        <Value>3.01</Value>
        <RawString>3.0128719806671:3.0069761276245:3.0069589614868</RawString>
      </Entry>
      <Entry>
        <Identifier>debianQEMU8: jherard - Manual Test Run - 17:42 23 Apr 2017</Identifier>
        <Value>3.01</Value>
        <RawString>3.0145900249481:3.0076549053192:3.0072221755981</RawString>
      </Entry>
    </Data>
  </Result>
</PhoronixTestSuite>
