<?xml version="1.0"?>
<!--Phoronix Test Suite v7.0.1-->
<PhoronixTestSuite>
  <Generated>
    <Title>Web_LXC_10 - jherard - Manual Test Run - 22:07 26 Apr 2017</Title>
    <LastModified>2017-04-26 23:21:32</LastModified>
    <TestClient>Phoronix Test Suite v7.0.1 (Ringsaker)</TestClient>
    <Description>A Phoromatic run.</Description>
  </Generated>
  <System>
    <Identifier>debLXC109: jherard - Manual Test Run - 22:07 26 Apr 2017</Identifier>
    <Hardware>Processor: 2 x Intel Xeon L5630 @ 2.13GHz (16 Cores), Motherboard: Dell 0MD99X, Memory: 242688MB, Disk: 3999GB Virtual Disk, Graphics: mgadrmfb</Hardware>
    <Software>OS: Debian GNU/Linux 8, Kernel: 3.16.0-4-amd64 (x86_64), Compiler: GCC 4.9.2, File-System: ext4, Screen Resolution: 1280x1024, System Layer: lxc</Software>
    <User>root</User>
    <TimeStamp>2017-04-26 22:07:59</TimeStamp>
    <TestClientVersion></TestClientVersion>
    <Notes></Notes>
    <JSON>{"compiler-configuration":"--build=x86_64-linux-gnu --disable-browser-plugin --disable-vtable-verify --enable-checking=release --enable-clocale=gnu --enable-gnu-unique-object --enable-gtk-cairo --enable-java-awt=gtk --enable-java-home --enable-languages=c,c++,java,go,d,fortran,objc,obj-c++ --enable-libstdcxx-debug --enable-libstdcxx-time=yes --enable-multiarch --enable-multilib --enable-nls --enable-objc-gc --enable-plugin --enable-shared --enable-threads=posix --host=x86_64-linux-gnu --target=x86_64-linux-gnu --with-abi=m64 --with-arch-32=i586 --with-arch-directory=amd64 --with-multilib-list=m32,m64,mx32 --with-tune=generic -v"}</JSON>
  </System>
  <System>
    <Identifier>debLXC107: jherard - Manual Test Run - 22:07 26 Apr 2017</Identifier>
    <Hardware>Processor: 2 x Intel Xeon L5630 @ 2.13GHz (16 Cores), Motherboard: Dell 0MD99X, Memory: 242688MB, Disk: 3999GB Virtual Disk, Graphics: mgadrmfb</Hardware>
    <Software>OS: Debian GNU/Linux 8, Kernel: 3.16.0-4-amd64 (x86_64), Compiler: GCC 4.9.2, File-System: ext4, Screen Resolution: 1280x1024, System Layer: lxc</Software>
    <User>root</User>
    <TimeStamp>2017-04-26 22:08:39</TimeStamp>
    <TestClientVersion></TestClientVersion>
    <Notes></Notes>
    <JSON>{"compiler-configuration":"--build=x86_64-linux-gnu --disable-browser-plugin --disable-vtable-verify --enable-checking=release --enable-clocale=gnu --enable-gnu-unique-object --enable-gtk-cairo --enable-java-awt=gtk --enable-java-home --enable-languages=c,c++,java,go,d,fortran,objc,obj-c++ --enable-libstdcxx-debug --enable-libstdcxx-time=yes --enable-multiarch --enable-multilib --enable-nls --enable-objc-gc --enable-plugin --enable-shared --enable-threads=posix --host=x86_64-linux-gnu --target=x86_64-linux-gnu --with-abi=m64 --with-arch-32=i586 --with-arch-directory=amd64 --with-multilib-list=m32,m64,mx32 --with-tune=generic -v"}</JSON>
  </System>
  <System>
    <Identifier>debLXC105: jherard - Manual Test Run - 22:07 26 Apr 2017</Identifier>
    <Hardware>Processor: 2 x Intel Xeon L5630 @ 2.13GHz (16 Cores), Motherboard: Dell 0MD99X, Memory: 242688MB, Disk: 3999GB Virtual Disk, Graphics: mgadrmfb</Hardware>
    <Software>OS: Debian GNU/Linux 8, Kernel: 3.16.0-4-amd64 (x86_64), Compiler: GCC 4.9.2, File-System: ext4, Screen Resolution: 1280x1024, System Layer: lxc</Software>
    <User>root</User>
    <TimeStamp>2017-04-26 22:08:28</TimeStamp>
    <TestClientVersion></TestClientVersion>
    <Notes></Notes>
    <JSON>{"compiler-configuration":"--build=x86_64-linux-gnu --disable-browser-plugin --disable-vtable-verify --enable-checking=release --enable-clocale=gnu --enable-gnu-unique-object --enable-gtk-cairo --enable-java-awt=gtk --enable-java-home --enable-languages=c,c++,java,go,d,fortran,objc,obj-c++ --enable-libstdcxx-debug --enable-libstdcxx-time=yes --enable-multiarch --enable-multilib --enable-nls --enable-objc-gc --enable-plugin --enable-shared --enable-threads=posix --host=x86_64-linux-gnu --target=x86_64-linux-gnu --with-abi=m64 --with-arch-32=i586 --with-arch-directory=amd64 --with-multilib-list=m32,m64,mx32 --with-tune=generic -v"}</JSON>
  </System>
  <System>
    <Identifier>debLXC108: jherard - Manual Test Run - 22:07 26 Apr 2017</Identifier>
    <Hardware>Processor: 2 x Intel Xeon L5630 @ 2.13GHz (16 Cores), Motherboard: Dell 0MD99X, Memory: 242688MB, Disk: 3999GB Virtual Disk, Graphics: mgadrmfb</Hardware>
    <Software>OS: Debian GNU/Linux 8, Kernel: 3.16.0-4-amd64 (x86_64), Compiler: GCC 4.9.2, File-System: ext4, Screen Resolution: 1280x1024, System Layer: lxc</Software>
    <User>root</User>
    <TimeStamp>2017-04-26 22:08:11</TimeStamp>
    <TestClientVersion></TestClientVersion>
    <Notes></Notes>
    <JSON>{"compiler-configuration":"--build=x86_64-linux-gnu --disable-browser-plugin --disable-vtable-verify --enable-checking=release --enable-clocale=gnu --enable-gnu-unique-object --enable-gtk-cairo --enable-java-awt=gtk --enable-java-home --enable-languages=c,c++,java,go,d,fortran,objc,obj-c++ --enable-libstdcxx-debug --enable-libstdcxx-time=yes --enable-multiarch --enable-multilib --enable-nls --enable-objc-gc --enable-plugin --enable-shared --enable-threads=posix --host=x86_64-linux-gnu --target=x86_64-linux-gnu --with-abi=m64 --with-arch-32=i586 --with-arch-directory=amd64 --with-multilib-list=m32,m64,mx32 --with-tune=generic -v"}</JSON>
  </System>
  <System>
    <Identifier>debLXC102: jherard - Manual Test Run - 22:07 26 Apr 2017</Identifier>
    <Hardware>Processor: 2 x Intel Xeon L5630 @ 2.13GHz (16 Cores), Motherboard: Dell 0MD99X, Memory: 242688MB, Disk: 3999GB Virtual Disk, Graphics: mgadrmfb</Hardware>
    <Software>OS: Debian GNU/Linux 8, Kernel: 3.16.0-4-amd64 (x86_64), Compiler: GCC 4.9.2, File-System: ext4, Screen Resolution: 1280x1024, System Layer: lxc</Software>
    <User>root</User>
    <TimeStamp>2017-04-26 22:08:16</TimeStamp>
    <TestClientVersion></TestClientVersion>
    <Notes></Notes>
    <JSON>{"compiler-configuration":"--build=x86_64-linux-gnu --disable-browser-plugin --disable-vtable-verify --enable-checking=release --enable-clocale=gnu --enable-gnu-unique-object --enable-gtk-cairo --enable-java-awt=gtk --enable-java-home --enable-languages=c,c++,java,go,d,fortran,objc,obj-c++ --enable-libstdcxx-debug --enable-libstdcxx-time=yes --enable-multiarch --enable-multilib --enable-nls --enable-objc-gc --enable-plugin --enable-shared --enable-threads=posix --host=x86_64-linux-gnu --target=x86_64-linux-gnu --with-abi=m64 --with-arch-32=i586 --with-arch-directory=amd64 --with-multilib-list=m32,m64,mx32 --with-tune=generic -v"}</JSON>
  </System>
  <System>
    <Identifier>debLXC106: jherard - Manual Test Run - 22:07 26 Apr 2017</Identifier>
    <Hardware>Processor: 2 x Intel Xeon L5630 @ 2.13GHz (16 Cores), Motherboard: Dell 0MD99X, Memory: 242688MB, Disk: 3999GB Virtual Disk, Graphics: mgadrmfb</Hardware>
    <Software>OS: Debian GNU/Linux 8, Kernel: 3.16.0-4-amd64 (x86_64), Compiler: GCC 4.9.2, File-System: ext4, Screen Resolution: 1280x1024, System Layer: lxc</Software>
    <User>root</User>
    <TimeStamp>2017-04-26 22:08:19</TimeStamp>
    <TestClientVersion></TestClientVersion>
    <Notes></Notes>
    <JSON>{"compiler-configuration":"--build=x86_64-linux-gnu --disable-browser-plugin --disable-vtable-verify --enable-checking=release --enable-clocale=gnu --enable-gnu-unique-object --enable-gtk-cairo --enable-java-awt=gtk --enable-java-home --enable-languages=c,c++,java,go,d,fortran,objc,obj-c++ --enable-libstdcxx-debug --enable-libstdcxx-time=yes --enable-multiarch --enable-multilib --enable-nls --enable-objc-gc --enable-plugin --enable-shared --enable-threads=posix --host=x86_64-linux-gnu --target=x86_64-linux-gnu --with-abi=m64 --with-arch-32=i586 --with-arch-directory=amd64 --with-multilib-list=m32,m64,mx32 --with-tune=generic -v"}</JSON>
  </System>
  <System>
    <Identifier>debLXC101: jherard - Manual Test Run - 22:07 26 Apr 2017</Identifier>
    <Hardware>Processor: 2 x Intel Xeon L5630 @ 2.13GHz (16 Cores), Motherboard: Dell 0MD99X, Memory: 242688MB, Disk: 3999GB Virtual Disk, Graphics: mgadrmfb</Hardware>
    <Software>OS: Debian GNU/Linux 8, Kernel: 3.16.0-4-amd64 (x86_64), Compiler: GCC 4.9.2, File-System: ext4, Screen Resolution: 1280x1024, System Layer: lxc</Software>
    <User>root</User>
    <TimeStamp>2017-04-26 22:08:37</TimeStamp>
    <TestClientVersion></TestClientVersion>
    <Notes></Notes>
    <JSON>{"compiler-configuration":"--build=x86_64-linux-gnu --disable-browser-plugin --disable-vtable-verify --enable-checking=release --enable-clocale=gnu --enable-gnu-unique-object --enable-gtk-cairo --enable-java-awt=gtk --enable-java-home --enable-languages=c,c++,java,go,d,fortran,objc,obj-c++ --enable-libstdcxx-debug --enable-libstdcxx-time=yes --enable-multiarch --enable-multilib --enable-nls --enable-objc-gc --enable-plugin --enable-shared --enable-threads=posix --host=x86_64-linux-gnu --target=x86_64-linux-gnu --with-abi=m64 --with-arch-32=i586 --with-arch-directory=amd64 --with-multilib-list=m32,m64,mx32 --with-tune=generic -v"}</JSON>
  </System>
  <System>
    <Identifier>debLXC104: jherard - Manual Test Run - 22:07 26 Apr 2017</Identifier>
    <Hardware>Processor: 2 x Intel Xeon L5630 @ 2.13GHz (16 Cores), Motherboard: Dell 0MD99X, Memory: 242688MB, Disk: 3999GB Virtual Disk, Graphics: mgadrmfb</Hardware>
    <Software>OS: Debian GNU/Linux 8, Kernel: 3.16.0-4-amd64 (x86_64), Compiler: GCC 4.9.2, File-System: ext4, Screen Resolution: 1280x1024, System Layer: lxc</Software>
    <User>root</User>
    <TimeStamp>2017-04-26 22:08:21</TimeStamp>
    <TestClientVersion></TestClientVersion>
    <Notes></Notes>
    <JSON>{"compiler-configuration":"--build=x86_64-linux-gnu --disable-browser-plugin --disable-vtable-verify --enable-checking=release --enable-clocale=gnu --enable-gnu-unique-object --enable-gtk-cairo --enable-java-awt=gtk --enable-java-home --enable-languages=c,c++,java,go,d,fortran,objc,obj-c++ --enable-libstdcxx-debug --enable-libstdcxx-time=yes --enable-multiarch --enable-multilib --enable-nls --enable-objc-gc --enable-plugin --enable-shared --enable-threads=posix --host=x86_64-linux-gnu --target=x86_64-linux-gnu --with-abi=m64 --with-arch-32=i586 --with-arch-directory=amd64 --with-multilib-list=m32,m64,mx32 --with-tune=generic -v"}</JSON>
  </System>
  <System>
    <Identifier>debLXC110: jherard - Manual Test Run - 22:07 26 Apr 2017</Identifier>
    <Hardware>Processor: 2 x Intel Xeon L5630 @ 2.13GHz (16 Cores), Motherboard: Dell 0MD99X, Memory: 242688MB, Disk: 3999GB Virtual Disk, Graphics: mgadrmfb</Hardware>
    <Software>OS: Debian GNU/Linux 8, Kernel: 3.16.0-4-amd64 (x86_64), Compiler: GCC 4.9.2, File-System: ext4, Screen Resolution: 1280x1024, System Layer: lxc</Software>
    <User>root</User>
    <TimeStamp>2017-04-26 22:08:16</TimeStamp>
    <TestClientVersion></TestClientVersion>
    <Notes></Notes>
    <JSON>{"compiler-configuration":"--build=x86_64-linux-gnu --disable-browser-plugin --disable-vtable-verify --enable-checking=release --enable-clocale=gnu --enable-gnu-unique-object --enable-gtk-cairo --enable-java-awt=gtk --enable-java-home --enable-languages=c,c++,java,go,d,fortran,objc,obj-c++ --enable-libstdcxx-debug --enable-libstdcxx-time=yes --enable-multiarch --enable-multilib --enable-nls --enable-objc-gc --enable-plugin --enable-shared --enable-threads=posix --host=x86_64-linux-gnu --target=x86_64-linux-gnu --with-abi=m64 --with-arch-32=i586 --with-arch-directory=amd64 --with-multilib-list=m32,m64,mx32 --with-tune=generic -v"}</JSON>
  </System>
  <System>
    <Identifier>debLXC103: jherard - Manual Test Run - 22:07 26 Apr 2017</Identifier>
    <Hardware>Processor: 2 x Intel Xeon L5630 @ 2.13GHz (16 Cores), Motherboard: Dell 0MD99X, Memory: 242688MB, Disk: 3999GB Virtual Disk, Graphics: mgadrmfb</Hardware>
    <Software>OS: Debian GNU/Linux 8, Kernel: 3.16.0-4-amd64 (x86_64), Compiler: GCC 4.9.2, File-System: ext4, Screen Resolution: 1280x1024, System Layer: lxc</Software>
    <User>root</User>
    <TimeStamp>2017-04-26 22:08:24</TimeStamp>
    <TestClientVersion></TestClientVersion>
    <Notes></Notes>
    <JSON>{"compiler-configuration":"--build=x86_64-linux-gnu --disable-browser-plugin --disable-vtable-verify --enable-checking=release --enable-clocale=gnu --enable-gnu-unique-object --enable-gtk-cairo --enable-java-awt=gtk --enable-java-home --enable-languages=c,c++,java,go,d,fortran,objc,obj-c++ --enable-libstdcxx-debug --enable-libstdcxx-time=yes --enable-multiarch --enable-multilib --enable-nls --enable-objc-gc --enable-plugin --enable-shared --enable-threads=posix --host=x86_64-linux-gnu --target=x86_64-linux-gnu --with-abi=m64 --with-arch-32=i586 --with-arch-directory=amd64 --with-multilib-list=m32,m64,mx32 --with-tune=generic -v"}</JSON>
  </System>
  <Result>
    <Identifier>pts/apache-1.6.1</Identifier>
    <Title>Apache Benchmark</Title>
    <AppVersion>2.4.7</AppVersion>
    <Arguments></Arguments>
    <Description>Static Web Page Serving</Description>
    <Scale>Requests Per Second</Scale>
    <Proportion>HIB</Proportion>
    <DisplayFormat>BAR_GRAPH</DisplayFormat>
    <Data>
      <Entry>
        <Identifier>debLXC109: jherard - Manual Test Run - 22:07 26 Apr 2017</Identifier>
        <Value>4669.09</Value>
        <RawString>4645.78:4033.08:3977.46:5184.29:5043.42:5130.48</RawString>
        <JSON>{"compiler-options":{"compiler-type":"CC","compiler":"gcc","compiler-options":"-shared -fPIC -O2 -pthread"}}</JSON>
      </Entry>
      <Entry>
        <Identifier>debLXC107: jherard - Manual Test Run - 22:07 26 Apr 2017</Identifier>
        <Value>4695.61</Value>
        <RawString>3978.67:4056.18:4339.79:5188.61:5206.14:5404.26</RawString>
        <JSON>{"compiler-options":{"compiler-type":"CC","compiler":"gcc","compiler-options":"-shared -fPIC -O2 -pthread"}}</JSON>
      </Entry>
      <Entry>
        <Identifier>debLXC105: jherard - Manual Test Run - 22:07 26 Apr 2017</Identifier>
        <Value>4652.33</Value>
        <RawString>4111.51:3850.69:4135.4:5302.2:5161.08:5353.12</RawString>
        <JSON>{"compiler-options":{"compiler-type":"CC","compiler":"gcc","compiler-options":"-shared -fPIC -O2 -pthread"}}</JSON>
      </Entry>
      <Entry>
        <Identifier>debLXC108: jherard - Manual Test Run - 22:07 26 Apr 2017</Identifier>
        <Value>4255.45</Value>
        <RawString>4373.51:4239.53:4153.3</RawString>
        <JSON>{"compiler-options":{"compiler-type":"CC","compiler":"gcc","compiler-options":"-shared -fPIC -O2 -pthread"}}</JSON>
      </Entry>
      <Entry>
        <Identifier>debLXC102: jherard - Manual Test Run - 22:07 26 Apr 2017</Identifier>
        <Value>4123.22</Value>
        <RawString>4133.28:4139.62:4096.76</RawString>
        <JSON>{"compiler-options":{"compiler-type":"CC","compiler":"gcc","compiler-options":"-shared -fPIC -O2 -pthread"}}</JSON>
      </Entry>
      <Entry>
        <Identifier>debLXC106: jherard - Manual Test Run - 22:07 26 Apr 2017</Identifier>
        <Value>4123.12</Value>
        <RawString>4121.63:4019.67:4228.06</RawString>
        <JSON>{"compiler-options":{"compiler-type":"CC","compiler":"gcc","compiler-options":"-shared -fPIC -O2 -pthread"}}</JSON>
      </Entry>
      <Entry>
        <Identifier>debLXC101: jherard - Manual Test Run - 22:07 26 Apr 2017</Identifier>
        <Value>4197.70</Value>
        <RawString>4193.2:4195.85:4204.04</RawString>
        <JSON>{"compiler-options":{"compiler-type":"CC","compiler":"gcc","compiler-options":"-shared -fPIC -O2 -pthread"}}</JSON>
      </Entry>
      <Entry>
        <Identifier>debLXC104: jherard - Manual Test Run - 22:07 26 Apr 2017</Identifier>
        <Value>4075.51</Value>
        <RawString>3998.37:4001.73:4226.44</RawString>
        <JSON>{"compiler-options":{"compiler-type":"CC","compiler":"gcc","compiler-options":"-shared -fPIC -O2 -pthread"}}</JSON>
      </Entry>
      <Entry>
        <Identifier>debLXC110: jherard - Manual Test Run - 22:07 26 Apr 2017</Identifier>
        <Value>4079.77</Value>
        <RawString>4007.39:4071.35:4160.58</RawString>
        <JSON>{"compiler-options":{"compiler-type":"CC","compiler":"gcc","compiler-options":"-shared -fPIC -O2 -pthread"}}</JSON>
      </Entry>
      <Entry>
        <Identifier>debLXC103: jherard - Manual Test Run - 22:07 26 Apr 2017</Identifier>
        <Value>4087.10</Value>
        <RawString>4153.51:4067.52:4040.27</RawString>
        <JSON>{"compiler-options":{"compiler-type":"CC","compiler":"gcc","compiler-options":"-shared -fPIC -O2 -pthread"}}</JSON>
      </Entry>
    </Data>
  </Result>
  <Result>
    <Identifier>pts/phpbench-1.1.0</Identifier>
    <Title>PHPBench</Title>
    <AppVersion>0.8.1</AppVersion>
    <Arguments></Arguments>
    <Description>PHP Benchmark Suite</Description>
    <Scale>Score</Scale>
    <Proportion>HIB</Proportion>
    <DisplayFormat>BAR_GRAPH</DisplayFormat>
    <Data>
      <Entry>
        <Identifier>debLXC109: jherard - Manual Test Run - 22:07 26 Apr 2017</Identifier>
        <Value>38484</Value>
        <RawString>38781:37889:38783</RawString>
      </Entry>
      <Entry>
        <Identifier>debLXC107: jherard - Manual Test Run - 22:07 26 Apr 2017</Identifier>
        <Value>38569</Value>
        <RawString>38028:38261:39417</RawString>
      </Entry>
      <Entry>
        <Identifier>debLXC105: jherard - Manual Test Run - 22:07 26 Apr 2017</Identifier>
        <Value>38169</Value>
        <RawString>38305:37702:38499</RawString>
      </Entry>
      <Entry>
        <Identifier>debLXC108: jherard - Manual Test Run - 22:07 26 Apr 2017</Identifier>
        <Value>39858</Value>
        <RawString>33130:32858:38537:38069:38347:58205</RawString>
      </Entry>
      <Entry>
        <Identifier>debLXC102: jherard - Manual Test Run - 22:07 26 Apr 2017</Identifier>
        <Value>40310</Value>
        <RawString>32803:33412:38626:37939:39415:59664</RawString>
      </Entry>
      <Entry>
        <Identifier>debLXC106: jherard - Manual Test Run - 22:07 26 Apr 2017</Identifier>
        <Value>40420</Value>
        <RawString>32356:33887:38289:38331:39325:60334</RawString>
      </Entry>
      <Entry>
        <Identifier>debLXC101: jherard - Manual Test Run - 22:07 26 Apr 2017</Identifier>
        <Value>40463</Value>
        <RawString>32828:34146:38091:37711:39724:60279</RawString>
      </Entry>
      <Entry>
        <Identifier>debLXC104: jherard - Manual Test Run - 22:07 26 Apr 2017</Identifier>
        <Value>40513</Value>
        <RawString>32725:33438:38560:37903:40215:60237</RawString>
      </Entry>
      <Entry>
        <Identifier>debLXC110: jherard - Manual Test Run - 22:07 26 Apr 2017</Identifier>
        <Value>40458</Value>
        <RawString>31853:33389:38363:38138:40314:60689</RawString>
      </Entry>
      <Entry>
        <Identifier>debLXC103: jherard - Manual Test Run - 22:07 26 Apr 2017</Identifier>
        <Value>40360</Value>
        <RawString>31559:33969:38168:38029:40190:60246</RawString>
      </Entry>
    </Data>
  </Result>
</PhoronixTestSuite>
