<?xml version="1.0"?>
<!--Phoronix Test Suite v7.0.1-->
<PhoronixTestSuite>
  <Generated>
    <Title>Network_LXC - jherard - Manual Test Run - 16:55 22 Apr 2017</Title>
    <LastModified>2017-04-22 17:03:38</LastModified>
    <TestClient>Phoronix Test Suite v7.0.1 (Ringsaker)</TestClient>
    <Description>A Phoromatic run.</Description>
  </Generated>
  <System>
    <Identifier>debLXC2122: jherard - Manual Test Run - 16:55 22 Apr 2017</Identifier>
    <Hardware>Processor: 2 x Intel Xeon L5630 @ 2.13GHz (16 Cores), Motherboard: Dell 0MD99X, Memory: 242688MB, Disk: 3999GB Virtual Disk, Graphics: mgadrmfb</Hardware>
    <Software>OS: Debian GNU/Linux 8, Kernel: 3.16.0-4-amd64 (x86_64), File-System: ext4, Screen Resolution: 1280x1024, System Layer: lxc</Software>
    <User>root</User>
    <TimeStamp>2017-04-22 16:56:08</TimeStamp>
    <TestClientVersion></TestClientVersion>
    <Notes></Notes>
  </System>
  <System>
    <Identifier>debLXC2105: jherard - Manual Test Run - 16:55 22 Apr 2017</Identifier>
    <Hardware>Processor: 2 x Intel Xeon L5630 @ 2.13GHz (16 Cores), Motherboard: Dell 0MD99X, Memory: 242688MB, Disk: 3999GB Virtual Disk, Graphics: mgadrmfb</Hardware>
    <Software>OS: Debian GNU/Linux 8, Kernel: 3.16.0-4-amd64 (x86_64), File-System: ext4, Screen Resolution: 1280x1024, System Layer: lxc</Software>
    <User>root</User>
    <TimeStamp>2017-04-22 16:56:06</TimeStamp>
    <TestClientVersion></TestClientVersion>
    <Notes></Notes>
  </System>
  <System>
    <Identifier>debLXC2106: jherard - Manual Test Run - 16:55 22 Apr 2017</Identifier>
    <Hardware>Processor: 2 x Intel Xeon L5630 @ 2.13GHz (16 Cores), Motherboard: Dell 0MD99X, Memory: 242688MB, Disk: 3999GB Virtual Disk, Graphics: mgadrmfb</Hardware>
    <Software>OS: Debian GNU/Linux 8, Kernel: 3.16.0-4-amd64 (x86_64), File-System: ext4, Screen Resolution: 1280x1024, System Layer: lxc</Software>
    <User>root</User>
    <TimeStamp>2017-04-22 16:56:06</TimeStamp>
    <TestClientVersion></TestClientVersion>
    <Notes></Notes>
  </System>
  <System>
    <Identifier>debLXC2118: jherard - Manual Test Run - 16:55 22 Apr 2017</Identifier>
    <Hardware>Processor: 2 x Intel Xeon L5630 @ 2.13GHz (16 Cores), Motherboard: Dell 0MD99X, Memory: 242688MB, Disk: 3999GB Virtual Disk, Graphics: mgadrmfb</Hardware>
    <Software>OS: Debian GNU/Linux 8, Kernel: 3.16.0-4-amd64 (x86_64), File-System: ext4, Screen Resolution: 1280x1024, System Layer: lxc</Software>
    <User>root</User>
    <TimeStamp>2017-04-22 16:56:04</TimeStamp>
    <TestClientVersion></TestClientVersion>
    <Notes></Notes>
  </System>
  <System>
    <Identifier>debLXC2113: jherard - Manual Test Run - 16:55 22 Apr 2017</Identifier>
    <Hardware>Processor: 2 x Intel Xeon L5630 @ 2.13GHz (16 Cores), Motherboard: Dell 0MD99X, Memory: 242688MB, Disk: 3999GB Virtual Disk, Graphics: mgadrmfb</Hardware>
    <Software>OS: Debian GNU/Linux 8, Kernel: 3.16.0-4-amd64 (x86_64), File-System: ext4, Screen Resolution: 1280x1024, System Layer: lxc</Software>
    <User>root</User>
    <TimeStamp>2017-04-22 16:56:04</TimeStamp>
    <TestClientVersion></TestClientVersion>
    <Notes></Notes>
  </System>
  <System>
    <Identifier>debLXC2101: jherard - Manual Test Run - 16:55 22 Apr 2017</Identifier>
    <Hardware>Processor: 2 x Intel Xeon L5630 @ 2.13GHz (16 Cores), Motherboard: Dell 0MD99X, Memory: 242688MB, Disk: 3999GB Virtual Disk, Graphics: mgadrmfb</Hardware>
    <Software>OS: Debian GNU/Linux 8, Kernel: 3.16.0-4-amd64 (x86_64), File-System: ext4, Screen Resolution: 1280x1024, System Layer: lxc</Software>
    <User>root</User>
    <TimeStamp>2017-04-22 16:55:27</TimeStamp>
    <TestClientVersion></TestClientVersion>
    <Notes></Notes>
  </System>
  <System>
    <Identifier>debLXC2111: jherard - Manual Test Run - 16:55 22 Apr 2017</Identifier>
    <Hardware>Processor: 2 x Intel Xeon L5630 @ 2.13GHz (16 Cores), Motherboard: Dell 0MD99X, Memory: 242688MB, Disk: 3999GB Virtual Disk, Graphics: mgadrmfb</Hardware>
    <Software>OS: Debian GNU/Linux 8, Kernel: 3.16.0-4-amd64 (x86_64), File-System: ext4, Screen Resolution: 1280x1024, System Layer: lxc</Software>
    <User>root</User>
    <TimeStamp>2017-04-22 16:55:22</TimeStamp>
    <TestClientVersion></TestClientVersion>
    <Notes></Notes>
  </System>
  <System>
    <Identifier>debLXC2119: jherard - Manual Test Run - 16:55 22 Apr 2017</Identifier>
    <Hardware>Processor: 2 x Intel Xeon L5630 @ 2.13GHz (16 Cores), Motherboard: Dell 0MD99X, Memory: 242688MB, Disk: 3999GB Virtual Disk, Graphics: mgadrmfb</Hardware>
    <Software>OS: Debian GNU/Linux 8, Kernel: 3.16.0-4-amd64 (x86_64), File-System: ext4, Screen Resolution: 1280x1024, System Layer: lxc</Software>
    <User>root</User>
    <TimeStamp>2017-04-22 16:55:21</TimeStamp>
    <TestClientVersion></TestClientVersion>
    <Notes></Notes>
  </System>
  <System>
    <Identifier>debLXC2121: jherard - Manual Test Run - 16:55 22 Apr 2017</Identifier>
    <Hardware>Processor: 2 x Intel Xeon L5630 @ 2.13GHz (16 Cores), Motherboard: Dell 0MD99X, Memory: 242688MB, Disk: 3999GB Virtual Disk, Graphics: mgadrmfb</Hardware>
    <Software>OS: Debian GNU/Linux 8, Kernel: 3.16.0-4-amd64 (x86_64), File-System: ext4, Screen Resolution: 1280x1024, System Layer: lxc</Software>
    <User>root</User>
    <TimeStamp>2017-04-22 16:55:20</TimeStamp>
    <TestClientVersion></TestClientVersion>
    <Notes></Notes>
  </System>
  <System>
    <Identifier>debLXC2124: jherard - Manual Test Run - 16:55 22 Apr 2017</Identifier>
    <Hardware>Processor: 2 x Intel Xeon L5630 @ 2.13GHz (16 Cores), Motherboard: Dell 0MD99X, Memory: 242688MB, Disk: 3999GB Virtual Disk, Graphics: mgadrmfb</Hardware>
    <Software>OS: Debian GNU/Linux 8, Kernel: 3.16.0-4-amd64 (x86_64), File-System: ext4, Screen Resolution: 1280x1024, System Layer: lxc</Software>
    <User>root</User>
    <TimeStamp>2017-04-22 16:55:19</TimeStamp>
    <TestClientVersion></TestClientVersion>
    <Notes></Notes>
  </System>
  <System>
    <Identifier>debLXC2115: jherard - Manual Test Run - 16:55 22 Apr 2017</Identifier>
    <Hardware>Processor: 2 x Intel Xeon L5630 @ 2.13GHz (16 Cores), Motherboard: Dell 0MD99X, Memory: 242688MB, Disk: 3999GB Virtual Disk, Graphics: mgadrmfb</Hardware>
    <Software>OS: Debian GNU/Linux 8, Kernel: 3.16.0-4-amd64 (x86_64), File-System: ext4, Screen Resolution: 1280x1024, System Layer: lxc</Software>
    <User>root</User>
    <TimeStamp>2017-04-22 16:55:18</TimeStamp>
    <TestClientVersion></TestClientVersion>
    <Notes></Notes>
  </System>
  <System>
    <Identifier>debLXC2114: jherard - Manual Test Run - 16:55 22 Apr 2017</Identifier>
    <Hardware>Processor: 2 x Intel Xeon L5630 @ 2.13GHz (16 Cores), Motherboard: Dell 0MD99X, Memory: 242688MB, Disk: 3999GB Virtual Disk, Graphics: mgadrmfb</Hardware>
    <Software>OS: Debian GNU/Linux 8, Kernel: 3.16.0-4-amd64 (x86_64), File-System: ext4, Screen Resolution: 1280x1024, System Layer: lxc</Software>
    <User>root</User>
    <TimeStamp>2017-04-22 16:55:16</TimeStamp>
    <TestClientVersion></TestClientVersion>
    <Notes></Notes>
  </System>
  <System>
    <Identifier>debLXC2116: jherard - Manual Test Run - 16:55 22 Apr 2017</Identifier>
    <Hardware>Processor: 2 x Intel Xeon L5630 @ 2.13GHz (16 Cores), Motherboard: Dell 0MD99X, Memory: 242688MB, Disk: 3999GB Virtual Disk, Graphics: mgadrmfb</Hardware>
    <Software>OS: Debian GNU/Linux 8, Kernel: 3.16.0-4-amd64 (x86_64), File-System: ext4, Screen Resolution: 1280x1024, System Layer: lxc</Software>
    <User>root</User>
    <TimeStamp>2017-04-22 16:55:16</TimeStamp>
    <TestClientVersion></TestClientVersion>
    <Notes></Notes>
  </System>
  <System>
    <Identifier>debLXC2125: jherard - Manual Test Run - 16:55 22 Apr 2017</Identifier>
    <Hardware>Processor: 2 x Intel Xeon L5630 @ 2.13GHz (16 Cores), Motherboard: Dell 0MD99X, Memory: 242688MB, Disk: 3999GB Virtual Disk, Graphics: mgadrmfb</Hardware>
    <Software>OS: Debian GNU/Linux 8, Kernel: 3.16.0-4-amd64 (x86_64), File-System: ext4, Screen Resolution: 1280x1024, System Layer: lxc</Software>
    <User>root</User>
    <TimeStamp>2017-04-22 16:55:16</TimeStamp>
    <TestClientVersion></TestClientVersion>
    <Notes></Notes>
  </System>
  <System>
    <Identifier>debLXC2123: jherard - Manual Test Run - 16:55 22 Apr 2017</Identifier>
    <Hardware>Processor: 2 x Intel Xeon L5630 @ 2.13GHz (16 Cores), Motherboard: Dell 0MD99X, Memory: 242688MB, Disk: 3999GB Virtual Disk, Graphics: mgadrmfb</Hardware>
    <Software>OS: Debian GNU/Linux 8, Kernel: 3.16.0-4-amd64 (x86_64), File-System: ext4, Screen Resolution: 1280x1024, System Layer: lxc</Software>
    <User>root</User>
    <TimeStamp>2017-04-22 16:55:15</TimeStamp>
    <TestClientVersion></TestClientVersion>
    <Notes></Notes>
  </System>
  <System>
    <Identifier>debLXC2110: jherard - Manual Test Run - 16:55 22 Apr 2017</Identifier>
    <Hardware>Processor: 2 x Intel Xeon L5630 @ 2.13GHz (16 Cores), Motherboard: Dell 0MD99X, Memory: 242688MB, Disk: 3999GB Virtual Disk, Graphics: mgadrmfb</Hardware>
    <Software>OS: Debian GNU/Linux 8, Kernel: 3.16.0-4-amd64 (x86_64), File-System: ext4, Screen Resolution: 1280x1024, System Layer: lxc</Software>
    <User>root</User>
    <TimeStamp>2017-04-22 16:55:13</TimeStamp>
    <TestClientVersion></TestClientVersion>
    <Notes></Notes>
  </System>
  <System>
    <Identifier>debLXC2117: jherard - Manual Test Run - 16:55 22 Apr 2017</Identifier>
    <Hardware>Processor: 2 x Intel Xeon L5630 @ 2.13GHz (16 Cores), Motherboard: Dell 0MD99X, Memory: 242688MB, Disk: 3999GB Virtual Disk, Graphics: mgadrmfb</Hardware>
    <Software>OS: Debian GNU/Linux 8, Kernel: 3.16.0-4-amd64 (x86_64), File-System: ext4, Screen Resolution: 1280x1024, System Layer: lxc</Software>
    <User>root</User>
    <TimeStamp>2017-04-22 16:55:13</TimeStamp>
    <TestClientVersion></TestClientVersion>
    <Notes></Notes>
  </System>
  <System>
    <Identifier>debLXC2103: jherard - Manual Test Run - 16:55 22 Apr 2017</Identifier>
    <Hardware>Processor: 2 x Intel Xeon L5630 @ 2.13GHz (16 Cores), Motherboard: Dell 0MD99X, Memory: 242688MB, Disk: 3999GB Virtual Disk, Graphics: mgadrmfb</Hardware>
    <Software>OS: Debian GNU/Linux 8, Kernel: 3.16.0-4-amd64 (x86_64), File-System: ext4, Screen Resolution: 1280x1024, System Layer: lxc</Software>
    <User>root</User>
    <TimeStamp>2017-04-22 16:55:12</TimeStamp>
    <TestClientVersion></TestClientVersion>
    <Notes></Notes>
  </System>
  <System>
    <Identifier>debLXC2120: jherard - Manual Test Run - 16:55 22 Apr 2017</Identifier>
    <Hardware>Processor: 2 x Intel Xeon L5630 @ 2.13GHz (16 Cores), Motherboard: Dell 0MD99X, Memory: 242688MB, Disk: 3999GB Virtual Disk, Graphics: mgadrmfb</Hardware>
    <Software>OS: Debian GNU/Linux 8, Kernel: 3.16.0-4-amd64 (x86_64), File-System: ext4, Screen Resolution: 1280x1024, System Layer: lxc</Software>
    <User>root</User>
    <TimeStamp>2017-04-22 16:55:12</TimeStamp>
    <TestClientVersion></TestClientVersion>
    <Notes></Notes>
  </System>
  <System>
    <Identifier>debLXC2107: jherard - Manual Test Run - 16:55 22 Apr 2017</Identifier>
    <Hardware>Processor: 2 x Intel Xeon L5630 @ 2.13GHz (16 Cores), Motherboard: Dell 0MD99X, Memory: 242688MB, Disk: 3999GB Virtual Disk, Graphics: mgadrmfb</Hardware>
    <Software>OS: Debian GNU/Linux 8, Kernel: 3.16.0-4-amd64 (x86_64), File-System: ext4, Screen Resolution: 1280x1024, System Layer: lxc</Software>
    <User>root</User>
    <TimeStamp>2017-04-22 16:55:11</TimeStamp>
    <TestClientVersion></TestClientVersion>
    <Notes></Notes>
  </System>
  <System>
    <Identifier>debLXC2108: jherard - Manual Test Run - 16:55 22 Apr 2017</Identifier>
    <Hardware>Processor: 2 x Intel Xeon L5630 @ 2.13GHz (16 Cores), Motherboard: Dell 0MD99X, Memory: 242688MB, Disk: 3999GB Virtual Disk, Graphics: mgadrmfb</Hardware>
    <Software>OS: Debian GNU/Linux 8, Kernel: 3.16.0-4-amd64 (x86_64), File-System: ext4, Screen Resolution: 1280x1024, System Layer: lxc</Software>
    <User>root</User>
    <TimeStamp>2017-04-22 16:55:10</TimeStamp>
    <TestClientVersion></TestClientVersion>
    <Notes></Notes>
  </System>
  <System>
    <Identifier>debLXC2104: jherard - Manual Test Run - 16:55 22 Apr 2017</Identifier>
    <Hardware>Processor: 2 x Intel Xeon L5630 @ 2.13GHz (16 Cores), Motherboard: Dell 0MD99X, Memory: 242688MB, Disk: 3999GB Virtual Disk, Graphics: mgadrmfb</Hardware>
    <Software>OS: Debian GNU/Linux 8, Kernel: 3.16.0-4-amd64 (x86_64), File-System: ext4, Screen Resolution: 1280x1024, System Layer: lxc</Software>
    <User>root</User>
    <TimeStamp>2017-04-22 16:55:10</TimeStamp>
    <TestClientVersion></TestClientVersion>
    <Notes></Notes>
  </System>
  <System>
    <Identifier>debLXC2112: jherard - Manual Test Run - 16:55 22 Apr 2017</Identifier>
    <Hardware>Processor: 2 x Intel Xeon L5630 @ 2.13GHz (16 Cores), Motherboard: Dell 0MD99X, Memory: 242688MB, Disk: 3999GB Virtual Disk, Graphics: mgadrmfb</Hardware>
    <Software>OS: Debian GNU/Linux 8, Kernel: 3.16.0-4-amd64 (x86_64), File-System: ext4, Screen Resolution: 1280x1024, System Layer: lxc</Software>
    <User>root</User>
    <TimeStamp>2017-04-22 16:55:09</TimeStamp>
    <TestClientVersion></TestClientVersion>
    <Notes></Notes>
  </System>
  <System>
    <Identifier>debLXC2102: jherard - Manual Test Run - 16:55 22 Apr 2017</Identifier>
    <Hardware>Processor: 2 x Intel Xeon L5630 @ 2.13GHz (16 Cores), Motherboard: Dell 0MD99X, Memory: 242688MB, Disk: 3999GB Virtual Disk, Graphics: mgadrmfb</Hardware>
    <Software>OS: Debian GNU/Linux 8, Kernel: 3.16.0-4-amd64 (x86_64), File-System: ext4, Screen Resolution: 1280x1024, System Layer: lxc</Software>
    <User>root</User>
    <TimeStamp>2017-04-22 16:55:09</TimeStamp>
    <TestClientVersion></TestClientVersion>
    <Notes></Notes>
  </System>
  <System>
    <Identifier>debLXC2109: jherard - Manual Test Run - 16:55 22 Apr 2017</Identifier>
    <Hardware>Processor: 2 x Intel Xeon L5630 @ 2.13GHz (16 Cores), Motherboard: Dell 0MD99X, Memory: 242688MB, Disk: 3999GB Virtual Disk, Graphics: mgadrmfb</Hardware>
    <Software>OS: Debian GNU/Linux 8, Kernel: 3.16.0-4-amd64 (x86_64), File-System: ext4, Screen Resolution: 1280x1024, System Layer: lxc</Software>
    <User>root</User>
    <TimeStamp>2017-04-22 16:55:09</TimeStamp>
    <TestClientVersion></TestClientVersion>
    <Notes></Notes>
  </System>
  <Result>
    <Identifier>pts/network-loopback-1.0.1</Identifier>
    <Title>Loopback TCP Network Performance</Title>
    <AppVersion></AppVersion>
    <Arguments></Arguments>
    <Description>Time To Transfer 10GB Via Loopback</Description>
    <Scale>Seconds</Scale>
    <Proportion>LIB</Proportion>
    <DisplayFormat>BAR_GRAPH</DisplayFormat>
    <Data>
      <Entry>
        <Identifier>debLXC2122: jherard - Manual Test Run - 16:55 22 Apr 2017</Identifier>
        <Value>3.01</Value>
        <RawString>3.0065870285034:3.0065829753876:3.0071649551392</RawString>
      </Entry>
      <Entry>
        <Identifier>debLXC2105: jherard - Manual Test Run - 16:55 22 Apr 2017</Identifier>
        <Value>3.01</Value>
        <RawString>3.0070781707764:3.0067510604858:3.0064921379089</RawString>
      </Entry>
      <Entry>
        <Identifier>debLXC2106: jherard - Manual Test Run - 16:55 22 Apr 2017</Identifier>
        <Value>3.01</Value>
        <RawString>3.0070021152496:3.0070908069611:3.0067479610443</RawString>
      </Entry>
      <Entry>
        <Identifier>debLXC2118: jherard - Manual Test Run - 16:55 22 Apr 2017</Identifier>
        <Value>3.01</Value>
        <RawString>3.0066769123077:3.0065801143646:3.0071141719818</RawString>
      </Entry>
      <Entry>
        <Identifier>debLXC2113: jherard - Manual Test Run - 16:55 22 Apr 2017</Identifier>
        <Value>3.01</Value>
        <RawString>3.0067551136017:3.0065150260925:3.0065350532532</RawString>
      </Entry>
      <Entry>
        <Identifier>debLXC2101: jherard - Manual Test Run - 16:55 22 Apr 2017</Identifier>
        <Value>3.01</Value>
        <RawString>3.0067219734192:3.0069739818573:3.0073380470276</RawString>
      </Entry>
      <Entry>
        <Identifier>debLXC2111: jherard - Manual Test Run - 16:55 22 Apr 2017</Identifier>
        <Value>3.01</Value>
        <RawString>3.01407122612:3.0067939758301:3.0068988800049</RawString>
      </Entry>
      <Entry>
        <Identifier>debLXC2119: jherard - Manual Test Run - 16:55 22 Apr 2017</Identifier>
        <Value>3.01</Value>
        <RawString>3.0149328708649:3.0069010257721:3.0072150230408</RawString>
      </Entry>
      <Entry>
        <Identifier>debLXC2121: jherard - Manual Test Run - 16:55 22 Apr 2017</Identifier>
        <Value>3.01</Value>
        <RawString>3.0070099830627:3.0067398548126:3.0070128440857</RawString>
      </Entry>
      <Entry>
        <Identifier>debLXC2124: jherard - Manual Test Run - 16:55 22 Apr 2017</Identifier>
        <Value>3.01</Value>
        <RawString>3.0069270133972:3.0066969394684:3.0067739486694</RawString>
      </Entry>
      <Entry>
        <Identifier>debLXC2115: jherard - Manual Test Run - 16:55 22 Apr 2017</Identifier>
        <Value>3.01</Value>
        <RawString>3.0067880153656:3.0069570541382:3.0068411827087</RawString>
      </Entry>
      <Entry>
        <Identifier>debLXC2114: jherard - Manual Test Run - 16:55 22 Apr 2017</Identifier>
        <Value>3.01</Value>
        <RawString>3.0070779323578:3.0084590911865:3.0068910121918</RawString>
      </Entry>
      <Entry>
        <Identifier>debLXC2116: jherard - Manual Test Run - 16:55 22 Apr 2017</Identifier>
        <Value>3.01</Value>
        <RawString>3.0070540904999:3.0067870616913:3.0106880664825</RawString>
      </Entry>
      <Entry>
        <Identifier>debLXC2125: jherard - Manual Test Run - 16:55 22 Apr 2017</Identifier>
        <Value>3.01</Value>
        <RawString>3.0072729587555:3.0066590309143:3.0066440105438</RawString>
      </Entry>
      <Entry>
        <Identifier>debLXC2123: jherard - Manual Test Run - 16:55 22 Apr 2017</Identifier>
        <Value>3.01</Value>
        <RawString>3.0070178508759:3.0066869258881:3.007178068161</RawString>
      </Entry>
      <Entry>
        <Identifier>debLXC2110: jherard - Manual Test Run - 16:55 22 Apr 2017</Identifier>
        <Value>3.01</Value>
        <RawString>3.0074648857117:3.0071930885315:3.0068120956421</RawString>
      </Entry>
      <Entry>
        <Identifier>debLXC2117: jherard - Manual Test Run - 16:55 22 Apr 2017</Identifier>
        <Value>3.01</Value>
        <RawString>3.0070428848267:3.0070240497589:3.0172731876373</RawString>
      </Entry>
      <Entry>
        <Identifier>debLXC2103: jherard - Manual Test Run - 16:55 22 Apr 2017</Identifier>
        <Value>3.01</Value>
        <RawString>3.0069470405579:3.0070509910583:3.0067610740662</RawString>
      </Entry>
      <Entry>
        <Identifier>debLXC2120: jherard - Manual Test Run - 16:55 22 Apr 2017</Identifier>
        <Value>3.01</Value>
        <RawString>3.0068111419678:3.0069780349731:3.0066909790039</RawString>
      </Entry>
      <Entry>
        <Identifier>debLXC2107: jherard - Manual Test Run - 16:55 22 Apr 2017</Identifier>
        <Value>3.01</Value>
        <RawString>3.0070660114288:3.0072190761566:3.0074310302734</RawString>
      </Entry>
      <Entry>
        <Identifier>debLXC2108: jherard - Manual Test Run - 16:55 22 Apr 2017</Identifier>
        <Value>3.01</Value>
        <RawString>3.0067160129547:3.0211138725281:3.0069940090179</RawString>
      </Entry>
      <Entry>
        <Identifier>debLXC2104: jherard - Manual Test Run - 16:55 22 Apr 2017</Identifier>
        <Value>3.01</Value>
        <RawString>3.0064368247986:3.0069680213928:3.0072569847107</RawString>
      </Entry>
      <Entry>
        <Identifier>debLXC2112: jherard - Manual Test Run - 16:55 22 Apr 2017</Identifier>
        <Value>3.01</Value>
        <RawString>3.0068650245667:3.0074579715729:3.0068480968475</RawString>
      </Entry>
      <Entry>
        <Identifier>debLXC2102: jherard - Manual Test Run - 16:55 22 Apr 2017</Identifier>
        <Value>3.01</Value>
        <RawString>3.0067360401154:3.0074360370636:3.0070579051971</RawString>
      </Entry>
      <Entry>
        <Identifier>debLXC2109: jherard - Manual Test Run - 16:55 22 Apr 2017</Identifier>
        <Value>3.01</Value>
        <RawString>3.0071060657501:3.0077390670776:3.0064601898193</RawString>
      </Entry>
    </Data>
  </Result>
</PhoronixTestSuite>
