<?xml version="1.0"?>
<!--Phoronix Test Suite v7.0.1-->
<PhoronixTestSuite>
  <Generated>
    <Title>LXC_MEMORY_10 - 2017-04-26</Title>
    <LastModified>2017-04-26 22:09:52</LastModified>
    <TestClient>Phoronix Test Suite v7.0.1 (Ringsaker)</TestClient>
    <Description>A Phoromatic run.</Description>
  </Generated>
  <System>
    <Identifier>debLXC108: 2017-04-26</Identifier>
    <Hardware>Processor: 2 x Intel Xeon L5630 @ 2.13GHz (16 Cores), Motherboard: Dell 0MD99X, Memory: 242688MB, Disk: 3999GB Virtual Disk, Graphics: mgadrmfb</Hardware>
    <Software>OS: Debian GNU/Linux 8, Kernel: 3.16.0-4-amd64 (x86_64), Compiler: GCC 4.9.2, File-System: ext4, Screen Resolution: 1280x1024, System Layer: lxc</Software>
    <User>root</User>
    <TimeStamp>2017-04-26 21:10:43</TimeStamp>
    <TestClientVersion></TestClientVersion>
    <Notes></Notes>
    <JSON>{"compiler-configuration":"--build=x86_64-linux-gnu --disable-browser-plugin --disable-vtable-verify --enable-checking=release --enable-clocale=gnu --enable-gnu-unique-object --enable-gtk-cairo --enable-java-awt=gtk --enable-java-home --enable-languages=c,c++,java,go,d,fortran,objc,obj-c++ --enable-libstdcxx-debug --enable-libstdcxx-time=yes --enable-multiarch --enable-multilib --enable-nls --enable-objc-gc --enable-plugin --enable-shared --enable-threads=posix --host=x86_64-linux-gnu --target=x86_64-linux-gnu --with-abi=m64 --with-arch-32=i586 --with-arch-directory=amd64 --with-multilib-list=m32,m64,mx32 --with-tune=generic -v"}</JSON>
  </System>
  <System>
    <Identifier>debLXC104: 2017-04-26</Identifier>
    <Hardware>Processor: 2 x Intel Xeon L5630 @ 2.13GHz (16 Cores), Motherboard: Dell 0MD99X, Memory: 242688MB, Disk: 3999GB Virtual Disk, Graphics: mgadrmfb</Hardware>
    <Software>OS: Debian GNU/Linux 8, Kernel: 3.16.0-4-amd64 (x86_64), Compiler: GCC 4.9.2, File-System: ext4, Screen Resolution: 1280x1024, System Layer: lxc</Software>
    <User>root</User>
    <TimeStamp>2017-04-26 21:10:50</TimeStamp>
    <TestClientVersion></TestClientVersion>
    <Notes></Notes>
    <JSON>{"compiler-configuration":"--build=x86_64-linux-gnu --disable-browser-plugin --disable-vtable-verify --enable-checking=release --enable-clocale=gnu --enable-gnu-unique-object --enable-gtk-cairo --enable-java-awt=gtk --enable-java-home --enable-languages=c,c++,java,go,d,fortran,objc,obj-c++ --enable-libstdcxx-debug --enable-libstdcxx-time=yes --enable-multiarch --enable-multilib --enable-nls --enable-objc-gc --enable-plugin --enable-shared --enable-threads=posix --host=x86_64-linux-gnu --target=x86_64-linux-gnu --with-abi=m64 --with-arch-32=i586 --with-arch-directory=amd64 --with-multilib-list=m32,m64,mx32 --with-tune=generic -v"}</JSON>
  </System>
  <System>
    <Identifier>debLXC103: 2017-04-26</Identifier>
    <Hardware>Processor: 2 x Intel Xeon L5630 @ 2.13GHz (16 Cores), Motherboard: Dell 0MD99X, Memory: 242688MB, Disk: 3999GB Virtual Disk, Graphics: mgadrmfb</Hardware>
    <Software>OS: Debian GNU/Linux 8, Kernel: 3.16.0-4-amd64 (x86_64), Compiler: GCC 4.9.2, File-System: ext4, Screen Resolution: 1280x1024, System Layer: lxc</Software>
    <User>root</User>
    <TimeStamp>2017-04-26 21:10:41</TimeStamp>
    <TestClientVersion></TestClientVersion>
    <Notes></Notes>
    <JSON>{"compiler-configuration":"--build=x86_64-linux-gnu --disable-browser-plugin --disable-vtable-verify --enable-checking=release --enable-clocale=gnu --enable-gnu-unique-object --enable-gtk-cairo --enable-java-awt=gtk --enable-java-home --enable-languages=c,c++,java,go,d,fortran,objc,obj-c++ --enable-libstdcxx-debug --enable-libstdcxx-time=yes --enable-multiarch --enable-multilib --enable-nls --enable-objc-gc --enable-plugin --enable-shared --enable-threads=posix --host=x86_64-linux-gnu --target=x86_64-linux-gnu --with-abi=m64 --with-arch-32=i586 --with-arch-directory=amd64 --with-multilib-list=m32,m64,mx32 --with-tune=generic -v"}</JSON>
  </System>
  <System>
    <Identifier>debLXC105: 2017-04-26</Identifier>
    <Hardware>Processor: 2 x Intel Xeon L5630 @ 2.13GHz (16 Cores), Motherboard: Dell 0MD99X, Memory: 242688MB, Disk: 3999GB Virtual Disk, Graphics: mgadrmfb</Hardware>
    <Software>OS: Debian GNU/Linux 8, Kernel: 3.16.0-4-amd64 (x86_64), Compiler: GCC 4.9.2, File-System: ext4, Screen Resolution: 1280x1024, System Layer: lxc</Software>
    <User>root</User>
    <TimeStamp>2017-04-26 21:10:50</TimeStamp>
    <TestClientVersion></TestClientVersion>
    <Notes></Notes>
    <JSON>{"compiler-configuration":"--build=x86_64-linux-gnu --disable-browser-plugin --disable-vtable-verify --enable-checking=release --enable-clocale=gnu --enable-gnu-unique-object --enable-gtk-cairo --enable-java-awt=gtk --enable-java-home --enable-languages=c,c++,java,go,d,fortran,objc,obj-c++ --enable-libstdcxx-debug --enable-libstdcxx-time=yes --enable-multiarch --enable-multilib --enable-nls --enable-objc-gc --enable-plugin --enable-shared --enable-threads=posix --host=x86_64-linux-gnu --target=x86_64-linux-gnu --with-abi=m64 --with-arch-32=i586 --with-arch-directory=amd64 --with-multilib-list=m32,m64,mx32 --with-tune=generic -v"}</JSON>
  </System>
  <System>
    <Identifier>debLXC109: 2017-04-26</Identifier>
    <Hardware>Processor: 2 x Intel Xeon L5630 @ 2.13GHz (16 Cores), Motherboard: Dell 0MD99X, Memory: 242688MB, Disk: 3999GB Virtual Disk, Graphics: mgadrmfb</Hardware>
    <Software>OS: Debian GNU/Linux 8, Kernel: 3.16.0-4-amd64 (x86_64), Compiler: GCC 4.9.2, File-System: ext4, Screen Resolution: 1280x1024, System Layer: lxc</Software>
    <User>root</User>
    <TimeStamp>2017-04-26 21:10:24</TimeStamp>
    <TestClientVersion></TestClientVersion>
    <Notes></Notes>
    <JSON>{"compiler-configuration":"--build=x86_64-linux-gnu --disable-browser-plugin --disable-vtable-verify --enable-checking=release --enable-clocale=gnu --enable-gnu-unique-object --enable-gtk-cairo --enable-java-awt=gtk --enable-java-home --enable-languages=c,c++,java,go,d,fortran,objc,obj-c++ --enable-libstdcxx-debug --enable-libstdcxx-time=yes --enable-multiarch --enable-multilib --enable-nls --enable-objc-gc --enable-plugin --enable-shared --enable-threads=posix --host=x86_64-linux-gnu --target=x86_64-linux-gnu --with-abi=m64 --with-arch-32=i586 --with-arch-directory=amd64 --with-multilib-list=m32,m64,mx32 --with-tune=generic -v"}</JSON>
  </System>
  <System>
    <Identifier>debLXC102: 2017-04-26</Identifier>
    <Hardware>Processor: 2 x Intel Xeon L5630 @ 2.13GHz (16 Cores), Motherboard: Dell 0MD99X, Memory: 242688MB, Disk: 3999GB Virtual Disk, Graphics: mgadrmfb</Hardware>
    <Software>OS: Debian GNU/Linux 8, Kernel: 3.16.0-4-amd64 (x86_64), Compiler: GCC 4.9.2, File-System: ext4, Screen Resolution: 1280x1024, System Layer: lxc</Software>
    <User>root</User>
    <TimeStamp>2017-04-26 21:10:25</TimeStamp>
    <TestClientVersion></TestClientVersion>
    <Notes></Notes>
    <JSON>{"compiler-configuration":"--build=x86_64-linux-gnu --disable-browser-plugin --disable-vtable-verify --enable-checking=release --enable-clocale=gnu --enable-gnu-unique-object --enable-gtk-cairo --enable-java-awt=gtk --enable-java-home --enable-languages=c,c++,java,go,d,fortran,objc,obj-c++ --enable-libstdcxx-debug --enable-libstdcxx-time=yes --enable-multiarch --enable-multilib --enable-nls --enable-objc-gc --enable-plugin --enable-shared --enable-threads=posix --host=x86_64-linux-gnu --target=x86_64-linux-gnu --with-abi=m64 --with-arch-32=i586 --with-arch-directory=amd64 --with-multilib-list=m32,m64,mx32 --with-tune=generic -v"}</JSON>
  </System>
  <System>
    <Identifier>debLXC110: 2017-04-26</Identifier>
    <Hardware>Processor: 2 x Intel Xeon L5630 @ 2.13GHz (16 Cores), Motherboard: Dell 0MD99X, Memory: 242688MB, Disk: 3999GB Virtual Disk, Graphics: mgadrmfb</Hardware>
    <Software>OS: Debian GNU/Linux 8, Kernel: 3.16.0-4-amd64 (x86_64), Compiler: GCC 4.9.2, File-System: ext4, Screen Resolution: 1280x1024, System Layer: lxc</Software>
    <User>root</User>
    <TimeStamp>2017-04-26 21:10:53</TimeStamp>
    <TestClientVersion></TestClientVersion>
    <Notes></Notes>
    <JSON>{"compiler-configuration":"--build=x86_64-linux-gnu --disable-browser-plugin --disable-vtable-verify --enable-checking=release --enable-clocale=gnu --enable-gnu-unique-object --enable-gtk-cairo --enable-java-awt=gtk --enable-java-home --enable-languages=c,c++,java,go,d,fortran,objc,obj-c++ --enable-libstdcxx-debug --enable-libstdcxx-time=yes --enable-multiarch --enable-multilib --enable-nls --enable-objc-gc --enable-plugin --enable-shared --enable-threads=posix --host=x86_64-linux-gnu --target=x86_64-linux-gnu --with-abi=m64 --with-arch-32=i586 --with-arch-directory=amd64 --with-multilib-list=m32,m64,mx32 --with-tune=generic -v"}</JSON>
  </System>
  <System>
    <Identifier>debLXC106: 2017-04-26</Identifier>
    <Hardware>Processor: 2 x Intel Xeon L5630 @ 2.13GHz (16 Cores), Motherboard: Dell 0MD99X, Memory: 242688MB, Disk: 3999GB Virtual Disk, Graphics: mgadrmfb</Hardware>
    <Software>OS: Debian GNU/Linux 8, Kernel: 3.16.0-4-amd64 (x86_64), Compiler: GCC 4.9.2, File-System: ext4, Screen Resolution: 1280x1024, System Layer: lxc</Software>
    <User>root</User>
    <TimeStamp>2017-04-26 21:11:00</TimeStamp>
    <TestClientVersion></TestClientVersion>
    <Notes></Notes>
    <JSON>{"compiler-configuration":"--build=x86_64-linux-gnu --disable-browser-plugin --disable-vtable-verify --enable-checking=release --enable-clocale=gnu --enable-gnu-unique-object --enable-gtk-cairo --enable-java-awt=gtk --enable-java-home --enable-languages=c,c++,java,go,d,fortran,objc,obj-c++ --enable-libstdcxx-debug --enable-libstdcxx-time=yes --enable-multiarch --enable-multilib --enable-nls --enable-objc-gc --enable-plugin --enable-shared --enable-threads=posix --host=x86_64-linux-gnu --target=x86_64-linux-gnu --with-abi=m64 --with-arch-32=i586 --with-arch-directory=amd64 --with-multilib-list=m32,m64,mx32 --with-tune=generic -v"}</JSON>
  </System>
  <System>
    <Identifier>debLXC101: 2017-04-26</Identifier>
    <Hardware>Processor: 2 x Intel Xeon L5630 @ 2.13GHz (16 Cores), Motherboard: Dell 0MD99X, Memory: 242688MB, Disk: 3999GB Virtual Disk, Graphics: mgadrmfb</Hardware>
    <Software>OS: Debian GNU/Linux 8, Kernel: 3.16.0-4-amd64 (x86_64), Compiler: GCC 4.9.2, File-System: ext4, Screen Resolution: 1280x1024, System Layer: lxc</Software>
    <User>root</User>
    <TimeStamp>2017-04-26 21:10:59</TimeStamp>
    <TestClientVersion></TestClientVersion>
    <Notes></Notes>
    <JSON>{"compiler-configuration":"--build=x86_64-linux-gnu --disable-browser-plugin --disable-vtable-verify --enable-checking=release --enable-clocale=gnu --enable-gnu-unique-object --enable-gtk-cairo --enable-java-awt=gtk --enable-java-home --enable-languages=c,c++,java,go,d,fortran,objc,obj-c++ --enable-libstdcxx-debug --enable-libstdcxx-time=yes --enable-multiarch --enable-multilib --enable-nls --enable-objc-gc --enable-plugin --enable-shared --enable-threads=posix --host=x86_64-linux-gnu --target=x86_64-linux-gnu --with-abi=m64 --with-arch-32=i586 --with-arch-directory=amd64 --with-multilib-list=m32,m64,mx32 --with-tune=generic -v"}</JSON>
  </System>
  <System>
    <Identifier>debLXC107: 2017-04-26</Identifier>
    <Hardware>Processor: 2 x Intel Xeon L5630 @ 2.13GHz (16 Cores), Motherboard: Dell 0MD99X, Memory: 242688MB, Disk: 3999GB Virtual Disk, Graphics: mgadrmfb</Hardware>
    <Software>OS: Debian GNU/Linux 8, Kernel: 3.16.0-4-amd64 (x86_64), Compiler: GCC 4.9.2, File-System: ext4, Screen Resolution: 1280x1024, System Layer: lxc</Software>
    <User>root</User>
    <TimeStamp>2017-04-26 21:10:59</TimeStamp>
    <TestClientVersion></TestClientVersion>
    <Notes></Notes>
    <JSON>{"compiler-configuration":"--build=x86_64-linux-gnu --disable-browser-plugin --disable-vtable-verify --enable-checking=release --enable-clocale=gnu --enable-gnu-unique-object --enable-gtk-cairo --enable-java-awt=gtk --enable-java-home --enable-languages=c,c++,java,go,d,fortran,objc,obj-c++ --enable-libstdcxx-debug --enable-libstdcxx-time=yes --enable-multiarch --enable-multilib --enable-nls --enable-objc-gc --enable-plugin --enable-shared --enable-threads=posix --host=x86_64-linux-gnu --target=x86_64-linux-gnu --with-abi=m64 --with-arch-32=i586 --with-arch-directory=amd64 --with-multilib-list=m32,m64,mx32 --with-tune=generic -v"}</JSON>
  </System>
  <Result>
    <Identifier>pts/ramspeed-1.4.0</Identifier>
    <Title>RAMspeed SMP</Title>
    <AppVersion>3.5.0</AppVersion>
    <Arguments>COPY -b 3</Arguments>
    <Description>Type: Copy - Benchmark: Integer</Description>
    <Scale>MB/s</Scale>
    <Proportion>HIB</Proportion>
    <DisplayFormat>BAR_GRAPH</DisplayFormat>
    <Data>
      <Entry>
        <Identifier>debLXC108: 2017-04-26</Identifier>
        <Value>1768.76</Value>
        <RawString></RawString>
        <JSON>{"compiler-options":{"compiler-type":"CC","compiler":"gcc","compiler-options":""}}</JSON>
      </Entry>
      <Entry>
        <Identifier>debLXC104: 2017-04-26</Identifier>
        <Value>1588.04</Value>
        <RawString></RawString>
        <JSON>{"compiler-options":{"compiler-type":"CC","compiler":"gcc","compiler-options":""}}</JSON>
      </Entry>
      <Entry>
        <Identifier>debLXC103: 2017-04-26</Identifier>
        <Value>1896.96</Value>
        <RawString></RawString>
        <JSON>{"compiler-options":{"compiler-type":"CC","compiler":"gcc","compiler-options":""}}</JSON>
      </Entry>
      <Entry>
        <Identifier>debLXC105: 2017-04-26</Identifier>
        <Value>1578.70</Value>
        <RawString></RawString>
        <JSON>{"compiler-options":{"compiler-type":"CC","compiler":"gcc","compiler-options":""}}</JSON>
      </Entry>
      <Entry>
        <Identifier>debLXC109: 2017-04-26</Identifier>
        <Value>2176.57</Value>
        <RawString></RawString>
        <JSON>{"compiler-options":{"compiler-type":"CC","compiler":"gcc","compiler-options":""}}</JSON>
      </Entry>
      <Entry>
        <Identifier>debLXC102: 2017-04-26</Identifier>
        <Value>1906.10</Value>
        <RawString></RawString>
        <JSON>{"compiler-options":{"compiler-type":"CC","compiler":"gcc","compiler-options":""}}</JSON>
      </Entry>
      <Entry>
        <Identifier>debLXC110: 2017-04-26</Identifier>
        <Value>1697.19</Value>
        <RawString></RawString>
        <JSON>{"compiler-options":{"compiler-type":"CC","compiler":"gcc","compiler-options":""}}</JSON>
      </Entry>
      <Entry>
        <Identifier>debLXC106: 2017-04-26</Identifier>
        <Value>1647.87</Value>
        <RawString></RawString>
        <JSON>{"compiler-options":{"compiler-type":"CC","compiler":"gcc","compiler-options":""}}</JSON>
      </Entry>
      <Entry>
        <Identifier>debLXC101: 2017-04-26</Identifier>
        <Value>1486.43</Value>
        <RawString></RawString>
        <JSON>{"compiler-options":{"compiler-type":"CC","compiler":"gcc","compiler-options":""}}</JSON>
      </Entry>
      <Entry>
        <Identifier>debLXC107: 2017-04-26</Identifier>
        <Value>1512.21</Value>
        <RawString></RawString>
        <JSON>{"compiler-options":{"compiler-type":"CC","compiler":"gcc","compiler-options":""}}</JSON>
      </Entry>
    </Data>
  </Result>
  <Result>
    <Identifier>pts/stream-1.2.0</Identifier>
    <Title>Stream</Title>
    <AppVersion>2013-01-17</AppVersion>
    <Arguments>Copy</Arguments>
    <Description>Type: Copy</Description>
    <Scale>MB/s</Scale>
    <Proportion>HIB</Proportion>
    <DisplayFormat>BAR_GRAPH</DisplayFormat>
    <Data>
      <Entry>
        <Identifier>debLXC108: 2017-04-26</Identifier>
        <Value>2347.38</Value>
        <RawString>1281.7:2089.8:1579.6:3483.1:3048.3:1390.1:2379.4:2475.1:2430:1905.6:1732.1:2603.4:2061.7:2175.7:2542.3:2857.6:2965.8:2386.1:2109.5:3450.7</RawString>
        <JSON>{"compiler-options":{"compiler-type":"CC","compiler":"gcc","compiler-options":"-O3 -march=native -fopenmp"}}</JSON>
      </Entry>
      <Entry>
        <Identifier>debLXC104: 2017-04-26</Identifier>
        <Value>2798.31</Value>
        <RawString>1414.5:1593.1:1616.2:2098.6:2248.8:2138.7:3059.7:3383.7:1966.7:2447.7:2044.5:2737:2068.7:2601.1:1840.2:6363.3:3894.5:3804.5:4449.5:4195.1</RawString>
        <JSON>{"compiler-options":{"compiler-type":"CC","compiler":"gcc","compiler-options":"-O3 -march=native -fopenmp"}}</JSON>
      </Entry>
      <Entry>
        <Identifier>debLXC103: 2017-04-26</Identifier>
        <Value>2777.84</Value>
        <RawString>2868.5:2186.7:3558.3:2534.9:2256.3:2439.9:3005:2191.3:1914.9:1731.5:2104.8:1957.6:3101.9:2792.1:5602.2:2599.1:3075.7:3746.7:2717.5:3171.9</RawString>
        <JSON>{"compiler-options":{"compiler-type":"CC","compiler":"gcc","compiler-options":"-O3 -march=native -fopenmp"}}</JSON>
      </Entry>
      <Entry>
        <Identifier>debLXC105: 2017-04-26</Identifier>
        <Value>3206.88</Value>
        <RawString>1816.9:1955.8:2666.8:1373.4:1587:2650.3:2532.8:1913.1:2391.4:2254.3:2396.8:2366.3:2383.4:2763.3:3515.4:4246.4:2740.9:7072.4:8162.9:7347.9</RawString>
        <JSON>{"compiler-options":{"compiler-type":"CC","compiler":"gcc","compiler-options":"-O3 -march=native -fopenmp"}}</JSON>
      </Entry>
      <Entry>
        <Identifier>debLXC109: 2017-04-26</Identifier>
        <Value>1946.95</Value>
        <RawString>1439.6:1492.1:1354.9:1418.1:1376.8:1526.4:1767.6:2565.9:1819.3:1050.4:1428.4:2746.3:2629.7:1604.5:2294.1:2441.8:2333.8:2673.9:1532.7:3442.6</RawString>
        <JSON>{"compiler-options":{"compiler-type":"CC","compiler":"gcc","compiler-options":"-O3 -march=native -fopenmp"}}</JSON>
      </Entry>
      <Entry>
        <Identifier>debLXC102: 2017-04-26</Identifier>
        <Value>2121.93</Value>
        <RawString>1568.1:2747.6:1225.9:2251.3:2182.1:1903:2710.7:2400.2:1834.5:2045.1:2509.2:2051.8:2205.7:1939.5:2651.7:3301.8:1693.6:1448.2:1846.8:1921.7</RawString>
        <JSON>{"compiler-options":{"compiler-type":"CC","compiler":"gcc","compiler-options":"-O3 -march=native -fopenmp"}}</JSON>
      </Entry>
      <Entry>
        <Identifier>debLXC110: 2017-04-26</Identifier>
        <Value>2113.51</Value>
        <RawString>1729.5:1746.3:1710.5:2027:1637.4:1773.6:2148.5:1683.5:1602.4:1685.1:2588.1:2532.6:3037.3:2143.5:2159.6:2524.9:3475.9:2199.4:1963.6:1901.4</RawString>
        <JSON>{"compiler-options":{"compiler-type":"CC","compiler":"gcc","compiler-options":"-O3 -march=native -fopenmp"}}</JSON>
      </Entry>
      <Entry>
        <Identifier>debLXC106: 2017-04-26</Identifier>
        <Value>2278.32</Value>
        <RawString>1680.8:1248.6:2757.8:2105.4:1775.7:2084:3946:1922.9:2053.5:2815.2:2470.4:2198.9:2145.7:2362.2:1887.1:2390.2:2127.9:1537.3:3609.3:2447.5</RawString>
        <JSON>{"compiler-options":{"compiler-type":"CC","compiler":"gcc","compiler-options":"-O3 -march=native -fopenmp"}}</JSON>
      </Entry>
      <Entry>
        <Identifier>debLXC101: 2017-04-26</Identifier>
        <Value>3280.67</Value>
        <RawString>3277.5:1679.6:1808.5:3198.1:2189.9:1931.3:2630.4:2021.7:1902.6:5702.5:4064.3:2207:2457.6:3030.6:4313.7:2637.2:2901.2:7101.6:5018.6:5539.4</RawString>
        <JSON>{"compiler-options":{"compiler-type":"CC","compiler":"gcc","compiler-options":"-O3 -march=native -fopenmp"}}</JSON>
      </Entry>
      <Entry>
        <Identifier>debLXC107: 2017-04-26</Identifier>
        <Value>3537.47</Value>
        <RawString>1921:2156.5:3075.5:2295.5:3143.6:1852.2:2238.5:2374.2:3093:2384.5:2079.8:7459.5:5272.5:3468.2:4031.7:2737.4:6003.5:4968:4498.4:5695.8</RawString>
        <JSON>{"compiler-options":{"compiler-type":"CC","compiler":"gcc","compiler-options":"-O3 -march=native -fopenmp"}}</JSON>
      </Entry>
    </Data>
  </Result>
  <Result>
    <Identifier>pts/t-test1-1.0.0</Identifier>
    <Title>t-test1</Title>
    <AppVersion>2017-01-13</AppVersion>
    <Arguments>1</Arguments>
    <Description>Threads: 1</Description>
    <Scale>Seconds</Scale>
    <Proportion>LIB</Proportion>
    <DisplayFormat>BAR_GRAPH</DisplayFormat>
    <Data>
      <Entry>
        <Identifier>debLXC108: 2017-04-26</Identifier>
        <Value>64.91</Value>
        <RawString>66.773253917694:64.071014881134:63.880532026291</RawString>
        <JSON>{"compiler-options":{"compiler-type":"CC","compiler":"gcc","compiler-options":"-pthread"}}</JSON>
      </Entry>
      <Entry>
        <Identifier>debLXC104: 2017-04-26</Identifier>
        <Value>63.12</Value>
        <RawString>62.185566902161:63.703305006027:63.467601776123</RawString>
        <JSON>{"compiler-options":{"compiler-type":"CC","compiler":"gcc","compiler-options":"-pthread"}}</JSON>
      </Entry>
      <Entry>
        <Identifier>debLXC103: 2017-04-26</Identifier>
        <Value>62.87</Value>
        <RawString>61.775156974792:63.767009973526:63.077125787735</RawString>
        <JSON>{"compiler-options":{"compiler-type":"CC","compiler":"gcc","compiler-options":"-pthread"}}</JSON>
      </Entry>
      <Entry>
        <Identifier>debLXC105: 2017-04-26</Identifier>
        <Value>62.55</Value>
        <RawString>61.952724933624:63.659086942673:62.024067878723</RawString>
        <JSON>{"compiler-options":{"compiler-type":"CC","compiler":"gcc","compiler-options":"-pthread"}}</JSON>
      </Entry>
      <Entry>
        <Identifier>debLXC109: 2017-04-26</Identifier>
        <Value>60.23</Value>
        <RawString>89.127207994461:63.945713996887:64.086301803589:58.737483978271:42.799008131027:42.66405582428</RawString>
        <JSON>{"compiler-options":{"compiler-type":"CC","compiler":"gcc","compiler-options":"-pthread"}}</JSON>
      </Entry>
      <Entry>
        <Identifier>debLXC102: 2017-04-26</Identifier>
        <Value>56.28</Value>
        <RawString>73.14194393158:64.013025045395:63.96793794632:51.402786970139:42.661156892776:42.463629007339</RawString>
        <JSON>{"compiler-options":{"compiler-type":"CC","compiler":"gcc","compiler-options":"-pthread"}}</JSON>
      </Entry>
      <Entry>
        <Identifier>debLXC110: 2017-04-26</Identifier>
        <Value>56.18</Value>
        <RawString>73.299402952194:64.285812139511:64.051383018494:50.584259033203:42.575284004211:42.274338960648</RawString>
        <JSON>{"compiler-options":{"compiler-type":"CC","compiler":"gcc","compiler-options":"-pthread"}}</JSON>
      </Entry>
      <Entry>
        <Identifier>debLXC106: 2017-04-26</Identifier>
        <Value>55.18</Value>
        <RawString>69.87332701683:63.787794113159:63.804581880569:48.770271062851:42.696725845337:42.126644134521</RawString>
        <JSON>{"compiler-options":{"compiler-type":"CC","compiler":"gcc","compiler-options":"-pthread"}}</JSON>
      </Entry>
      <Entry>
        <Identifier>debLXC101: 2017-04-26</Identifier>
        <Value>51.46</Value>
        <RawString>63.726503133774:64.031433105469:59.212582111359:42.824971914291:42.670716047287:36.286555051804</RawString>
        <JSON>{"compiler-options":{"compiler-type":"CC","compiler":"gcc","compiler-options":"-pthread"}}</JSON>
      </Entry>
      <Entry>
        <Identifier>debLXC107: 2017-04-26</Identifier>
        <Value>51.65</Value>
        <RawString>64.238363981247:63.809366941452:59.468950986862:42.414878129959:42.614995002747:37.347128868103</RawString>
        <JSON>{"compiler-options":{"compiler-type":"CC","compiler":"gcc","compiler-options":"-pthread"}}</JSON>
      </Entry>
    </Data>
  </Result>
</PhoronixTestSuite>
