<?xml version="1.0"?>
<!--Phoronix Test Suite v7.0.1-->
<PhoronixTestSuite>
  <Generated>
    <Title>LXC_MEMORY_1 - jherard - Manual Test Run - 09:52 27 Apr 2017</Title>
    <LastModified>2017-04-27 10:16:47</LastModified>
    <TestClient>Phoronix Test Suite v7.0.1 (Ringsaker)</TestClient>
    <Description>A Phoromatic run.</Description>
  </Generated>
  <System>
    <Identifier>debLXC101</Identifier>
    <Hardware>Processor: 2 x Intel Xeon L5630 @ 2.13GHz (16 Cores), Motherboard: Dell 0MD99X, Memory: 242688MB, Disk: 3999GB Virtual Disk, Graphics: mgadrmfb</Hardware>
    <Software>OS: Debian GNU/Linux 8, Kernel: 3.16.0-4-amd64 (x86_64), Compiler: GCC 4.9.2, File-System: ext4, Screen Resolution: 1280x1024, System Layer: lxc</Software>
    <User>root</User>
    <TimeStamp>2017-04-27 09:53:01</TimeStamp>
    <TestClientVersion></TestClientVersion>
    <Notes></Notes>
    <JSON>{"compiler-configuration":"--build=x86_64-linux-gnu --disable-browser-plugin --disable-vtable-verify --enable-checking=release --enable-clocale=gnu --enable-gnu-unique-object --enable-gtk-cairo --enable-java-awt=gtk --enable-java-home --enable-languages=c,c++,java,go,d,fortran,objc,obj-c++ --enable-libstdcxx-debug --enable-libstdcxx-time=yes --enable-multiarch --enable-multilib --enable-nls --enable-objc-gc --enable-plugin --enable-shared --enable-threads=posix --host=x86_64-linux-gnu --target=x86_64-linux-gnu --with-abi=m64 --with-arch-32=i586 --with-arch-directory=amd64 --with-multilib-list=m32,m64,mx32 --with-tune=generic -v"}</JSON>
  </System>
  <Result>
    <Identifier>pts/ramspeed-1.4.0</Identifier>
    <Title>RAMspeed SMP</Title>
    <AppVersion>3.5.0</AppVersion>
    <Arguments>COPY -b 3</Arguments>
    <Description>Type: Copy - Benchmark: Integer</Description>
    <Scale>MB/s</Scale>
    <Proportion>HIB</Proportion>
    <DisplayFormat>BAR_GRAPH</DisplayFormat>
    <Data>
      <Entry>
        <Identifier>debLXC101</Identifier>
        <Value>12996.67</Value>
        <RawString></RawString>
        <JSON>{"compiler-options":{"compiler-type":"CC","compiler":"gcc","compiler-options":""}}</JSON>
      </Entry>
    </Data>
  </Result>
  <Result>
    <Identifier>pts/stream-1.2.0</Identifier>
    <Title>Stream</Title>
    <AppVersion>2013-01-17</AppVersion>
    <Arguments>Copy</Arguments>
    <Description>Type: Copy</Description>
    <Scale>MB/s</Scale>
    <Proportion>HIB</Proportion>
    <DisplayFormat>BAR_GRAPH</DisplayFormat>
    <Data>
      <Entry>
        <Identifier>debLXC101</Identifier>
        <Value>11794.78</Value>
        <RawString>11854.4:11841.2:11820.1:11596.9:11818.7:11831.6:11840.4:11836.2:11688.2:11820.1</RawString>
        <JSON>{"compiler-options":{"compiler-type":"CC","compiler":"gcc","compiler-options":"-O3 -march=native -fopenmp"}}</JSON>
      </Entry>
    </Data>
  </Result>
  <Result>
    <Identifier>pts/t-test1-1.0.0</Identifier>
    <Title>t-test1</Title>
    <AppVersion>2017-01-13</AppVersion>
    <Arguments>1</Arguments>
    <Description>Threads: 1</Description>
    <Scale>Seconds</Scale>
    <Proportion>LIB</Proportion>
    <DisplayFormat>BAR_GRAPH</DisplayFormat>
    <Data>
      <Entry>
        <Identifier>debLXC101</Identifier>
        <Value>29.99</Value>
        <RawString>29.817461967468:30.214704990387:29.938539981842</RawString>
        <JSON>{"compiler-options":{"compiler-type":"CC","compiler":"gcc","compiler-options":"-pthread"}}</JSON>
      </Entry>
    </Data>
  </Result>
</PhoronixTestSuite>
