<?xml version="1.0"?>
<!--Phoronix Test Suite v7.0.1-->
<PhoronixTestSuite>
  <Generated>
    <Title>CPU_QEMU_20 - jherard - Manual Test Run - 14:21 24 Apr 2017</Title>
    <LastModified>2017-04-24 19:26:00</LastModified>
    <TestClient>Phoronix Test Suite v7.0.1 (Ringsaker)</TestClient>
    <Description>A Phoromatic run.</Description>
  </Generated>
  <System>
    <Identifier>debianQEMU12: jherard - Manual Test Run - 14:21 24 Apr 2017</Identifier>
    <Hardware>Processor: Westmere E56xx/L56xx/X56xx @ 2.13GHz (1 Core), Motherboard: QEMU Standard PC (i440FX + PIIX 1996), Chipset: Intel 440FX- 82441FX PMC, Memory: 1 x 4024 MB RAM QEMU, Disk: 4GB, Graphics: Cirrus Logic GD 5446, Network: Red Hat Virtio device</Hardware>
    <Software>OS: Debian 8.7, Kernel: 3.16.0-4-amd64 (x86_64), File-System: ext4, System Layer: QEMU</Software>
    <User>root</User>
    <TimeStamp>2017-04-24 14:21:09</TimeStamp>
    <TestClientVersion></TestClientVersion>
    <Notes></Notes>
    <JSON>{"compiler-configuration":"--build=x86_64-linux-gnu --disable-browser-plugin --disable-vtable-verify --enable-checking=release --enable-clocale=gnu --enable-gnu-unique-object --enable-gtk-cairo --enable-java-awt=gtk --enable-java-home --enable-languages=c,c++,java,go,d,fortran,objc,obj-c++ --enable-libstdcxx-debug --enable-libstdcxx-time=yes --enable-multiarch --enable-multilib --enable-nls --enable-objc-gc --enable-plugin --enable-shared --enable-threads=posix --host=x86_64-linux-gnu --target=x86_64-linux-gnu --with-abi=m64 --with-arch-32=i586 --with-arch-directory=amd64 --with-multilib-list=m32,m64,mx32 --with-tune=generic -v"}</JSON>
  </System>
  <System>
    <Identifier>debianQEMU16: jherard - Manual Test Run - 14:21 24 Apr 2017</Identifier>
    <Hardware>Processor: Westmere E56xx/L56xx/X56xx @ 2.13GHz (1 Core), Motherboard: QEMU Standard PC (i440FX + PIIX 1996), Chipset: Intel 440FX- 82441FX PMC, Memory: 1 x 4024 MB RAM QEMU, Disk: 4GB, Graphics: Cirrus Logic GD 5446, Network: Red Hat Virtio device</Hardware>
    <Software>OS: Debian 8.7, Kernel: 3.16.0-4-amd64 (x86_64), File-System: ext4, System Layer: QEMU</Software>
    <User>root</User>
    <TimeStamp>2017-04-24 14:21:31</TimeStamp>
    <TestClientVersion></TestClientVersion>
    <Notes></Notes>
    <JSON>{"compiler-configuration":"--build=x86_64-linux-gnu --disable-browser-plugin --disable-vtable-verify --enable-checking=release --enable-clocale=gnu --enable-gnu-unique-object --enable-gtk-cairo --enable-java-awt=gtk --enable-java-home --enable-languages=c,c++,java,go,d,fortran,objc,obj-c++ --enable-libstdcxx-debug --enable-libstdcxx-time=yes --enable-multiarch --enable-multilib --enable-nls --enable-objc-gc --enable-plugin --enable-shared --enable-threads=posix --host=x86_64-linux-gnu --target=x86_64-linux-gnu --with-abi=m64 --with-arch-32=i586 --with-arch-directory=amd64 --with-multilib-list=m32,m64,mx32 --with-tune=generic -v"}</JSON>
  </System>
  <System>
    <Identifier>debianQEMU2: jherard - Manual Test Run - 14:21 24 Apr 2017</Identifier>
    <Hardware>Processor: Westmere E56xx/L56xx/X56xx @ 2.13GHz (1 Core), Motherboard: QEMU Standard PC (i440FX + PIIX 1996), Chipset: Intel 440FX- 82441FX PMC, Memory: 1 x 4000 MB RAM QEMU, Disk: 4GB, Graphics: Red Hat QXL paravirtual graphic card, Audio: Intel 82801FB/FBM/FR/FW/FRW, Network: Red Hat Virtio device</Hardware>
    <Software>OS: Debian 8.7, Kernel: 3.16.0-4-amd64 (x86_64), File-System: ext4, System Layer: QEMU</Software>
    <User>root</User>
    <TimeStamp>2017-04-24 14:21:40</TimeStamp>
    <TestClientVersion></TestClientVersion>
    <Notes></Notes>
    <JSON>{"compiler-configuration":"--build=x86_64-linux-gnu --disable-browser-plugin --disable-vtable-verify --enable-checking=release --enable-clocale=gnu --enable-gnu-unique-object --enable-gtk-cairo --enable-java-awt=gtk --enable-java-home --enable-languages=c,c++,java,go,d,fortran,objc,obj-c++ --enable-libstdcxx-debug --enable-libstdcxx-time=yes --enable-multiarch --enable-multilib --enable-nls --enable-objc-gc --enable-plugin --enable-shared --enable-threads=posix --host=x86_64-linux-gnu --target=x86_64-linux-gnu --with-abi=m64 --with-arch-32=i586 --with-arch-directory=amd64 --with-multilib-list=m32,m64,mx32 --with-tune=generic -v"}</JSON>
  </System>
  <System>
    <Identifier>debianQEMU1: jherard - Manual Test Run - 14:21 24 Apr 2017</Identifier>
    <Hardware>Processor: Westmere E56xx/L56xx/X56xx @ 2.13GHz (1 Core), Motherboard: QEMU Standard PC (i440FX + PIIX 1996), Chipset: Intel 440FX- 82441FX PMC, Memory: 1 x 4000 MB RAM QEMU, Disk: 4GB, Graphics: Red Hat QXL paravirtual graphic card, Audio: Intel 82801FB/FBM/FR/FW/FRW, Network: Red Hat Virtio device</Hardware>
    <Software>OS: Debian 8.7, Kernel: 3.16.0-4-amd64 (x86_64), File-System: ext4, System Layer: QEMU</Software>
    <User>root</User>
    <TimeStamp>2017-04-24 14:21:29</TimeStamp>
    <TestClientVersion></TestClientVersion>
    <Notes></Notes>
    <JSON>{"compiler-configuration":"--build=x86_64-linux-gnu --disable-browser-plugin --disable-vtable-verify --enable-checking=release --enable-clocale=gnu --enable-gnu-unique-object --enable-gtk-cairo --enable-java-awt=gtk --enable-java-home --enable-languages=c,c++,java,go,d,fortran,objc,obj-c++ --enable-libstdcxx-debug --enable-libstdcxx-time=yes --enable-multiarch --enable-multilib --enable-nls --enable-objc-gc --enable-plugin --enable-shared --enable-threads=posix --host=x86_64-linux-gnu --target=x86_64-linux-gnu --with-abi=m64 --with-arch-32=i586 --with-arch-directory=amd64 --with-multilib-list=m32,m64,mx32 --with-tune=generic -v"}</JSON>
  </System>
  <System>
    <Identifier>debianQEMU17: jherard - Manual Test Run - 14:21 24 Apr 2017</Identifier>
    <Hardware>Processor: Westmere E56xx/L56xx/X56xx @ 2.13GHz (1 Core), Motherboard: QEMU Standard PC (i440FX + PIIX 1996), Chipset: Intel 440FX- 82441FX PMC, Memory: 1 x 4024 MB RAM QEMU, Disk: 4GB, Graphics: Cirrus Logic GD 5446, Network: Red Hat Virtio device</Hardware>
    <Software>OS: Debian 8.7, Kernel: 3.16.0-4-amd64 (x86_64), File-System: ext4, System Layer: QEMU</Software>
    <User>root</User>
    <TimeStamp>2017-04-24 14:22:00</TimeStamp>
    <TestClientVersion></TestClientVersion>
    <Notes></Notes>
    <JSON>{"compiler-configuration":"--build=x86_64-linux-gnu --disable-browser-plugin --disable-vtable-verify --enable-checking=release --enable-clocale=gnu --enable-gnu-unique-object --enable-gtk-cairo --enable-java-awt=gtk --enable-java-home --enable-languages=c,c++,java,go,d,fortran,objc,obj-c++ --enable-libstdcxx-debug --enable-libstdcxx-time=yes --enable-multiarch --enable-multilib --enable-nls --enable-objc-gc --enable-plugin --enable-shared --enable-threads=posix --host=x86_64-linux-gnu --target=x86_64-linux-gnu --with-abi=m64 --with-arch-32=i586 --with-arch-directory=amd64 --with-multilib-list=m32,m64,mx32 --with-tune=generic -v"}</JSON>
  </System>
  <System>
    <Identifier>debianQEMU3: jherard - Manual Test Run - 14:21 24 Apr 2017</Identifier>
    <Hardware>Processor: Westmere E56xx/L56xx/X56xx @ 2.13GHz (1 Core), Motherboard: QEMU Standard PC (i440FX + PIIX 1996), Chipset: Intel 440FX- 82441FX PMC, Memory: 1 x 4024 MB RAM QEMU, Disk: 4GB, Graphics: Cirrus Logic GD 5446, Network: Red Hat Virtio device</Hardware>
    <Software>OS: Debian 8.7, Kernel: 3.16.0-4-amd64 (x86_64), File-System: ext4, System Layer: QEMU</Software>
    <User>root</User>
    <TimeStamp>2017-04-24 14:21:49</TimeStamp>
    <TestClientVersion></TestClientVersion>
    <Notes></Notes>
    <JSON>{"compiler-configuration":"--build=x86_64-linux-gnu --disable-browser-plugin --disable-vtable-verify --enable-checking=release --enable-clocale=gnu --enable-gnu-unique-object --enable-gtk-cairo --enable-java-awt=gtk --enable-java-home --enable-languages=c,c++,java,go,d,fortran,objc,obj-c++ --enable-libstdcxx-debug --enable-libstdcxx-time=yes --enable-multiarch --enable-multilib --enable-nls --enable-objc-gc --enable-plugin --enable-shared --enable-threads=posix --host=x86_64-linux-gnu --target=x86_64-linux-gnu --with-abi=m64 --with-arch-32=i586 --with-arch-directory=amd64 --with-multilib-list=m32,m64,mx32 --with-tune=generic -v"}</JSON>
  </System>
  <System>
    <Identifier>debianQEMU15: jherard - Manual Test Run - 14:21 24 Apr 2017</Identifier>
    <Hardware>Processor: Westmere E56xx/L56xx/X56xx @ 2.13GHz (1 Core), Motherboard: QEMU Standard PC (i440FX + PIIX 1996), Chipset: Intel 440FX- 82441FX PMC, Memory: 1 x 4024 MB RAM QEMU, Disk: 4GB, Graphics: Cirrus Logic GD 5446, Network: Red Hat Virtio device</Hardware>
    <Software>OS: Debian 8.7, Kernel: 3.16.0-4-amd64 (x86_64), File-System: ext4, System Layer: QEMU</Software>
    <User>root</User>
    <TimeStamp>2017-04-24 14:21:42</TimeStamp>
    <TestClientVersion></TestClientVersion>
    <Notes></Notes>
    <JSON>{"compiler-configuration":"--build=x86_64-linux-gnu --disable-browser-plugin --disable-vtable-verify --enable-checking=release --enable-clocale=gnu --enable-gnu-unique-object --enable-gtk-cairo --enable-java-awt=gtk --enable-java-home --enable-languages=c,c++,java,go,d,fortran,objc,obj-c++ --enable-libstdcxx-debug --enable-libstdcxx-time=yes --enable-multiarch --enable-multilib --enable-nls --enable-objc-gc --enable-plugin --enable-shared --enable-threads=posix --host=x86_64-linux-gnu --target=x86_64-linux-gnu --with-abi=m64 --with-arch-32=i586 --with-arch-directory=amd64 --with-multilib-list=m32,m64,mx32 --with-tune=generic -v"}</JSON>
  </System>
  <System>
    <Identifier>debianQEMU20: jherard - Manual Test Run - 14:21 24 Apr 2017</Identifier>
    <Hardware>Processor: Westmere E56xx/L56xx/X56xx @ 2.13GHz (1 Core), Motherboard: QEMU Standard PC (i440FX + PIIX 1996), Chipset: Intel 440FX- 82441FX PMC, Memory: 1 x 4024 MB RAM QEMU, Disk: 4GB, Graphics: Cirrus Logic GD 5446, Network: Red Hat Virtio device</Hardware>
    <Software>OS: Debian 8.7, Kernel: 3.16.0-4-amd64 (x86_64), File-System: ext4, System Layer: QEMU</Software>
    <User>root</User>
    <TimeStamp>2017-04-24 14:21:34</TimeStamp>
    <TestClientVersion></TestClientVersion>
    <Notes></Notes>
    <JSON>{"compiler-configuration":"--build=x86_64-linux-gnu --disable-browser-plugin --disable-vtable-verify --enable-checking=release --enable-clocale=gnu --enable-gnu-unique-object --enable-gtk-cairo --enable-java-awt=gtk --enable-java-home --enable-languages=c,c++,java,go,d,fortran,objc,obj-c++ --enable-libstdcxx-debug --enable-libstdcxx-time=yes --enable-multiarch --enable-multilib --enable-nls --enable-objc-gc --enable-plugin --enable-shared --enable-threads=posix --host=x86_64-linux-gnu --target=x86_64-linux-gnu --with-abi=m64 --with-arch-32=i586 --with-arch-directory=amd64 --with-multilib-list=m32,m64,mx32 --with-tune=generic -v"}</JSON>
  </System>
  <System>
    <Identifier>debianQEMU21: jherard - Manual Test Run - 14:21 24 Apr 2017</Identifier>
    <Hardware>Processor: Westmere E56xx/L56xx/X56xx @ 2.13GHz (1 Core), Motherboard: QEMU Standard PC (i440FX + PIIX 1996), Chipset: Intel 440FX- 82441FX PMC, Memory: 1 x 4024 MB RAM QEMU, Disk: 4GB, Graphics: Cirrus Logic GD 5446, Network: Red Hat Virtio device</Hardware>
    <Software>OS: Debian 8.7, Kernel: 3.16.0-4-amd64 (x86_64), File-System: ext4, System Layer: QEMU</Software>
    <User>root</User>
    <TimeStamp>2017-04-24 14:22:04</TimeStamp>
    <TestClientVersion></TestClientVersion>
    <Notes></Notes>
    <JSON>{"compiler-configuration":"--build=x86_64-linux-gnu --disable-browser-plugin --disable-vtable-verify --enable-checking=release --enable-clocale=gnu --enable-gnu-unique-object --enable-gtk-cairo --enable-java-awt=gtk --enable-java-home --enable-languages=c,c++,java,go,d,fortran,objc,obj-c++ --enable-libstdcxx-debug --enable-libstdcxx-time=yes --enable-multiarch --enable-multilib --enable-nls --enable-objc-gc --enable-plugin --enable-shared --enable-threads=posix --host=x86_64-linux-gnu --target=x86_64-linux-gnu --with-abi=m64 --with-arch-32=i586 --with-arch-directory=amd64 --with-multilib-list=m32,m64,mx32 --with-tune=generic -v"}</JSON>
  </System>
  <System>
    <Identifier>debianQEMU4: jherard - Manual Test Run - 14:21 24 Apr 2017</Identifier>
    <Hardware>Processor: Westmere E56xx/L56xx/X56xx @ 2.13GHz (1 Core), Motherboard: QEMU Standard PC (i440FX + PIIX 1996), Chipset: Intel 440FX- 82441FX PMC, Memory: 1 x 4024 MB RAM QEMU, Disk: 4GB, Graphics: Cirrus Logic GD 5446, Network: Red Hat Virtio device</Hardware>
    <Software>OS: Debian 8.7, Kernel: 3.16.0-4-amd64 (x86_64), File-System: ext4, System Layer: QEMU</Software>
    <User>root</User>
    <TimeStamp>2017-04-24 14:21:17</TimeStamp>
    <TestClientVersion></TestClientVersion>
    <Notes></Notes>
    <JSON>{"compiler-configuration":"--build=x86_64-linux-gnu --disable-browser-plugin --disable-vtable-verify --enable-checking=release --enable-clocale=gnu --enable-gnu-unique-object --enable-gtk-cairo --enable-java-awt=gtk --enable-java-home --enable-languages=c,c++,java,go,d,fortran,objc,obj-c++ --enable-libstdcxx-debug --enable-libstdcxx-time=yes --enable-multiarch --enable-multilib --enable-nls --enable-objc-gc --enable-plugin --enable-shared --enable-threads=posix --host=x86_64-linux-gnu --target=x86_64-linux-gnu --with-abi=m64 --with-arch-32=i586 --with-arch-directory=amd64 --with-multilib-list=m32,m64,mx32 --with-tune=generic -v"}</JSON>
  </System>
  <System>
    <Identifier>debianQEMU24: jherard - Manual Test Run - 14:21 24 Apr 2017</Identifier>
    <Hardware>Processor: Westmere E56xx/L56xx/X56xx @ 2.13GHz (1 Core), Motherboard: QEMU Standard PC (i440FX + PIIX 1996), Chipset: Intel 440FX- 82441FX PMC, Memory: 1 x 4024 MB RAM QEMU, Disk: 4GB, Graphics: Cirrus Logic GD 5446, Network: Red Hat Virtio device</Hardware>
    <Software>OS: Debian 8.7, Kernel: 3.16.0-4-amd64 (x86_64), Compiler: GCC 4.9.2, File-System: ext4, System Layer: QEMU</Software>
    <User>root</User>
    <TimeStamp>2017-04-24 14:21:41</TimeStamp>
    <TestClientVersion></TestClientVersion>
    <Notes></Notes>
    <JSON>{"compiler-configuration":"--build=x86_64-linux-gnu --disable-browser-plugin --disable-vtable-verify --enable-checking=release --enable-clocale=gnu --enable-gnu-unique-object --enable-gtk-cairo --enable-java-awt=gtk --enable-java-home --enable-languages=c,c++,java,go,d,fortran,objc,obj-c++ --enable-libstdcxx-debug --enable-libstdcxx-time=yes --enable-multiarch --enable-multilib --enable-nls --enable-objc-gc --enable-plugin --enable-shared --enable-threads=posix --host=x86_64-linux-gnu --target=x86_64-linux-gnu --with-abi=m64 --with-arch-32=i586 --with-arch-directory=amd64 --with-multilib-list=m32,m64,mx32 --with-tune=generic -v"}</JSON>
  </System>
  <System>
    <Identifier>debianQEMU14: jherard - Manual Test Run - 14:21 24 Apr 2017</Identifier>
    <Hardware>Processor: Westmere E56xx/L56xx/X56xx @ 2.13GHz (1 Core), Motherboard: QEMU Standard PC (i440FX + PIIX 1996), Chipset: Intel 440FX- 82441FX PMC, Memory: 1 x 4024 MB RAM QEMU, Disk: 4GB, Graphics: Cirrus Logic GD 5446, Network: Red Hat Virtio device</Hardware>
    <Software>OS: Debian 8.7, Kernel: 3.16.0-4-amd64 (x86_64), File-System: ext4, System Layer: QEMU</Software>
    <User>root</User>
    <TimeStamp>2017-04-24 14:21:21</TimeStamp>
    <TestClientVersion></TestClientVersion>
    <Notes></Notes>
    <JSON>{"compiler-configuration":"--build=x86_64-linux-gnu --disable-browser-plugin --disable-vtable-verify --enable-checking=release --enable-clocale=gnu --enable-gnu-unique-object --enable-gtk-cairo --enable-java-awt=gtk --enable-java-home --enable-languages=c,c++,java,go,d,fortran,objc,obj-c++ --enable-libstdcxx-debug --enable-libstdcxx-time=yes --enable-multiarch --enable-multilib --enable-nls --enable-objc-gc --enable-plugin --enable-shared --enable-threads=posix --host=x86_64-linux-gnu --target=x86_64-linux-gnu --with-abi=m64 --with-arch-32=i586 --with-arch-directory=amd64 --with-multilib-list=m32,m64,mx32 --with-tune=generic -v"}</JSON>
  </System>
  <System>
    <Identifier>debianQEMU23: jherard - Manual Test Run - 14:21 24 Apr 2017</Identifier>
    <Hardware>Processor: Westmere E56xx/L56xx/X56xx @ 2.13GHz (1 Core), Motherboard: QEMU Standard PC (i440FX + PIIX 1996), Chipset: Intel 440FX- 82441FX PMC, Memory: 1 x 4024 MB RAM QEMU, Disk: 4GB, Graphics: Cirrus Logic GD 5446, Network: Red Hat Virtio device</Hardware>
    <Software>OS: Debian 8.7, Kernel: 3.16.0-4-amd64 (x86_64), File-System: ext4, System Layer: QEMU</Software>
    <User>root</User>
    <TimeStamp>2017-04-24 14:21:17</TimeStamp>
    <TestClientVersion></TestClientVersion>
    <Notes></Notes>
    <JSON>{"compiler-configuration":"--build=x86_64-linux-gnu --disable-browser-plugin --disable-vtable-verify --enable-checking=release --enable-clocale=gnu --enable-gnu-unique-object --enable-gtk-cairo --enable-java-awt=gtk --enable-java-home --enable-languages=c,c++,java,go,d,fortran,objc,obj-c++ --enable-libstdcxx-debug --enable-libstdcxx-time=yes --enable-multiarch --enable-multilib --enable-nls --enable-objc-gc --enable-plugin --enable-shared --enable-threads=posix --host=x86_64-linux-gnu --target=x86_64-linux-gnu --with-abi=m64 --with-arch-32=i586 --with-arch-directory=amd64 --with-multilib-list=m32,m64,mx32 --with-tune=generic -v"}</JSON>
  </System>
  <System>
    <Identifier>debianQEMU11: jherard - Manual Test Run - 14:21 24 Apr 2017</Identifier>
    <Hardware>Processor: Westmere E56xx/L56xx/X56xx @ 2.13GHz (1 Core), Motherboard: QEMU Standard PC (i440FX + PIIX 1996), Chipset: Intel 440FX- 82441FX PMC, Memory: 1 x 4024 MB RAM QEMU, Disk: 4GB, Graphics: Cirrus Logic GD 5446, Network: Red Hat Virtio device</Hardware>
    <Software>OS: Debian 8.7, Kernel: 3.16.0-4-amd64 (x86_64), File-System: ext4, System Layer: QEMU</Software>
    <User>root</User>
    <TimeStamp>2017-04-24 14:21:43</TimeStamp>
    <TestClientVersion></TestClientVersion>
    <Notes></Notes>
    <JSON>{"compiler-configuration":"--build=x86_64-linux-gnu --disable-browser-plugin --disable-vtable-verify --enable-checking=release --enable-clocale=gnu --enable-gnu-unique-object --enable-gtk-cairo --enable-java-awt=gtk --enable-java-home --enable-languages=c,c++,java,go,d,fortran,objc,obj-c++ --enable-libstdcxx-debug --enable-libstdcxx-time=yes --enable-multiarch --enable-multilib --enable-nls --enable-objc-gc --enable-plugin --enable-shared --enable-threads=posix --host=x86_64-linux-gnu --target=x86_64-linux-gnu --with-abi=m64 --with-arch-32=i586 --with-arch-directory=amd64 --with-multilib-list=m32,m64,mx32 --with-tune=generic -v"}</JSON>
  </System>
  <System>
    <Identifier>debianQEMU10: jherard - Manual Test Run - 14:21 24 Apr 2017</Identifier>
    <Hardware>Processor: Westmere E56xx/L56xx/X56xx @ 2.13GHz (1 Core), Motherboard: QEMU Standard PC (i440FX + PIIX 1996), Chipset: Intel 440FX- 82441FX PMC, Memory: 1 x 4024 MB RAM QEMU, Disk: 4GB, Graphics: Cirrus Logic GD 5446, Network: Red Hat Virtio device</Hardware>
    <Software>OS: Debian 8.7, Kernel: 3.16.0-4-amd64 (x86_64), File-System: ext4, System Layer: QEMU</Software>
    <User>root</User>
    <TimeStamp>2017-04-24 14:21:52</TimeStamp>
    <TestClientVersion></TestClientVersion>
    <Notes></Notes>
    <JSON>{"compiler-configuration":"--build=x86_64-linux-gnu --disable-browser-plugin --disable-vtable-verify --enable-checking=release --enable-clocale=gnu --enable-gnu-unique-object --enable-gtk-cairo --enable-java-awt=gtk --enable-java-home --enable-languages=c,c++,java,go,d,fortran,objc,obj-c++ --enable-libstdcxx-debug --enable-libstdcxx-time=yes --enable-multiarch --enable-multilib --enable-nls --enable-objc-gc --enable-plugin --enable-shared --enable-threads=posix --host=x86_64-linux-gnu --target=x86_64-linux-gnu --with-abi=m64 --with-arch-32=i586 --with-arch-directory=amd64 --with-multilib-list=m32,m64,mx32 --with-tune=generic -v"}</JSON>
  </System>
  <System>
    <Identifier>debianQEMU25: jherard - Manual Test Run - 14:21 24 Apr 2017</Identifier>
    <Hardware>Processor: Westmere E56xx/L56xx/X56xx @ 2.13GHz (1 Core), Motherboard: QEMU Standard PC (i440FX + PIIX 1996), Chipset: Intel 440FX- 82441FX PMC, Memory: 1 x 4024 MB RAM QEMU, Disk: 4GB, Graphics: Cirrus Logic GD 5446, Network: Red Hat Virtio device</Hardware>
    <Software>OS: Debian 8.7, Kernel: 3.16.0-4-amd64 (x86_64), File-System: ext4, System Layer: QEMU</Software>
    <User>root</User>
    <TimeStamp>2017-04-24 14:21:22</TimeStamp>
    <TestClientVersion></TestClientVersion>
    <Notes></Notes>
    <JSON>{"compiler-configuration":"--build=x86_64-linux-gnu --disable-browser-plugin --disable-vtable-verify --enable-checking=release --enable-clocale=gnu --enable-gnu-unique-object --enable-gtk-cairo --enable-java-awt=gtk --enable-java-home --enable-languages=c,c++,java,go,d,fortran,objc,obj-c++ --enable-libstdcxx-debug --enable-libstdcxx-time=yes --enable-multiarch --enable-multilib --enable-nls --enable-objc-gc --enable-plugin --enable-shared --enable-threads=posix --host=x86_64-linux-gnu --target=x86_64-linux-gnu --with-abi=m64 --with-arch-32=i586 --with-arch-directory=amd64 --with-multilib-list=m32,m64,mx32 --with-tune=generic -v"}</JSON>
  </System>
  <System>
    <Identifier>debianQEMU13: jherard - Manual Test Run - 14:21 24 Apr 2017</Identifier>
    <Hardware>Processor: Westmere E56xx/L56xx/X56xx @ 2.13GHz (1 Core), Motherboard: QEMU Standard PC (i440FX + PIIX 1996), Chipset: Intel 440FX- 82441FX PMC, Memory: 1 x 4024 MB RAM QEMU, Disk: 4GB, Graphics: Cirrus Logic GD 5446, Network: Red Hat Virtio device</Hardware>
    <Software>OS: Debian 8.7, Kernel: 3.16.0-4-amd64 (x86_64), File-System: ext4, System Layer: QEMU</Software>
    <User>root</User>
    <TimeStamp>2017-04-24 14:21:22</TimeStamp>
    <TestClientVersion></TestClientVersion>
    <Notes></Notes>
    <JSON>{"compiler-configuration":"--build=x86_64-linux-gnu --disable-browser-plugin --disable-vtable-verify --enable-checking=release --enable-clocale=gnu --enable-gnu-unique-object --enable-gtk-cairo --enable-java-awt=gtk --enable-java-home --enable-languages=c,c++,java,go,d,fortran,objc,obj-c++ --enable-libstdcxx-debug --enable-libstdcxx-time=yes --enable-multiarch --enable-multilib --enable-nls --enable-objc-gc --enable-plugin --enable-shared --enable-threads=posix --host=x86_64-linux-gnu --target=x86_64-linux-gnu --with-abi=m64 --with-arch-32=i586 --with-arch-directory=amd64 --with-multilib-list=m32,m64,mx32 --with-tune=generic -v"}</JSON>
  </System>
  <System>
    <Identifier>debianQEMU19: jherard - Manual Test Run - 14:21 24 Apr 2017</Identifier>
    <Hardware>Processor: Westmere E56xx/L56xx/X56xx @ 2.13GHz (1 Core), Motherboard: QEMU Standard PC (i440FX + PIIX 1996), Chipset: Intel 440FX- 82441FX PMC, Memory: 1 x 4024 MB RAM QEMU, Disk: 4GB, Graphics: Cirrus Logic GD 5446, Network: Red Hat Virtio device</Hardware>
    <Software>OS: Debian 8.7, Kernel: 3.16.0-4-amd64 (x86_64), File-System: ext4, System Layer: QEMU</Software>
    <User>root</User>
    <TimeStamp>2017-04-24 14:21:10</TimeStamp>
    <TestClientVersion></TestClientVersion>
    <Notes></Notes>
    <JSON>{"compiler-configuration":"--build=x86_64-linux-gnu --disable-browser-plugin --disable-vtable-verify --enable-checking=release --enable-clocale=gnu --enable-gnu-unique-object --enable-gtk-cairo --enable-java-awt=gtk --enable-java-home --enable-languages=c,c++,java,go,d,fortran,objc,obj-c++ --enable-libstdcxx-debug --enable-libstdcxx-time=yes --enable-multiarch --enable-multilib --enable-nls --enable-objc-gc --enable-plugin --enable-shared --enable-threads=posix --host=x86_64-linux-gnu --target=x86_64-linux-gnu --with-abi=m64 --with-arch-32=i586 --with-arch-directory=amd64 --with-multilib-list=m32,m64,mx32 --with-tune=generic -v"}</JSON>
  </System>
  <System>
    <Identifier>debianQEMU18: jherard - Manual Test Run - 14:21 24 Apr 2017</Identifier>
    <Hardware>Processor: Westmere E56xx/L56xx/X56xx @ 2.13GHz (1 Core), Motherboard: QEMU Standard PC (i440FX + PIIX 1996), Chipset: Intel 440FX- 82441FX PMC, Memory: 1 x 4024 MB RAM QEMU, Disk: 4GB, Graphics: Cirrus Logic GD 5446, Network: Red Hat Virtio device</Hardware>
    <Software>OS: Debian 8.7, Kernel: 3.16.0-4-amd64 (x86_64), File-System: ext4, System Layer: QEMU</Software>
    <User>root</User>
    <TimeStamp>2017-04-24 14:21:56</TimeStamp>
    <TestClientVersion></TestClientVersion>
    <Notes></Notes>
    <JSON>{"compiler-configuration":"--build=x86_64-linux-gnu --disable-browser-plugin --disable-vtable-verify --enable-checking=release --enable-clocale=gnu --enable-gnu-unique-object --enable-gtk-cairo --enable-java-awt=gtk --enable-java-home --enable-languages=c,c++,java,go,d,fortran,objc,obj-c++ --enable-libstdcxx-debug --enable-libstdcxx-time=yes --enable-multiarch --enable-multilib --enable-nls --enable-objc-gc --enable-plugin --enable-shared --enable-threads=posix --host=x86_64-linux-gnu --target=x86_64-linux-gnu --with-abi=m64 --with-arch-32=i586 --with-arch-directory=amd64 --with-multilib-list=m32,m64,mx32 --with-tune=generic -v"}</JSON>
  </System>
  <System>
    <Identifier>debianQEMU22: jherard - Manual Test Run - 14:21 24 Apr 2017</Identifier>
    <Hardware>Processor: Westmere E56xx/L56xx/X56xx @ 2.13GHz (1 Core), Motherboard: QEMU Standard PC (i440FX + PIIX 1996), Chipset: Intel 440FX- 82441FX PMC, Memory: 1 x 4024 MB RAM QEMU, Disk: 4GB, Graphics: Cirrus Logic GD 5446, Network: Red Hat Virtio device</Hardware>
    <Software>OS: Debian 8.7, Kernel: 3.16.0-4-amd64 (x86_64), File-System: ext4, System Layer: QEMU</Software>
    <User>root</User>
    <TimeStamp>2017-04-24 14:22:02</TimeStamp>
    <TestClientVersion></TestClientVersion>
    <Notes></Notes>
    <JSON>{"compiler-configuration":"--build=x86_64-linux-gnu --disable-browser-plugin --disable-vtable-verify --enable-checking=release --enable-clocale=gnu --enable-gnu-unique-object --enable-gtk-cairo --enable-java-awt=gtk --enable-java-home --enable-languages=c,c++,java,go,d,fortran,objc,obj-c++ --enable-libstdcxx-debug --enable-libstdcxx-time=yes --enable-multiarch --enable-multilib --enable-nls --enable-objc-gc --enable-plugin --enable-shared --enable-threads=posix --host=x86_64-linux-gnu --target=x86_64-linux-gnu --with-abi=m64 --with-arch-32=i586 --with-arch-directory=amd64 --with-multilib-list=m32,m64,mx32 --with-tune=generic -v"}</JSON>
  </System>
  <Result>
    <Identifier>pts/tscp-1.2.1</Identifier>
    <Title>TSCP</Title>
    <AppVersion>1.81</AppVersion>
    <Arguments></Arguments>
    <Description>AI Chess Performance</Description>
    <Scale>Nodes Per Second</Scale>
    <Proportion>HIB</Proportion>
    <DisplayFormat>BAR_GRAPH</DisplayFormat>
    <Data>
      <Entry>
        <Identifier>debianQEMU12: jherard - Manual Test Run - 14:21 24 Apr 2017</Identifier>
        <Value>300684</Value>
        <RawString>438866:479771:487414:462450:471960:425639:445613:297556:260046:307525</RawString>
        <JSON>{"compiler-options":{"compiler-type":"CC","compiler":"gcc","compiler-options":"-O3 -march=native"}}</JSON>
      </Entry>
      <Entry>
        <Identifier>debianQEMU16: jherard - Manual Test Run - 14:21 24 Apr 2017</Identifier>
        <Value>221258</Value>
        <RawString>428954:446335:281152:303458:308041:301465:309773:304971:317085:311349</RawString>
        <JSON>{"compiler-options":{"compiler-type":"CC","compiler":"gcc","compiler-options":"-O3 -march=native"}}</JSON>
      </Entry>
      <Entry>
        <Identifier>debianQEMU2: jherard - Manual Test Run - 14:21 24 Apr 2017</Identifier>
        <Value>209192</Value>
        <RawString>440270:250695:301300:305987:301300:318921:302791:314371:334007:322280</RawString>
        <JSON>{"compiler-options":{"compiler-type":"CC","compiler":"gcc","compiler-options":"-O3 -march=native"}}</JSON>
      </Entry>
      <Entry>
        <Identifier>debianQEMU1: jherard - Manual Test Run - 14:21 24 Apr 2017</Identifier>
        <Value>243398</Value>
        <RawString>471556:471556:481028:304297:237302:313654:320219:315451:306157:312764</RawString>
        <JSON>{"compiler-options":{"compiler-type":"CC","compiler":"gcc","compiler-options":"-O3 -march=native"}}</JSON>
      </Entry>
      <Entry>
        <Identifier>debianQEMU17: jherard - Manual Test Run - 14:21 24 Apr 2017</Identifier>
        <Value>216520</Value>
        <RawString>324177:300807:297717:342098:347056:318368:329412:345098:340617:319847</RawString>
        <JSON>{"compiler-options":{"compiler-type":"CC","compiler":"gcc","compiler-options":"-O3 -march=native"}}</JSON>
      </Entry>
      <Entry>
        <Identifier>debianQEMU3: jherard - Manual Test Run - 14:21 24 Apr 2017</Identifier>
        <Value>196278</Value>
        <RawString>242954:304971:304633:334209:310647:314730:288970:320219:314191:327259</RawString>
        <JSON>{"compiler-options":{"compiler-type":"CC","compiler":"gcc","compiler-options":"-O3 -march=native"}}</JSON>
      </Entry>
      <Entry>
        <Identifier>debianQEMU15: jherard - Manual Test Run - 14:21 24 Apr 2017</Identifier>
        <Value>197686</Value>
        <RawString>275940:292189:304465:305140:309078:306669:313119:331793:329215:309252</RawString>
        <JSON>{"compiler-options":{"compiler-type":"CC","compiler":"gcc","compiler-options":"-O3 -march=native"}}</JSON>
      </Entry>
      <Entry>
        <Identifier>debianQEMU20: jherard - Manual Test Run - 14:21 24 Apr 2017</Identifier>
        <Value>224897</Value>
        <RawString>453315:432321:273203:305987:296755:298848:297075:318184:348152:325134</RawString>
        <JSON>{"compiler-options":{"compiler-type":"CC","compiler":"gcc","compiler-options":"-O3 -march=native"}}</JSON>
      </Entry>
      <Entry>
        <Identifier>debianQEMU21: jherard - Manual Test Run - 14:21 24 Apr 2017</Identifier>
        <Value>206608</Value>
        <RawString>307011:312586:335227:315451:312764</RawString>
        <JSON>{"compiler-options":{"compiler-type":"CC","compiler":"gcc","compiler-options":"-O3 -march=native"}}</JSON>
      </Entry>
      <Entry>
        <Identifier>debianQEMU4: jherard - Manual Test Run - 14:21 24 Apr 2017</Identifier>
        <Value>254079</Value>
        <RawString>475628:462062:460516:461674:460516</RawString>
        <JSON>{"compiler-options":{"compiler-type":"CC","compiler":"gcc","compiler-options":"-O3 -march=native"}}</JSON>
      </Entry>
      <Entry>
        <Identifier>debianQEMU24: jherard - Manual Test Run - 14:21 24 Apr 2017</Identifier>
        <Value>217946</Value>
        <RawString>372650:314371:315090:298524:340827:309599:307182:338523:323416:359281</RawString>
        <JSON>{"compiler-options":{"compiler-type":"CC","compiler":"gcc","compiler-options":"-O3 -march=native"}}</JSON>
      </Entry>
      <Entry>
        <Identifier>debianQEMU14: jherard - Manual Test Run - 14:21 24 Apr 2017</Identifier>
        <Value>252617</Value>
        <RawString>463227:458981:460516:435742:418206:244681:303124:305648:340406:295640</RawString>
        <JSON>{"compiler-options":{"compiler-type":"CC","compiler":"gcc","compiler-options":"-O3 -march=native"}}</JSON>
      </Entry>
      <Entry>
        <Identifier>debianQEMU23: jherard - Manual Test Run - 14:21 24 Apr 2017</Identifier>
        <Value>373690</Value>
        <RawString>486553:476864:463227:468747:442391:424983:258945:317634:307525:290035</RawString>
        <JSON>{"compiler-options":{"compiler-type":"CC","compiler":"gcc","compiler-options":"-O3 -march=native"}}</JSON>
      </Entry>
      <Entry>
        <Identifier>debianQEMU11: jherard - Manual Test Run - 14:21 24 Apr 2017</Identifier>
        <Value>286078</Value>
        <RawString>245117:299988:303291:304129:320033:290955:304971:322847:332997:336455</RawString>
        <JSON>{"compiler-options":{"compiler-type":"CC","compiler":"gcc","compiler-options":"-O3 -march=native"}}</JSON>
      </Entry>
      <Entry>
        <Identifier>debianQEMU10: jherard - Manual Test Run - 14:21 24 Apr 2017</Identifier>
        <Value>285405</Value>
        <RawString>299824:307869:311526:293435:314371</RawString>
        <JSON>{"compiler-options":{"compiler-type":"CC","compiler":"gcc","compiler-options":"-O3 -march=native"}}</JSON>
      </Entry>
      <Entry>
        <Identifier>debianQEMU25: jherard - Manual Test Run - 14:21 24 Apr 2017</Identifier>
        <Value>358586</Value>
        <RawString>480609:469146:463227:413186:375701:241146:305987:299988:330202:306669</RawString>
        <JSON>{"compiler-options":{"compiler-type":"CC","compiler":"gcc","compiler-options":"-O3 -march=native"}}</JSON>
      </Entry>
      <Entry>
        <Identifier>debianQEMU13: jherard - Manual Test Run - 14:21 24 Apr 2017</Identifier>
        <Value>357466</Value>
        <RawString>460902:472770:462062:458981:281583:312409:300478:307697:304297:313476</RawString>
        <JSON>{"compiler-options":{"compiler-type":"CC","compiler":"gcc","compiler-options":"-O3 -march=native"}}</JSON>
      </Entry>
      <Entry>
        <Identifier>debianQEMU19: jherard - Manual Test Run - 14:21 24 Apr 2017</Identifier>
        <Value>463147</Value>
        <RawString>488711:487845:454812:463617:470750</RawString>
        <JSON>{"compiler-options":{"compiler-type":"CC","compiler":"gcc","compiler-options":"-O3 -march=native"}}</JSON>
      </Entry>
      <Entry>
        <Identifier>debianQEMU18: jherard - Manual Test Run - 14:21 24 Apr 2017</Identifier>
        <Value>306783</Value>
        <RawString>312586:298362:324368:328430:320592:316357</RawString>
        <JSON>{"compiler-options":{"compiler-type":"CC","compiler":"gcc","compiler-options":"-O3 -march=native"}}</JSON>
      </Entry>
      <Entry>
        <Identifier>debianQEMU22: jherard - Manual Test Run - 14:21 24 Apr 2017</Identifier>
        <Value>310278</Value>
        <RawString>330400:329807:291571:311174:327065:329412:320033:326677:309773:326871</RawString>
        <JSON>{"compiler-options":{"compiler-type":"CC","compiler":"gcc","compiler-options":"-O3 -march=native"}}</JSON>
      </Entry>
    </Data>
  </Result>
  <Result>
    <Identifier>pts/compress-7zip-1.6.2</Identifier>
    <Title>7-Zip Compression</Title>
    <AppVersion>9.20.1</AppVersion>
    <Arguments></Arguments>
    <Description>Compress Speed Test</Description>
    <Scale>MIPS</Scale>
    <Proportion>HIB</Proportion>
    <DisplayFormat>BAR_GRAPH</DisplayFormat>
    <Data>
      <Entry>
        <Identifier>debianQEMU12: jherard - Manual Test Run - 14:21 24 Apr 2017</Identifier>
        <Value>1055</Value>
        <RawString>1467:1050:1059:1189:1044:1123</RawString>
        <JSON>{"compiler-options":{"compiler-type":"CXX","compiler":"g++","compiler-options":"-pipe -lpthread"}}</JSON>
      </Entry>
      <Entry>
        <Identifier>debianQEMU16: jherard - Manual Test Run - 14:21 24 Apr 2017</Identifier>
        <Value>1015</Value>
        <RawString>1188:1252:1073:1092:1049:1035</RawString>
        <JSON>{"compiler-options":{"compiler-type":"CXX","compiler":"g++","compiler-options":"-pipe -lpthread"}}</JSON>
      </Entry>
      <Entry>
        <Identifier>debianQEMU2: jherard - Manual Test Run - 14:21 24 Apr 2017</Identifier>
        <Value>974</Value>
        <RawString>1041:1095:1085</RawString>
        <JSON>{"compiler-options":{"compiler-type":"CXX","compiler":"g++","compiler-options":"-pipe -lpthread"}}</JSON>
      </Entry>
      <Entry>
        <Identifier>debianQEMU1: jherard - Manual Test Run - 14:21 24 Apr 2017</Identifier>
        <Value>1082</Value>
        <RawString>1254:1195:1088:1139:1158:1256</RawString>
        <JSON>{"compiler-options":{"compiler-type":"CXX","compiler":"g++","compiler-options":"-pipe -lpthread"}}</JSON>
      </Entry>
      <Entry>
        <Identifier>debianQEMU17: jherard - Manual Test Run - 14:21 24 Apr 2017</Identifier>
        <Value>1027</Value>
        <RawString>1110:1147:1123</RawString>
        <JSON>{"compiler-options":{"compiler-type":"CXX","compiler":"g++","compiler-options":"-pipe -lpthread"}}</JSON>
      </Entry>
      <Entry>
        <Identifier>debianQEMU3: jherard - Manual Test Run - 14:21 24 Apr 2017</Identifier>
        <Value>1010</Value>
        <RawString>1122:1110:1097</RawString>
        <JSON>{"compiler-options":{"compiler-type":"CXX","compiler":"g++","compiler-options":"-pipe -lpthread"}}</JSON>
      </Entry>
      <Entry>
        <Identifier>debianQEMU15: jherard - Manual Test Run - 14:21 24 Apr 2017</Identifier>
        <Value>1079</Value>
        <RawString>1153:1219:1166</RawString>
        <JSON>{"compiler-options":{"compiler-type":"CXX","compiler":"g++","compiler-options":"-pipe -lpthread"}}</JSON>
      </Entry>
      <Entry>
        <Identifier>debianQEMU20: jherard - Manual Test Run - 14:21 24 Apr 2017</Identifier>
        <Value>1039</Value>
        <RawString>1148:1164:1050:1064:1124:1284</RawString>
        <JSON>{"compiler-options":{"compiler-type":"CXX","compiler":"g++","compiler-options":"-pipe -lpthread"}}</JSON>
      </Entry>
      <Entry>
        <Identifier>debianQEMU21: jherard - Manual Test Run - 14:21 24 Apr 2017</Identifier>
        <Value>1053</Value>
        <RawString>1319:1103:1066:1151:1098:1182</RawString>
        <JSON>{"compiler-options":{"compiler-type":"CXX","compiler":"g++","compiler-options":"-pipe -lpthread"}}</JSON>
      </Entry>
      <Entry>
        <Identifier>debianQEMU4: jherard - Manual Test Run - 14:21 24 Apr 2017</Identifier>
        <Value>1068</Value>
        <RawString>1429:1184:1090:1053:1207:1044</RawString>
        <JSON>{"compiler-options":{"compiler-type":"CXX","compiler":"g++","compiler-options":"-pipe -lpthread"}}</JSON>
      </Entry>
      <Entry>
        <Identifier>debianQEMU24: jherard - Manual Test Run - 14:21 24 Apr 2017</Identifier>
        <Value>1059</Value>
        <RawString>1332:1224:1081:1158:1054:1105</RawString>
        <JSON>{"compiler-options":{"compiler-type":"CXX","compiler":"g++","compiler-options":"-pipe -lpthread"}}</JSON>
      </Entry>
      <Entry>
        <Identifier>debianQEMU14: jherard - Manual Test Run - 14:21 24 Apr 2017</Identifier>
        <Value>1049</Value>
        <RawString>1332:1138:1115:1030:1106:1174</RawString>
        <JSON>{"compiler-options":{"compiler-type":"CXX","compiler":"g++","compiler-options":"-pipe -lpthread"}}</JSON>
      </Entry>
      <Entry>
        <Identifier>debianQEMU23: jherard - Manual Test Run - 14:21 24 Apr 2017</Identifier>
        <Value>1087</Value>
        <RawString>1406:1040:1179:1143:1195:1157</RawString>
        <JSON>{"compiler-options":{"compiler-type":"CXX","compiler":"g++","compiler-options":"-pipe -lpthread"}}</JSON>
      </Entry>
      <Entry>
        <Identifier>debianQEMU11: jherard - Manual Test Run - 14:21 24 Apr 2017</Identifier>
        <Value>1071</Value>
        <RawString>1229:1040:1159:1299:1171:1126</RawString>
        <JSON>{"compiler-options":{"compiler-type":"CXX","compiler":"g++","compiler-options":"-pipe -lpthread"}}</JSON>
      </Entry>
      <Entry>
        <Identifier>debianQEMU10: jherard - Manual Test Run - 14:21 24 Apr 2017</Identifier>
        <Value>1102</Value>
        <RawString>1321:1076:1066:1271:1254:1225</RawString>
        <JSON>{"compiler-options":{"compiler-type":"CXX","compiler":"g++","compiler-options":"-pipe -lpthread"}}</JSON>
      </Entry>
      <Entry>
        <Identifier>debianQEMU25: jherard - Manual Test Run - 14:21 24 Apr 2017</Identifier>
        <Value>1150</Value>
        <RawString>1464:1324:1183:1150:1205:1172</RawString>
        <JSON>{"compiler-options":{"compiler-type":"CXX","compiler":"g++","compiler-options":"-pipe -lpthread"}}</JSON>
      </Entry>
      <Entry>
        <Identifier>debianQEMU13: jherard - Manual Test Run - 14:21 24 Apr 2017</Identifier>
        <Value>1075</Value>
        <RawString>1397:1060:1058:1129:1179:1224</RawString>
        <JSON>{"compiler-options":{"compiler-type":"CXX","compiler":"g++","compiler-options":"-pipe -lpthread"}}</JSON>
      </Entry>
      <Entry>
        <Identifier>debianQEMU19: jherard - Manual Test Run - 14:21 24 Apr 2017</Identifier>
        <Value>1110</Value>
        <RawString>1450:1135:1138:1216:1241:1082</RawString>
        <JSON>{"compiler-options":{"compiler-type":"CXX","compiler":"g++","compiler-options":"-pipe -lpthread"}}</JSON>
      </Entry>
      <Entry>
        <Identifier>debianQEMU18: jherard - Manual Test Run - 14:21 24 Apr 2017</Identifier>
        <Value>1106</Value>
        <RawString>1331:1235:1160:1217:1156:1136</RawString>
        <JSON>{"compiler-options":{"compiler-type":"CXX","compiler":"g++","compiler-options":"-pipe -lpthread"}}</JSON>
      </Entry>
      <Entry>
        <Identifier>debianQEMU22: jherard - Manual Test Run - 14:21 24 Apr 2017</Identifier>
        <Value>1045</Value>
        <RawString>1151:1115:1168</RawString>
        <JSON>{"compiler-options":{"compiler-type":"CXX","compiler":"g++","compiler-options":"-pipe -lpthread"}}</JSON>
      </Entry>
    </Data>
  </Result>
  <Result>
    <Identifier>pts/crafty-1.3.1</Identifier>
    <Title>Crafty</Title>
    <AppVersion>23.4</AppVersion>
    <Arguments></Arguments>
    <Description>Elapsed Time</Description>
    <Scale>Seconds</Scale>
    <Proportion>LIB</Proportion>
    <DisplayFormat>BAR_GRAPH</DisplayFormat>
    <Data>
      <Entry>
        <Identifier>debianQEMU12: jherard - Manual Test Run - 14:21 24 Apr 2017</Identifier>
        <Value>364.05</Value>
        <RawString>324.24:355.82:342.07:339.19:312.74:330.21</RawString>
        <JSON>{"compiler-options":{"compiler-type":"CC","compiler":"gcc","compiler-options":"-lstdc++ -lm"}}</JSON>
      </Entry>
      <Entry>
        <Identifier>debianQEMU16: jherard - Manual Test Run - 14:21 24 Apr 2017</Identifier>
        <Value>365.93</Value>
        <RawString>353.62:348.42:327.13:325.94:331.59:328.86</RawString>
        <JSON>{"compiler-options":{"compiler-type":"CC","compiler":"gcc","compiler-options":"-lstdc++ -lm"}}</JSON>
      </Entry>
      <Entry>
        <Identifier>debianQEMU2: jherard - Manual Test Run - 14:21 24 Apr 2017</Identifier>
        <Value>368.99</Value>
        <RawString>333.82:363.27:355.19:339.35:325.54:316.75</RawString>
        <JSON>{"compiler-options":{"compiler-type":"CC","compiler":"gcc","compiler-options":"-lstdc++ -lm"}}</JSON>
      </Entry>
      <Entry>
        <Identifier>debianQEMU1: jherard - Manual Test Run - 14:21 24 Apr 2017</Identifier>
        <Value>364.36</Value>
        <RawString>347.44:359.09:329.36:347.54:338.38</RawString>
        <JSON>{"compiler-options":{"compiler-type":"CC","compiler":"gcc","compiler-options":"-lstdc++ -lm"}}</JSON>
      </Entry>
      <Entry>
        <Identifier>debianQEMU17: jherard - Manual Test Run - 14:21 24 Apr 2017</Identifier>
        <Value>362.39</Value>
        <RawString>304.17:336.59:330.32:339.03:351.04:333.16</RawString>
        <JSON>{"compiler-options":{"compiler-type":"CC","compiler":"gcc","compiler-options":"-lstdc++ -lm"}}</JSON>
      </Entry>
      <Entry>
        <Identifier>debianQEMU3: jherard - Manual Test Run - 14:21 24 Apr 2017</Identifier>
        <Value>359.28</Value>
        <RawString>299.13:337.26:339.3:332.23:335.52:332.26</RawString>
        <JSON>{"compiler-options":{"compiler-type":"CC","compiler":"gcc","compiler-options":"-lstdc++ -lm"}}</JSON>
      </Entry>
      <Entry>
        <Identifier>debianQEMU15: jherard - Manual Test Run - 14:21 24 Apr 2017</Identifier>
        <Value>366.30</Value>
        <RawString>309.17:333.25:327.89:335.56:325.65</RawString>
        <JSON>{"compiler-options":{"compiler-type":"CC","compiler":"gcc","compiler-options":"-lstdc++ -lm"}}</JSON>
      </Entry>
      <Entry>
        <Identifier>debianQEMU20: jherard - Manual Test Run - 14:21 24 Apr 2017</Identifier>
        <Value>355.50</Value>
        <RawString>362.48:338.22:341.98:339.33</RawString>
        <JSON>{"compiler-options":{"compiler-type":"CC","compiler":"gcc","compiler-options":"-lstdc++ -lm"}}</JSON>
      </Entry>
      <Entry>
        <Identifier>debianQEMU21: jherard - Manual Test Run - 14:21 24 Apr 2017</Identifier>
        <Value>355.08</Value>
        <RawString>351.3:345.71:338.22</RawString>
        <JSON>{"compiler-options":{"compiler-type":"CC","compiler":"gcc","compiler-options":"-lstdc++ -lm"}}</JSON>
      </Entry>
      <Entry>
        <Identifier>debianQEMU4: jherard - Manual Test Run - 14:21 24 Apr 2017</Identifier>
        <Value>327.22</Value>
        <RawString>329.91:338.03:343.72</RawString>
        <JSON>{"compiler-options":{"compiler-type":"CC","compiler":"gcc","compiler-options":"-lstdc++ -lm"}}</JSON>
      </Entry>
      <Entry>
        <Identifier>debianQEMU24: jherard - Manual Test Run - 14:21 24 Apr 2017</Identifier>
        <Value>333.11</Value>
        <RawString>331.94:335.13:332.25</RawString>
        <JSON>{"compiler-options":{"compiler-type":"CC","compiler":"gcc","compiler-options":"-lstdc++ -lm"}}</JSON>
      </Entry>
      <Entry>
        <Identifier>debianQEMU14: jherard - Manual Test Run - 14:21 24 Apr 2017</Identifier>
        <Value>341.91</Value>
        <RawString>346.07:345.72:333.93</RawString>
        <JSON>{"compiler-options":{"compiler-type":"CC","compiler":"gcc","compiler-options":"-lstdc++ -lm"}}</JSON>
      </Entry>
      <Entry>
        <Identifier>debianQEMU23: jherard - Manual Test Run - 14:21 24 Apr 2017</Identifier>
        <Value>340.68</Value>
        <RawString>330.81:346.61:344.63</RawString>
        <JSON>{"compiler-options":{"compiler-type":"CC","compiler":"gcc","compiler-options":"-lstdc++ -lm"}}</JSON>
      </Entry>
      <Entry>
        <Identifier>debianQEMU11: jherard - Manual Test Run - 14:21 24 Apr 2017</Identifier>
        <Value>347.97</Value>
        <RawString>349.49:352.6:341.81</RawString>
        <JSON>{"compiler-options":{"compiler-type":"CC","compiler":"gcc","compiler-options":"-lstdc++ -lm"}}</JSON>
      </Entry>
      <Entry>
        <Identifier>debianQEMU10: jherard - Manual Test Run - 14:21 24 Apr 2017</Identifier>
        <Value>245.81</Value>
        <RawString>348.56:354.24:334.64</RawString>
        <JSON>{"compiler-options":{"compiler-type":"CC","compiler":"gcc","compiler-options":"-lstdc++ -lm"}}</JSON>
      </Entry>
      <Entry>
        <Identifier>debianQEMU25: jherard - Manual Test Run - 14:21 24 Apr 2017</Identifier>
        <Value>246.79</Value>
        <RawString>353.45:335.02:351.91</RawString>
        <JSON>{"compiler-options":{"compiler-type":"CC","compiler":"gcc","compiler-options":"-lstdc++ -lm"}}</JSON>
      </Entry>
      <Entry>
        <Identifier>debianQEMU13: jherard - Manual Test Run - 14:21 24 Apr 2017</Identifier>
        <Value>229.66</Value>
        <RawString>320.1:334.13:334.76</RawString>
        <JSON>{"compiler-options":{"compiler-type":"CC","compiler":"gcc","compiler-options":"-lstdc++ -lm"}}</JSON>
      </Entry>
      <Entry>
        <Identifier>debianQEMU19: jherard - Manual Test Run - 14:21 24 Apr 2017</Identifier>
        <Value>335.14</Value>
        <RawString>327.46:342.07:335.9</RawString>
        <JSON>{"compiler-options":{"compiler-type":"CC","compiler":"gcc","compiler-options":"-lstdc++ -lm"}}</JSON>
      </Entry>
      <Entry>
        <Identifier>debianQEMU18: jherard - Manual Test Run - 14:21 24 Apr 2017</Identifier>
        <Value>242.65</Value>
        <RawString>348.59:341.34:338.02</RawString>
        <JSON>{"compiler-options":{"compiler-type":"CC","compiler":"gcc","compiler-options":"-lstdc++ -lm"}}</JSON>
      </Entry>
      <Entry>
        <Identifier>debianQEMU22: jherard - Manual Test Run - 14:21 24 Apr 2017</Identifier>
        <Value>242.22</Value>
        <RawString>330.45:346.88:349.32</RawString>
        <JSON>{"compiler-options":{"compiler-type":"CC","compiler":"gcc","compiler-options":"-lstdc++ -lm"}}</JSON>
      </Entry>
    </Data>
  </Result>
  <Result>
    <Identifier>pts/povray-1.1.3</Identifier>
    <Title>POV-Ray</Title>
    <AppVersion>3.7.0</AppVersion>
    <Arguments></Arguments>
    <Description>Total Time</Description>
    <Scale>Seconds</Scale>
    <Proportion>LIB</Proportion>
    <DisplayFormat>BAR_GRAPH</DisplayFormat>
    <Data>
      <Entry>
        <Identifier>debianQEMU12: jherard - Manual Test Run - 14:21 24 Apr 2017</Identifier>
        <Value>2448.99</Value>
        <RawString>3306.852:3295.113:2745.106:1626.681:1556.106:1564.083</RawString>
        <JSON>{"compiler-options":{"compiler-type":"CXX","compiler":"g++","compiler-options":"-pipe -O3 -ffast-math -march=native -pthread -ltiff -ljpeg -lpng -lz -lrt -lm -lboost_thread -lboost_system"}}</JSON>
      </Entry>
      <Entry>
        <Identifier>debianQEMU16: jherard - Manual Test Run - 14:21 24 Apr 2017</Identifier>
        <Value>2436.60</Value>
        <RawString>3276.658:3375.662:2690.943:1560.328:1580.599:1535.422</RawString>
        <JSON>{"compiler-options":{"compiler-type":"CXX","compiler":"g++","compiler-options":"-pipe -O3 -ffast-math -march=native -pthread -ltiff -ljpeg -lpng -lz -lrt -lm -lboost_thread -lboost_system"}}</JSON>
      </Entry>
      <Entry>
        <Identifier>debianQEMU2: jherard - Manual Test Run - 14:21 24 Apr 2017</Identifier>
        <Value>2459.46</Value>
        <RawString>3326.878:3282.48:2863.587:1546.243:1541.382:1596.215</RawString>
        <JSON>{"compiler-options":{"compiler-type":"CXX","compiler":"g++","compiler-options":"-pipe -O3 -ffast-math -march=native -pthread -ltiff -ljpeg -lpng -lz -lrt -lm -lboost_thread -lboost_system"}}</JSON>
      </Entry>
      <Entry>
        <Identifier>debianQEMU1: jherard - Manual Test Run - 14:21 24 Apr 2017</Identifier>
        <Value>2473.82</Value>
        <RawString>3337.706:3354.494:2877.292:1561.786:1584.181:1527.486</RawString>
        <JSON>{"compiler-options":{"compiler-type":"CXX","compiler":"g++","compiler-options":"-pipe -O3 -ffast-math -march=native -pthread -ltiff -ljpeg -lpng -lz -lrt -lm -lboost_thread -lboost_system"}}</JSON>
      </Entry>
      <Entry>
        <Identifier>debianQEMU17: jherard - Manual Test Run - 14:21 24 Apr 2017</Identifier>
        <Value>2460.61</Value>
        <RawString>3322.177:3349.068:2788.006:1614.445:1576.831:1513.162</RawString>
        <JSON>{"compiler-options":{"compiler-type":"CXX","compiler":"g++","compiler-options":"-pipe -O3 -ffast-math -march=native -pthread -ltiff -ljpeg -lpng -lz -lrt -lm -lboost_thread -lboost_system"}}</JSON>
      </Entry>
      <Entry>
        <Identifier>debianQEMU3: jherard - Manual Test Run - 14:21 24 Apr 2017</Identifier>
        <Value>2437.83</Value>
        <RawString>3254.772:3217.209:2912.235:1543.912:1564.672:1534.16</RawString>
        <JSON>{"compiler-options":{"compiler-type":"CXX","compiler":"g++","compiler-options":"-pipe -O3 -ffast-math -march=native -pthread -ltiff -ljpeg -lpng -lz -lrt -lm -lboost_thread -lboost_system"}}</JSON>
      </Entry>
      <Entry>
        <Identifier>debianQEMU15: jherard - Manual Test Run - 14:21 24 Apr 2017</Identifier>
        <Value>3417.56</Value>
        <RawString>3315.568:3208.962:3128.148</RawString>
        <JSON>{"compiler-options":{"compiler-type":"CXX","compiler":"g++","compiler-options":"-pipe -O3 -ffast-math -march=native -pthread -ltiff -ljpeg -lpng -lz -lrt -lm -lboost_thread -lboost_system"}}</JSON>
      </Entry>
      <Entry>
        <Identifier>debianQEMU20: jherard - Manual Test Run - 14:21 24 Apr 2017</Identifier>
        <Value>3491.07</Value>
        <RawString>3205.694:3291.106:3076.395</RawString>
        <JSON>{"compiler-options":{"compiler-type":"CXX","compiler":"g++","compiler-options":"-pipe -O3 -ffast-math -march=native -pthread -ltiff -ljpeg -lpng -lz -lrt -lm -lboost_thread -lboost_system"}}</JSON>
      </Entry>
      <Entry>
        <Identifier>debianQEMU21: jherard - Manual Test Run - 14:21 24 Apr 2017</Identifier>
        <Value>3486.29</Value>
        <RawString>3264.071:3376.389:3218.404</RawString>
        <JSON>{"compiler-options":{"compiler-type":"CXX","compiler":"g++","compiler-options":"-pipe -O3 -ffast-math -march=native -pthread -ltiff -ljpeg -lpng -lz -lrt -lm -lboost_thread -lboost_system"}}</JSON>
      </Entry>
      <Entry>
        <Identifier>debianQEMU4: jherard - Manual Test Run - 14:21 24 Apr 2017</Identifier>
        <Value>3498.59</Value>
        <RawString>3298.335:3294.409:3303.02</RawString>
        <JSON>{"compiler-options":{"compiler-type":"CXX","compiler":"g++","compiler-options":"-pipe -O3 -ffast-math -march=native -pthread -ltiff -ljpeg -lpng -lz -lrt -lm -lboost_thread -lboost_system"}}</JSON>
      </Entry>
      <Entry>
        <Identifier>debianQEMU24: jherard - Manual Test Run - 14:21 24 Apr 2017</Identifier>
        <Value>3478.33</Value>
        <RawString>3298.37:3326.204:3210.424</RawString>
        <JSON>{"compiler-options":{"compiler-type":"CXX","compiler":"g++","compiler-options":"-pipe -O3 -ffast-math -march=native -pthread -ltiff -ljpeg -lpng -lz -lrt -lm -lboost_thread -lboost_system"}}</JSON>
      </Entry>
      <Entry>
        <Identifier>debianQEMU14: jherard - Manual Test Run - 14:21 24 Apr 2017</Identifier>
        <Value>3572.14</Value>
        <RawString>3271.563:3246.319:3298.524</RawString>
        <JSON>{"compiler-options":{"compiler-type":"CXX","compiler":"g++","compiler-options":"-pipe -O3 -ffast-math -march=native -pthread -ltiff -ljpeg -lpng -lz -lrt -lm -lboost_thread -lboost_system"}}</JSON>
      </Entry>
      <Entry>
        <Identifier>debianQEMU23: jherard - Manual Test Run - 14:21 24 Apr 2017</Identifier>
        <Value>3569.42</Value>
        <RawString>3300.524:3311.26:3196.462</RawString>
        <JSON>{"compiler-options":{"compiler-type":"CXX","compiler":"g++","compiler-options":"-pipe -O3 -ffast-math -march=native -pthread -ltiff -ljpeg -lpng -lz -lrt -lm -lboost_thread -lboost_system"}}</JSON>
      </Entry>
      <Entry>
        <Identifier>debianQEMU11: jherard - Manual Test Run - 14:21 24 Apr 2017</Identifier>
        <Value>3548.30</Value>
        <RawString>3246.478:3332.298:3166.127</RawString>
        <JSON>{"compiler-options":{"compiler-type":"CXX","compiler":"g++","compiler-options":"-pipe -O3 -ffast-math -march=native -pthread -ltiff -ljpeg -lpng -lz -lrt -lm -lboost_thread -lboost_system"}}</JSON>
      </Entry>
      <Entry>
        <Identifier>debianQEMU10: jherard - Manual Test Run - 14:21 24 Apr 2017</Identifier>
        <Value>3553.63</Value>
        <RawString>3321.816:3206.132:3232.946</RawString>
        <JSON>{"compiler-options":{"compiler-type":"CXX","compiler":"g++","compiler-options":"-pipe -O3 -ffast-math -march=native -pthread -ltiff -ljpeg -lpng -lz -lrt -lm -lboost_thread -lboost_system"}}</JSON>
      </Entry>
      <Entry>
        <Identifier>debianQEMU25: jherard - Manual Test Run - 14:21 24 Apr 2017</Identifier>
        <Value>3247.62</Value>
        <RawString>3253.144:3234.799:3254.912</RawString>
        <JSON>{"compiler-options":{"compiler-type":"CXX","compiler":"g++","compiler-options":"-pipe -O3 -ffast-math -march=native -pthread -ltiff -ljpeg -lpng -lz -lrt -lm -lboost_thread -lboost_system"}}</JSON>
      </Entry>
      <Entry>
        <Identifier>debianQEMU13: jherard - Manual Test Run - 14:21 24 Apr 2017</Identifier>
        <Value>3243.31</Value>
        <RawString>3203.385:3246.826:3279.725</RawString>
        <JSON>{"compiler-options":{"compiler-type":"CXX","compiler":"g++","compiler-options":"-pipe -O3 -ffast-math -march=native -pthread -ltiff -ljpeg -lpng -lz -lrt -lm -lboost_thread -lboost_system"}}</JSON>
      </Entry>
      <Entry>
        <Identifier>debianQEMU19: jherard - Manual Test Run - 14:21 24 Apr 2017</Identifier>
        <Value>3246.19</Value>
        <RawString>3224.929:3281.468:3232.177</RawString>
        <JSON>{"compiler-options":{"compiler-type":"CXX","compiler":"g++","compiler-options":"-pipe -O3 -ffast-math -march=native -pthread -ltiff -ljpeg -lpng -lz -lrt -lm -lboost_thread -lboost_system"}}</JSON>
      </Entry>
      <Entry>
        <Identifier>debianQEMU18: jherard - Manual Test Run - 14:21 24 Apr 2017</Identifier>
        <Value>3218.99</Value>
        <RawString>3191.942:3279.001:3186.018</RawString>
        <JSON>{"compiler-options":{"compiler-type":"CXX","compiler":"g++","compiler-options":"-pipe -O3 -ffast-math -march=native -pthread -ltiff -ljpeg -lpng -lz -lrt -lm -lboost_thread -lboost_system"}}</JSON>
      </Entry>
      <Entry>
        <Identifier>debianQEMU22: jherard - Manual Test Run - 14:21 24 Apr 2017</Identifier>
        <Value>3186.26</Value>
        <RawString>3162.718:3200.082:3195.979</RawString>
        <JSON>{"compiler-options":{"compiler-type":"CXX","compiler":"g++","compiler-options":"-pipe -O3 -ffast-math -march=native -pthread -ltiff -ljpeg -lpng -lz -lrt -lm -lboost_thread -lboost_system"}}</JSON>
      </Entry>
    </Data>
  </Result>
</PhoronixTestSuite>
