<?xml version="1.0"?>
<!--Phoronix Test Suite v7.0.1-->
<PhoronixTestSuite>
  <Generated>
    <Title>LXC_CPU_15 - 2017-04-26</Title>
    <LastModified>2017-04-26 21:00:04</LastModified>
    <TestClient>Phoronix Test Suite v7.0.1 (Ringsaker)</TestClient>
    <Description>A Phoromatic run.</Description>
  </Generated>
  <System>
    <Identifier>debLXC101: 2017-04-26</Identifier>
    <Hardware>Processor: 2 x Intel Xeon L5630 @ 2.13GHz (16 Cores), Motherboard: Dell 0MD99X, Memory: 242688MB, Disk: 3999GB Virtual Disk, Graphics: mgadrmfb</Hardware>
    <Software>OS: Debian GNU/Linux 8, Kernel: 3.16.0-4-amd64 (x86_64), Compiler: GCC 4.9.2, File-System: ext4, Screen Resolution: 1280x1024, System Layer: lxc</Software>
    <User>root</User>
    <TimeStamp>2017-04-26 16:16:28</TimeStamp>
    <TestClientVersion></TestClientVersion>
    <Notes></Notes>
    <JSON>{"compiler-configuration":"--build=x86_64-linux-gnu --disable-browser-plugin --disable-vtable-verify --enable-checking=release --enable-clocale=gnu --enable-gnu-unique-object --enable-gtk-cairo --enable-java-awt=gtk --enable-java-home --enable-languages=c,c++,java,go,d,fortran,objc,obj-c++ --enable-libstdcxx-debug --enable-libstdcxx-time=yes --enable-multiarch --enable-multilib --enable-nls --enable-objc-gc --enable-plugin --enable-shared --enable-threads=posix --host=x86_64-linux-gnu --target=x86_64-linux-gnu --with-abi=m64 --with-arch-32=i586 --with-arch-directory=amd64 --with-multilib-list=m32,m64,mx32 --with-tune=generic -v"}</JSON>
  </System>
  <System>
    <Identifier>debLXC115: 2017-04-26</Identifier>
    <Hardware>Processor: 2 x Intel Xeon L5630 @ 2.13GHz (16 Cores), Motherboard: Dell 0MD99X, Memory: 242688MB, Disk: 3999GB Virtual Disk, Graphics: mgadrmfb</Hardware>
    <Software>OS: Debian GNU/Linux 8, Kernel: 3.16.0-4-amd64 (x86_64), Compiler: GCC 4.9.2, File-System: ext4, Screen Resolution: 1280x1024, System Layer: lxc</Software>
    <User>root</User>
    <TimeStamp>2017-04-26 16:16:27</TimeStamp>
    <TestClientVersion></TestClientVersion>
    <Notes></Notes>
    <JSON>{"compiler-configuration":"--build=x86_64-linux-gnu --disable-browser-plugin --disable-vtable-verify --enable-checking=release --enable-clocale=gnu --enable-gnu-unique-object --enable-gtk-cairo --enable-java-awt=gtk --enable-java-home --enable-languages=c,c++,java,go,d,fortran,objc,obj-c++ --enable-libstdcxx-debug --enable-libstdcxx-time=yes --enable-multiarch --enable-multilib --enable-nls --enable-objc-gc --enable-plugin --enable-shared --enable-threads=posix --host=x86_64-linux-gnu --target=x86_64-linux-gnu --with-abi=m64 --with-arch-32=i586 --with-arch-directory=amd64 --with-multilib-list=m32,m64,mx32 --with-tune=generic -v"}</JSON>
  </System>
  <System>
    <Identifier>debLXC104: 2017-04-26</Identifier>
    <Hardware>Processor: 2 x Intel Xeon L5630 @ 2.13GHz (16 Cores), Motherboard: Dell 0MD99X, Memory: 242688MB, Disk: 3999GB Virtual Disk, Graphics: mgadrmfb</Hardware>
    <Software>OS: Debian GNU/Linux 8, Kernel: 3.16.0-4-amd64 (x86_64), Compiler: GCC 4.9.2, File-System: ext4, Screen Resolution: 1280x1024, System Layer: lxc</Software>
    <User>root</User>
    <TimeStamp>2017-04-26 16:16:28</TimeStamp>
    <TestClientVersion></TestClientVersion>
    <Notes></Notes>
    <JSON>{"compiler-configuration":"--build=x86_64-linux-gnu --disable-browser-plugin --disable-vtable-verify --enable-checking=release --enable-clocale=gnu --enable-gnu-unique-object --enable-gtk-cairo --enable-java-awt=gtk --enable-java-home --enable-languages=c,c++,java,go,d,fortran,objc,obj-c++ --enable-libstdcxx-debug --enable-libstdcxx-time=yes --enable-multiarch --enable-multilib --enable-nls --enable-objc-gc --enable-plugin --enable-shared --enable-threads=posix --host=x86_64-linux-gnu --target=x86_64-linux-gnu --with-abi=m64 --with-arch-32=i586 --with-arch-directory=amd64 --with-multilib-list=m32,m64,mx32 --with-tune=generic -v"}</JSON>
  </System>
  <System>
    <Identifier>debLXC106: 2017-04-26</Identifier>
    <Hardware>Processor: 2 x Intel Xeon L5630 @ 2.13GHz (16 Cores), Motherboard: Dell 0MD99X, Memory: 242688MB, Disk: 3999GB Virtual Disk, Graphics: mgadrmfb</Hardware>
    <Software>OS: Debian GNU/Linux 8, Kernel: 3.16.0-4-amd64 (x86_64), Compiler: GCC 4.9.2, File-System: ext4, Screen Resolution: 1280x1024, System Layer: lxc</Software>
    <User>root</User>
    <TimeStamp>2017-04-26 16:16:29</TimeStamp>
    <TestClientVersion></TestClientVersion>
    <Notes></Notes>
    <JSON>{"compiler-configuration":"--build=x86_64-linux-gnu --disable-browser-plugin --disable-vtable-verify --enable-checking=release --enable-clocale=gnu --enable-gnu-unique-object --enable-gtk-cairo --enable-java-awt=gtk --enable-java-home --enable-languages=c,c++,java,go,d,fortran,objc,obj-c++ --enable-libstdcxx-debug --enable-libstdcxx-time=yes --enable-multiarch --enable-multilib --enable-nls --enable-objc-gc --enable-plugin --enable-shared --enable-threads=posix --host=x86_64-linux-gnu --target=x86_64-linux-gnu --with-abi=m64 --with-arch-32=i586 --with-arch-directory=amd64 --with-multilib-list=m32,m64,mx32 --with-tune=generic -v"}</JSON>
  </System>
  <System>
    <Identifier>debLXC107: 2017-04-26</Identifier>
    <Hardware>Processor: 2 x Intel Xeon L5630 @ 2.13GHz (16 Cores), Motherboard: Dell 0MD99X, Memory: 242688MB, Disk: 3999GB Virtual Disk, Graphics: mgadrmfb</Hardware>
    <Software>OS: Debian GNU/Linux 8, Kernel: 3.16.0-4-amd64 (x86_64), Compiler: GCC 4.9.2, File-System: ext4, Screen Resolution: 1280x1024, System Layer: lxc</Software>
    <User>root</User>
    <TimeStamp>2017-04-26 16:16:26</TimeStamp>
    <TestClientVersion></TestClientVersion>
    <Notes></Notes>
    <JSON>{"compiler-configuration":"--build=x86_64-linux-gnu --disable-browser-plugin --disable-vtable-verify --enable-checking=release --enable-clocale=gnu --enable-gnu-unique-object --enable-gtk-cairo --enable-java-awt=gtk --enable-java-home --enable-languages=c,c++,java,go,d,fortran,objc,obj-c++ --enable-libstdcxx-debug --enable-libstdcxx-time=yes --enable-multiarch --enable-multilib --enable-nls --enable-objc-gc --enable-plugin --enable-shared --enable-threads=posix --host=x86_64-linux-gnu --target=x86_64-linux-gnu --with-abi=m64 --with-arch-32=i586 --with-arch-directory=amd64 --with-multilib-list=m32,m64,mx32 --with-tune=generic -v"}</JSON>
  </System>
  <System>
    <Identifier>debLXC114: 2017-04-26</Identifier>
    <Hardware>Processor: 2 x Intel Xeon L5630 @ 2.13GHz (16 Cores), Motherboard: Dell 0MD99X, Memory: 242688MB, Disk: 3999GB Virtual Disk, Graphics: mgadrmfb</Hardware>
    <Software>OS: Debian GNU/Linux 8, Kernel: 3.16.0-4-amd64 (x86_64), Compiler: GCC 4.9.2, File-System: ext4, Screen Resolution: 1280x1024, System Layer: lxc</Software>
    <User>root</User>
    <TimeStamp>2017-04-26 16:16:27</TimeStamp>
    <TestClientVersion></TestClientVersion>
    <Notes></Notes>
    <JSON>{"compiler-configuration":"--build=x86_64-linux-gnu --disable-browser-plugin --disable-vtable-verify --enable-checking=release --enable-clocale=gnu --enable-gnu-unique-object --enable-gtk-cairo --enable-java-awt=gtk --enable-java-home --enable-languages=c,c++,java,go,d,fortran,objc,obj-c++ --enable-libstdcxx-debug --enable-libstdcxx-time=yes --enable-multiarch --enable-multilib --enable-nls --enable-objc-gc --enable-plugin --enable-shared --enable-threads=posix --host=x86_64-linux-gnu --target=x86_64-linux-gnu --with-abi=m64 --with-arch-32=i586 --with-arch-directory=amd64 --with-multilib-list=m32,m64,mx32 --with-tune=generic -v"}</JSON>
  </System>
  <System>
    <Identifier>debLXC102: 2017-04-26</Identifier>
    <Hardware>Processor: 2 x Intel Xeon L5630 @ 2.13GHz (16 Cores), Motherboard: Dell 0MD99X, Memory: 242688MB, Disk: 3999GB Virtual Disk, Graphics: mgadrmfb</Hardware>
    <Software>OS: Debian GNU/Linux 8, Kernel: 3.16.0-4-amd64 (x86_64), Compiler: GCC 4.9.2, File-System: ext4, Screen Resolution: 1280x1024, System Layer: lxc</Software>
    <User>root</User>
    <TimeStamp>2017-04-26 16:16:28</TimeStamp>
    <TestClientVersion></TestClientVersion>
    <Notes></Notes>
    <JSON>{"compiler-configuration":"--build=x86_64-linux-gnu --disable-browser-plugin --disable-vtable-verify --enable-checking=release --enable-clocale=gnu --enable-gnu-unique-object --enable-gtk-cairo --enable-java-awt=gtk --enable-java-home --enable-languages=c,c++,java,go,d,fortran,objc,obj-c++ --enable-libstdcxx-debug --enable-libstdcxx-time=yes --enable-multiarch --enable-multilib --enable-nls --enable-objc-gc --enable-plugin --enable-shared --enable-threads=posix --host=x86_64-linux-gnu --target=x86_64-linux-gnu --with-abi=m64 --with-arch-32=i586 --with-arch-directory=amd64 --with-multilib-list=m32,m64,mx32 --with-tune=generic -v"}</JSON>
  </System>
  <System>
    <Identifier>debLXC109: 2017-04-26</Identifier>
    <Hardware>Processor: 2 x Intel Xeon L5630 @ 2.13GHz (16 Cores), Motherboard: Dell 0MD99X, Memory: 242688MB, Disk: 3999GB Virtual Disk, Graphics: mgadrmfb</Hardware>
    <Software>OS: Debian GNU/Linux 8, Kernel: 3.16.0-4-amd64 (x86_64), Compiler: GCC 4.9.2, File-System: ext4, Screen Resolution: 1280x1024, System Layer: lxc</Software>
    <User>root</User>
    <TimeStamp>2017-04-26 16:16:26</TimeStamp>
    <TestClientVersion></TestClientVersion>
    <Notes></Notes>
    <JSON>{"compiler-configuration":"--build=x86_64-linux-gnu --disable-browser-plugin --disable-vtable-verify --enable-checking=release --enable-clocale=gnu --enable-gnu-unique-object --enable-gtk-cairo --enable-java-awt=gtk --enable-java-home --enable-languages=c,c++,java,go,d,fortran,objc,obj-c++ --enable-libstdcxx-debug --enable-libstdcxx-time=yes --enable-multiarch --enable-multilib --enable-nls --enable-objc-gc --enable-plugin --enable-shared --enable-threads=posix --host=x86_64-linux-gnu --target=x86_64-linux-gnu --with-abi=m64 --with-arch-32=i586 --with-arch-directory=amd64 --with-multilib-list=m32,m64,mx32 --with-tune=generic -v"}</JSON>
  </System>
  <System>
    <Identifier>debLXC112: 2017-04-26</Identifier>
    <Hardware>Processor: 2 x Intel Xeon L5630 @ 2.13GHz (16 Cores), Motherboard: Dell 0MD99X, Memory: 242688MB, Disk: 3999GB Virtual Disk, Graphics: mgadrmfb</Hardware>
    <Software>OS: Debian GNU/Linux 8, Kernel: 3.16.0-4-amd64 (x86_64), Compiler: GCC 4.9.2, File-System: ext4, Screen Resolution: 1280x1024, System Layer: lxc</Software>
    <User>root</User>
    <TimeStamp>2017-04-26 16:16:26</TimeStamp>
    <TestClientVersion></TestClientVersion>
    <Notes></Notes>
    <JSON>{"compiler-configuration":"--build=x86_64-linux-gnu --disable-browser-plugin --disable-vtable-verify --enable-checking=release --enable-clocale=gnu --enable-gnu-unique-object --enable-gtk-cairo --enable-java-awt=gtk --enable-java-home --enable-languages=c,c++,java,go,d,fortran,objc,obj-c++ --enable-libstdcxx-debug --enable-libstdcxx-time=yes --enable-multiarch --enable-multilib --enable-nls --enable-objc-gc --enable-plugin --enable-shared --enable-threads=posix --host=x86_64-linux-gnu --target=x86_64-linux-gnu --with-abi=m64 --with-arch-32=i586 --with-arch-directory=amd64 --with-multilib-list=m32,m64,mx32 --with-tune=generic -v"}</JSON>
  </System>
  <System>
    <Identifier>debLXC105: 2017-04-26</Identifier>
    <Hardware>Processor: 2 x Intel Xeon L5630 @ 2.13GHz (16 Cores), Motherboard: Dell 0MD99X, Memory: 242688MB, Disk: 3999GB Virtual Disk, Graphics: mgadrmfb</Hardware>
    <Software>OS: Debian GNU/Linux 8, Kernel: 3.16.0-4-amd64 (x86_64), Compiler: GCC 4.9.2, File-System: ext4, Screen Resolution: 1280x1024, System Layer: lxc</Software>
    <User>root</User>
    <TimeStamp>2017-04-26 16:16:25</TimeStamp>
    <TestClientVersion></TestClientVersion>
    <Notes></Notes>
    <JSON>{"compiler-configuration":"--build=x86_64-linux-gnu --disable-browser-plugin --disable-vtable-verify --enable-checking=release --enable-clocale=gnu --enable-gnu-unique-object --enable-gtk-cairo --enable-java-awt=gtk --enable-java-home --enable-languages=c,c++,java,go,d,fortran,objc,obj-c++ --enable-libstdcxx-debug --enable-libstdcxx-time=yes --enable-multiarch --enable-multilib --enable-nls --enable-objc-gc --enable-plugin --enable-shared --enable-threads=posix --host=x86_64-linux-gnu --target=x86_64-linux-gnu --with-abi=m64 --with-arch-32=i586 --with-arch-directory=amd64 --with-multilib-list=m32,m64,mx32 --with-tune=generic -v"}</JSON>
  </System>
  <System>
    <Identifier>debLXC113: 2017-04-26</Identifier>
    <Hardware>Processor: 2 x Intel Xeon L5630 @ 2.13GHz (16 Cores), Motherboard: Dell 0MD99X, Memory: 242688MB, Disk: 3999GB Virtual Disk, Graphics: mgadrmfb</Hardware>
    <Software>OS: Debian GNU/Linux 8, Kernel: 3.16.0-4-amd64 (x86_64), Compiler: GCC 4.9.2, File-System: ext4, Screen Resolution: 1280x1024, System Layer: lxc</Software>
    <User>root</User>
    <TimeStamp>2017-04-26 16:16:26</TimeStamp>
    <TestClientVersion></TestClientVersion>
    <Notes></Notes>
    <JSON>{"compiler-configuration":"--build=x86_64-linux-gnu --disable-browser-plugin --disable-vtable-verify --enable-checking=release --enable-clocale=gnu --enable-gnu-unique-object --enable-gtk-cairo --enable-java-awt=gtk --enable-java-home --enable-languages=c,c++,java,go,d,fortran,objc,obj-c++ --enable-libstdcxx-debug --enable-libstdcxx-time=yes --enable-multiarch --enable-multilib --enable-nls --enable-objc-gc --enable-plugin --enable-shared --enable-threads=posix --host=x86_64-linux-gnu --target=x86_64-linux-gnu --with-abi=m64 --with-arch-32=i586 --with-arch-directory=amd64 --with-multilib-list=m32,m64,mx32 --with-tune=generic -v"}</JSON>
  </System>
  <System>
    <Identifier>debLXC111: 2017-04-26</Identifier>
    <Hardware>Processor: 2 x Intel Xeon L5630 @ 2.13GHz (16 Cores), Motherboard: Dell 0MD99X, Memory: 242688MB, Disk: 3999GB Virtual Disk, Graphics: mgadrmfb</Hardware>
    <Software>OS: Debian GNU/Linux 8, Kernel: 3.16.0-4-amd64 (x86_64), Compiler: GCC 4.9.2, File-System: ext4, Screen Resolution: 1280x1024, System Layer: lxc</Software>
    <User>root</User>
    <TimeStamp>2017-04-26 16:16:25</TimeStamp>
    <TestClientVersion></TestClientVersion>
    <Notes></Notes>
    <JSON>{"compiler-configuration":"--build=x86_64-linux-gnu --disable-browser-plugin --disable-vtable-verify --enable-checking=release --enable-clocale=gnu --enable-gnu-unique-object --enable-gtk-cairo --enable-java-awt=gtk --enable-java-home --enable-languages=c,c++,java,go,d,fortran,objc,obj-c++ --enable-libstdcxx-debug --enable-libstdcxx-time=yes --enable-multiarch --enable-multilib --enable-nls --enable-objc-gc --enable-plugin --enable-shared --enable-threads=posix --host=x86_64-linux-gnu --target=x86_64-linux-gnu --with-abi=m64 --with-arch-32=i586 --with-arch-directory=amd64 --with-multilib-list=m32,m64,mx32 --with-tune=generic -v"}</JSON>
  </System>
  <System>
    <Identifier>debLXC103: 2017-04-26</Identifier>
    <Hardware>Processor: 2 x Intel Xeon L5630 @ 2.13GHz (16 Cores), Motherboard: Dell 0MD99X, Memory: 242688MB, Disk: 3999GB Virtual Disk, Graphics: mgadrmfb</Hardware>
    <Software>OS: Debian GNU/Linux 8, Kernel: 3.16.0-4-amd64 (x86_64), Compiler: GCC 4.9.2, File-System: ext4, Screen Resolution: 1280x1024, System Layer: lxc</Software>
    <User>root</User>
    <TimeStamp>2017-04-26 16:16:24</TimeStamp>
    <TestClientVersion></TestClientVersion>
    <Notes></Notes>
    <JSON>{"compiler-configuration":"--build=x86_64-linux-gnu --disable-browser-plugin --disable-vtable-verify --enable-checking=release --enable-clocale=gnu --enable-gnu-unique-object --enable-gtk-cairo --enable-java-awt=gtk --enable-java-home --enable-languages=c,c++,java,go,d,fortran,objc,obj-c++ --enable-libstdcxx-debug --enable-libstdcxx-time=yes --enable-multiarch --enable-multilib --enable-nls --enable-objc-gc --enable-plugin --enable-shared --enable-threads=posix --host=x86_64-linux-gnu --target=x86_64-linux-gnu --with-abi=m64 --with-arch-32=i586 --with-arch-directory=amd64 --with-multilib-list=m32,m64,mx32 --with-tune=generic -v"}</JSON>
  </System>
  <System>
    <Identifier>debLXC108: 2017-04-26</Identifier>
    <Hardware>Processor: 2 x Intel Xeon L5630 @ 2.13GHz (16 Cores), Motherboard: Dell 0MD99X, Memory: 242688MB, Disk: 3999GB Virtual Disk, Graphics: mgadrmfb</Hardware>
    <Software>OS: Debian GNU/Linux 8, Kernel: 3.16.0-4-amd64 (x86_64), Compiler: GCC 4.9.2, File-System: ext4, Screen Resolution: 1280x1024, System Layer: lxc</Software>
    <User>root</User>
    <TimeStamp>2017-04-26 16:16:29</TimeStamp>
    <TestClientVersion></TestClientVersion>
    <Notes></Notes>
    <JSON>{"compiler-configuration":"--build=x86_64-linux-gnu --disable-browser-plugin --disable-vtable-verify --enable-checking=release --enable-clocale=gnu --enable-gnu-unique-object --enable-gtk-cairo --enable-java-awt=gtk --enable-java-home --enable-languages=c,c++,java,go,d,fortran,objc,obj-c++ --enable-libstdcxx-debug --enable-libstdcxx-time=yes --enable-multiarch --enable-multilib --enable-nls --enable-objc-gc --enable-plugin --enable-shared --enable-threads=posix --host=x86_64-linux-gnu --target=x86_64-linux-gnu --with-abi=m64 --with-arch-32=i586 --with-arch-directory=amd64 --with-multilib-list=m32,m64,mx32 --with-tune=generic -v"}</JSON>
  </System>
  <System>
    <Identifier>debLXC110: 2017-04-26</Identifier>
    <Hardware>Processor: 2 x Intel Xeon L5630 @ 2.13GHz (16 Cores), Motherboard: Dell 0MD99X, Memory: 242688MB, Disk: 3999GB Virtual Disk, Graphics: mgadrmfb</Hardware>
    <Software>OS: Debian GNU/Linux 8, Kernel: 3.16.0-4-amd64 (x86_64), Compiler: GCC 4.9.2, File-System: ext4, Screen Resolution: 1280x1024, System Layer: lxc</Software>
    <User>root</User>
    <TimeStamp>2017-04-26 16:16:24</TimeStamp>
    <TestClientVersion></TestClientVersion>
    <Notes></Notes>
    <JSON>{"compiler-configuration":"--build=x86_64-linux-gnu --disable-browser-plugin --disable-vtable-verify --enable-checking=release --enable-clocale=gnu --enable-gnu-unique-object --enable-gtk-cairo --enable-java-awt=gtk --enable-java-home --enable-languages=c,c++,java,go,d,fortran,objc,obj-c++ --enable-libstdcxx-debug --enable-libstdcxx-time=yes --enable-multiarch --enable-multilib --enable-nls --enable-objc-gc --enable-plugin --enable-shared --enable-threads=posix --host=x86_64-linux-gnu --target=x86_64-linux-gnu --with-abi=m64 --with-arch-32=i586 --with-arch-directory=amd64 --with-multilib-list=m32,m64,mx32 --with-tune=generic -v"}</JSON>
  </System>
  <Result>
    <Identifier>pts/tscp-1.2.1</Identifier>
    <Title>TSCP</Title>
    <AppVersion>1.81</AppVersion>
    <Arguments></Arguments>
    <Description>AI Chess Performance</Description>
    <Scale>Nodes Per Second</Scale>
    <Proportion>HIB</Proportion>
    <DisplayFormat>BAR_GRAPH</DisplayFormat>
    <Data>
      <Entry>
        <Identifier>debLXC101: 2017-04-26</Identifier>
        <Value>294497</Value>
        <RawString>276494:267238:293122:260292:256892:262150:314550:324559:312942:376729</RawString>
        <JSON>{"compiler-options":{"compiler-type":"CC","compiler":"gcc","compiler-options":"-O3 -march=native"}}</JSON>
      </Entry>
      <Entry>
        <Identifier>debLXC115: 2017-04-26</Identifier>
        <Value>302163</Value>
        <RawString>387326:249672:282740:254400:252534:248321:309948:315451:320966:400274</RawString>
        <JSON>{"compiler-options":{"compiler-type":"CC","compiler":"gcc","compiler-options":"-O3 -march=native"}}</JSON>
      </Entry>
      <Entry>
        <Identifier>debLXC104: 2017-04-26</Identifier>
        <Value>294959</Value>
        <RawString>301465:246322:265819:260661:256772:260169:339357:312764:319476:386782</RawString>
        <JSON>{"compiler-options":{"compiler-type":"CC","compiler":"gcc","compiler-options":"-O3 -march=native"}}</JSON>
      </Entry>
      <Entry>
        <Identifier>debLXC106: 2017-04-26</Identifier>
        <Value>296621</Value>
        <RawString>283906:248658:264542:245883:254636:277051:309252:312409:305478:464399</RawString>
        <JSON>{"compiler-options":{"compiler-type":"CC","compiler":"gcc","compiler-options":"-O3 -march=native"}}</JSON>
      </Entry>
      <Entry>
        <Identifier>debLXC107: 2017-04-26</Identifier>
        <Value>293895</Value>
        <RawString>458217:250809:253581:256295:261155:246764:263908:305648:317634:324942</RawString>
        <JSON>{"compiler-options":{"compiler-type":"CC","compiler":"gcc","compiler-options":"-O3 -march=native"}}</JSON>
      </Entry>
      <Entry>
        <Identifier>debLXC114: 2017-04-26</Identifier>
        <Value>299685</Value>
        <RawString>354882:255344:249220:258945:261032:265435:313119:318921:313476:406478</RawString>
        <JSON>{"compiler-options":{"compiler-type":"CC","compiler":"gcc","compiler-options":"-O3 -march=native"}}</JSON>
      </Entry>
      <Entry>
        <Identifier>debLXC102: 2017-04-26</Identifier>
        <Value>298890</Value>
        <RawString>298848:252882:309078:252303:252418:261528:307697:307011:319847:427290</RawString>
        <JSON>{"compiler-options":{"compiler-type":"CC","compiler":"gcc","compiler-options":"-O3 -march=native"}}</JSON>
      </Entry>
      <Entry>
        <Identifier>debLXC109: 2017-04-26</Identifier>
        <Value>295099</Value>
        <RawString>450718:253697:269989:247763:244681:246653:266462:324177:317634:329215</RawString>
        <JSON>{"compiler-options":{"compiler-type":"CC","compiler":"gcc","compiler-options":"-O3 -march=native"}}</JSON>
      </Entry>
      <Entry>
        <Identifier>debLXC112: 2017-04-26</Identifier>
        <Value>299063</Value>
        <RawString>428287:264162:292345:245773:249446:255937:288063:313119:321904:331594</RawString>
        <JSON>{"compiler-options":{"compiler-type":"CC","compiler":"gcc","compiler-options":"-O3 -march=native"}}</JSON>
      </Entry>
      <Entry>
        <Identifier>debLXC105: 2017-04-26</Identifier>
        <Value>291651</Value>
        <RawString>445613:236690:258581:245335:246874:254166:269197:323987:321340:314730</RawString>
        <JSON>{"compiler-options":{"compiler-type":"CC","compiler":"gcc","compiler-options":"-O3 -march=native"}}</JSON>
      </Entry>
      <Entry>
        <Identifier>debLXC113: 2017-04-26</Identifier>
        <Value>298673</Value>
        <RawString>458599:257975:260169:259923:249333:251611:276356:321340:317817:333602</RawString>
        <JSON>{"compiler-options":{"compiler-type":"CC","compiler":"gcc","compiler-options":"-O3 -march=native"}}</JSON>
      </Entry>
      <Entry>
        <Identifier>debLXC111: 2017-04-26</Identifier>
        <Value>298582</Value>
        <RawString>467156:277051:256175:242954:251496:269989:268410:320779:316175:315632</RawString>
        <JSON>{"compiler-options":{"compiler-type":"CC","compiler":"gcc","compiler-options":"-O3 -march=native"}}</JSON>
      </Entry>
      <Entry>
        <Identifier>debLXC103: 2017-04-26</Identifier>
        <Value>295855</Value>
        <RawString>473991:267238:257613:254518:248433:259189:256772:314191:312232:314371</RawString>
        <JSON>{"compiler-options":{"compiler-type":"CC","compiler":"gcc","compiler-options":"-O3 -march=native"}}</JSON>
      </Entry>
      <Entry>
        <Identifier>debLXC108: 2017-04-26</Identifier>
        <Value>254610</Value>
        <RawString>261279:262025:251267:251382:247096</RawString>
        <JSON>{"compiler-options":{"compiler-type":"CC","compiler":"gcc","compiler-options":"-O3 -march=native"}}</JSON>
      </Entry>
      <Entry>
        <Identifier>debLXC110: 2017-04-26</Identifier>
        <Value>304883</Value>
        <RawString>451457:323606:253931:279724:242419:258459:253347:341885:321153:322847</RawString>
        <JSON>{"compiler-options":{"compiler-type":"CC","compiler":"gcc","compiler-options":"-O3 -march=native"}}</JSON>
      </Entry>
    </Data>
  </Result>
  <Result>
    <Identifier>pts/compress-7zip-1.6.2</Identifier>
    <Title>7-Zip Compression</Title>
    <AppVersion>9.20.1</AppVersion>
    <Arguments></Arguments>
    <Description>Compress Speed Test</Description>
    <Scale>MIPS</Scale>
    <Proportion>HIB</Proportion>
    <DisplayFormat>BAR_GRAPH</DisplayFormat>
    <Data>
      <Entry>
        <Identifier>debLXC101: 2017-04-26</Identifier>
        <Value>1503</Value>
        <RawString>1511:1498:1500</RawString>
        <JSON>{"compiler-options":{"compiler-type":"CXX","compiler":"g++","compiler-options":"-pipe -lpthread"}}</JSON>
      </Entry>
      <Entry>
        <Identifier>debLXC115: 2017-04-26</Identifier>
        <Value>1491</Value>
        <RawString>1482:1495:1496</RawString>
        <JSON>{"compiler-options":{"compiler-type":"CXX","compiler":"g++","compiler-options":"-pipe -lpthread"}}</JSON>
      </Entry>
      <Entry>
        <Identifier>debLXC104: 2017-04-26</Identifier>
        <Value>1511</Value>
        <RawString>1551:1495:1488</RawString>
        <JSON>{"compiler-options":{"compiler-type":"CXX","compiler":"g++","compiler-options":"-pipe -lpthread"}}</JSON>
      </Entry>
      <Entry>
        <Identifier>debLXC106: 2017-04-26</Identifier>
        <Value>1498</Value>
        <RawString>1503:1476:1516</RawString>
        <JSON>{"compiler-options":{"compiler-type":"CXX","compiler":"g++","compiler-options":"-pipe -lpthread"}}</JSON>
      </Entry>
      <Entry>
        <Identifier>debLXC107: 2017-04-26</Identifier>
        <Value>1505</Value>
        <RawString>1519:1492:1504</RawString>
        <JSON>{"compiler-options":{"compiler-type":"CXX","compiler":"g++","compiler-options":"-pipe -lpthread"}}</JSON>
      </Entry>
      <Entry>
        <Identifier>debLXC114: 2017-04-26</Identifier>
        <Value>1500</Value>
        <RawString>1478:1498:1525</RawString>
        <JSON>{"compiler-options":{"compiler-type":"CXX","compiler":"g++","compiler-options":"-pipe -lpthread"}}</JSON>
      </Entry>
      <Entry>
        <Identifier>debLXC102: 2017-04-26</Identifier>
        <Value>1525</Value>
        <RawString>1503:1550:1521</RawString>
        <JSON>{"compiler-options":{"compiler-type":"CXX","compiler":"g++","compiler-options":"-pipe -lpthread"}}</JSON>
      </Entry>
      <Entry>
        <Identifier>debLXC109: 2017-04-26</Identifier>
        <Value>1510</Value>
        <RawString>1451:1535:1543</RawString>
        <JSON>{"compiler-options":{"compiler-type":"CXX","compiler":"g++","compiler-options":"-pipe -lpthread"}}</JSON>
      </Entry>
      <Entry>
        <Identifier>debLXC112: 2017-04-26</Identifier>
        <Value>1531</Value>
        <RawString>1553:1510:1530</RawString>
        <JSON>{"compiler-options":{"compiler-type":"CXX","compiler":"g++","compiler-options":"-pipe -lpthread"}}</JSON>
      </Entry>
      <Entry>
        <Identifier>debLXC105: 2017-04-26</Identifier>
        <Value>1504</Value>
        <RawString>1491:1500:1522</RawString>
        <JSON>{"compiler-options":{"compiler-type":"CXX","compiler":"g++","compiler-options":"-pipe -lpthread"}}</JSON>
      </Entry>
      <Entry>
        <Identifier>debLXC113: 2017-04-26</Identifier>
        <Value>1505</Value>
        <RawString>1504:1495:1516</RawString>
        <JSON>{"compiler-options":{"compiler-type":"CXX","compiler":"g++","compiler-options":"-pipe -lpthread"}}</JSON>
      </Entry>
      <Entry>
        <Identifier>debLXC111: 2017-04-26</Identifier>
        <Value>1519</Value>
        <RawString>1525:1499:1534</RawString>
        <JSON>{"compiler-options":{"compiler-type":"CXX","compiler":"g++","compiler-options":"-pipe -lpthread"}}</JSON>
      </Entry>
      <Entry>
        <Identifier>debLXC103: 2017-04-26</Identifier>
        <Value>1816</Value>
        <RawString>1638:1530:1505:2859:1805:1558</RawString>
        <JSON>{"compiler-options":{"compiler-type":"CXX","compiler":"g++","compiler-options":"-pipe -lpthread"}}</JSON>
      </Entry>
      <Entry>
        <Identifier>debLXC108: 2017-04-26</Identifier>
        <Value>2484</Value>
        <RawString>6538:1534:1573:1857:1911:1493</RawString>
        <JSON>{"compiler-options":{"compiler-type":"CXX","compiler":"g++","compiler-options":"-pipe -lpthread"}}</JSON>
      </Entry>
      <Entry>
        <Identifier>debLXC110: 2017-04-26</Identifier>
        <Value>1678</Value>
        <RawString>1651:1467:1496:2211:1700:1544</RawString>
        <JSON>{"compiler-options":{"compiler-type":"CXX","compiler":"g++","compiler-options":"-pipe -lpthread"}}</JSON>
      </Entry>
    </Data>
  </Result>
  <Result>
    <Identifier>pts/crafty-1.3.1</Identifier>
    <Title>Crafty</Title>
    <AppVersion>23.4</AppVersion>
    <Arguments></Arguments>
    <Description>Elapsed Time</Description>
    <Scale>Seconds</Scale>
    <Proportion>LIB</Proportion>
    <DisplayFormat>BAR_GRAPH</DisplayFormat>
    <Data>
      <Entry>
        <Identifier>debLXC101: 2017-04-26</Identifier>
        <Value>242.80</Value>
        <RawString>235.53:240.98:251.88</RawString>
        <JSON>{"compiler-options":{"compiler-type":"CC","compiler":"gcc","compiler-options":"-lstdc++ -lm"}}</JSON>
      </Entry>
      <Entry>
        <Identifier>debLXC115: 2017-04-26</Identifier>
        <Value>257.17</Value>
        <RawString>263.61:258.35:249.55</RawString>
        <JSON>{"compiler-options":{"compiler-type":"CC","compiler":"gcc","compiler-options":"-lstdc++ -lm"}}</JSON>
      </Entry>
      <Entry>
        <Identifier>debLXC104: 2017-04-26</Identifier>
        <Value>263.78</Value>
        <RawString>268.86:257.49:264.99</RawString>
        <JSON>{"compiler-options":{"compiler-type":"CC","compiler":"gcc","compiler-options":"-lstdc++ -lm"}}</JSON>
      </Entry>
      <Entry>
        <Identifier>debLXC106: 2017-04-26</Identifier>
        <Value>258.85</Value>
        <RawString>268.54:258.04:249.79:259.04</RawString>
        <JSON>{"compiler-options":{"compiler-type":"CC","compiler":"gcc","compiler-options":"-lstdc++ -lm"}}</JSON>
      </Entry>
      <Entry>
        <Identifier>debLXC107: 2017-04-26</Identifier>
        <Value>257.38</Value>
        <RawString>267.59:252.57:251.97</RawString>
        <JSON>{"compiler-options":{"compiler-type":"CC","compiler":"gcc","compiler-options":"-lstdc++ -lm"}}</JSON>
      </Entry>
      <Entry>
        <Identifier>debLXC114: 2017-04-26</Identifier>
        <Value>234.67</Value>
        <RawString>235.16:233.22:235.63</RawString>
        <JSON>{"compiler-options":{"compiler-type":"CC","compiler":"gcc","compiler-options":"-lstdc++ -lm"}}</JSON>
      </Entry>
      <Entry>
        <Identifier>debLXC102: 2017-04-26</Identifier>
        <Value>253.09</Value>
        <RawString>246.54:264.31:259.04:245.25:250.29</RawString>
        <JSON>{"compiler-options":{"compiler-type":"CC","compiler":"gcc","compiler-options":"-lstdc++ -lm"}}</JSON>
      </Entry>
      <Entry>
        <Identifier>debLXC109: 2017-04-26</Identifier>
        <Value>252.59</Value>
        <RawString>265.87:266.31:245.57:256.14:235.95:245.7</RawString>
        <JSON>{"compiler-options":{"compiler-type":"CC","compiler":"gcc","compiler-options":"-lstdc++ -lm"}}</JSON>
      </Entry>
      <Entry>
        <Identifier>debLXC112: 2017-04-26</Identifier>
        <Value>244.52</Value>
        <RawString>228.04:254.64:256.24:249.59:235.5:243.09</RawString>
        <JSON>{"compiler-options":{"compiler-type":"CC","compiler":"gcc","compiler-options":"-lstdc++ -lm"}}</JSON>
      </Entry>
      <Entry>
        <Identifier>debLXC105: 2017-04-26</Identifier>
        <Value>243.47</Value>
        <RawString>232.11:245.8:263.04:242.65:238.9:238.34</RawString>
        <JSON>{"compiler-options":{"compiler-type":"CC","compiler":"gcc","compiler-options":"-lstdc++ -lm"}}</JSON>
      </Entry>
      <Entry>
        <Identifier>debLXC113: 2017-04-26</Identifier>
        <Value>253.30</Value>
        <RawString>267.22:268.06:240.62:247.72:246.07:250.12</RawString>
        <JSON>{"compiler-options":{"compiler-type":"CC","compiler":"gcc","compiler-options":"-lstdc++ -lm"}}</JSON>
      </Entry>
      <Entry>
        <Identifier>debLXC111: 2017-04-26</Identifier>
        <Value>244.73</Value>
        <RawString>260.39:237.66:253.78:240.44:239.79:236.31</RawString>
        <JSON>{"compiler-options":{"compiler-type":"CC","compiler":"gcc","compiler-options":"-lstdc++ -lm"}}</JSON>
      </Entry>
      <Entry>
        <Identifier>debLXC103: 2017-04-26</Identifier>
        <Value>253.33</Value>
        <RawString>255:253.18:251.81</RawString>
        <JSON>{"compiler-options":{"compiler-type":"CC","compiler":"gcc","compiler-options":"-lstdc++ -lm"}}</JSON>
      </Entry>
      <Entry>
        <Identifier>debLXC108: 2017-04-26</Identifier>
        <Value>259.13</Value>
        <RawString>251.9:267.45:258.05</RawString>
        <JSON>{"compiler-options":{"compiler-type":"CC","compiler":"gcc","compiler-options":"-lstdc++ -lm"}}</JSON>
      </Entry>
      <Entry>
        <Identifier>debLXC110: 2017-04-26</Identifier>
        <Value>260.44</Value>
        <RawString>270.66:256.86:253.81</RawString>
        <JSON>{"compiler-options":{"compiler-type":"CC","compiler":"gcc","compiler-options":"-lstdc++ -lm"}}</JSON>
      </Entry>
    </Data>
  </Result>
  <Result>
    <Identifier>pts/povray-1.1.3</Identifier>
    <Title>POV-Ray</Title>
    <AppVersion>3.7.0</AppVersion>
    <Arguments></Arguments>
    <Description>Total Time</Description>
    <Scale>Seconds</Scale>
    <Proportion>LIB</Proportion>
    <DisplayFormat>BAR_GRAPH</DisplayFormat>
    <Data>
      <Entry>
        <Identifier>debLXC101: 2017-04-26</Identifier>
        <Value>2387.75</Value>
        <RawString>2358.469:2435.941:2368.854</RawString>
        <JSON>{"compiler-options":{"compiler-type":"CXX","compiler":"g++","compiler-options":"-pipe -O3 -ffast-math -march=native -pthread -ltiff -ljpeg -lpng -lz -lrt -lm -lboost_thread -lboost_system"}}</JSON>
      </Entry>
      <Entry>
        <Identifier>debLXC115: 2017-04-26</Identifier>
        <Value>2409.13</Value>
        <RawString>2376.544:2422.611:2428.245</RawString>
        <JSON>{"compiler-options":{"compiler-type":"CXX","compiler":"g++","compiler-options":"-pipe -O3 -ffast-math -march=native -pthread -ltiff -ljpeg -lpng -lz -lrt -lm -lboost_thread -lboost_system"}}</JSON>
      </Entry>
      <Entry>
        <Identifier>debLXC104: 2017-04-26</Identifier>
        <Value>2405.12</Value>
        <RawString>2369.453:2440.029:2405.887</RawString>
        <JSON>{"compiler-options":{"compiler-type":"CXX","compiler":"g++","compiler-options":"-pipe -O3 -ffast-math -march=native -pthread -ltiff -ljpeg -lpng -lz -lrt -lm -lboost_thread -lboost_system"}}</JSON>
      </Entry>
      <Entry>
        <Identifier>debLXC106: 2017-04-26</Identifier>
        <Value>2427.75</Value>
        <RawString>2397.672:2473.166:2412.416</RawString>
        <JSON>{"compiler-options":{"compiler-type":"CXX","compiler":"g++","compiler-options":"-pipe -O3 -ffast-math -march=native -pthread -ltiff -ljpeg -lpng -lz -lrt -lm -lboost_thread -lboost_system"}}</JSON>
      </Entry>
      <Entry>
        <Identifier>debLXC107: 2017-04-26</Identifier>
        <Value>2435.97</Value>
        <RawString>2396.967:2476.845:2434.093</RawString>
        <JSON>{"compiler-options":{"compiler-type":"CXX","compiler":"g++","compiler-options":"-pipe -O3 -ffast-math -march=native -pthread -ltiff -ljpeg -lpng -lz -lrt -lm -lboost_thread -lboost_system"}}</JSON>
      </Entry>
      <Entry>
        <Identifier>debLXC114: 2017-04-26</Identifier>
        <Value>2033.91</Value>
        <RawString>2290.007:2453.858:2501.494:1702.243:1632.181:1623.689</RawString>
        <JSON>{"compiler-options":{"compiler-type":"CXX","compiler":"g++","compiler-options":"-pipe -O3 -ffast-math -march=native -pthread -ltiff -ljpeg -lpng -lz -lrt -lm -lboost_thread -lboost_system"}}</JSON>
      </Entry>
      <Entry>
        <Identifier>debLXC102: 2017-04-26</Identifier>
        <Value>2004.97</Value>
        <RawString>2423.785:2439.219:2274.784:1660.075:1658.836:1573.122</RawString>
        <JSON>{"compiler-options":{"compiler-type":"CXX","compiler":"g++","compiler-options":"-pipe -O3 -ffast-math -march=native -pthread -ltiff -ljpeg -lpng -lz -lrt -lm -lboost_thread -lboost_system"}}</JSON>
      </Entry>
      <Entry>
        <Identifier>debLXC109: 2017-04-26</Identifier>
        <Value>1976.20</Value>
        <RawString>2400.591:2443.91:2242.416:1640.645:1588.732:1540.882</RawString>
        <JSON>{"compiler-options":{"compiler-type":"CXX","compiler":"g++","compiler-options":"-pipe -O3 -ffast-math -march=native -pthread -ltiff -ljpeg -lpng -lz -lrt -lm -lboost_thread -lboost_system"}}</JSON>
      </Entry>
      <Entry>
        <Identifier>debLXC112: 2017-04-26</Identifier>
        <Value>1986.14</Value>
        <RawString>2397.86:2461.28:2194.666:1659.035:1628.913:1575.059</RawString>
        <JSON>{"compiler-options":{"compiler-type":"CXX","compiler":"g++","compiler-options":"-pipe -O3 -ffast-math -march=native -pthread -ltiff -ljpeg -lpng -lz -lrt -lm -lboost_thread -lboost_system"}}</JSON>
      </Entry>
      <Entry>
        <Identifier>debLXC105: 2017-04-26</Identifier>
        <Value>1990.91</Value>
        <RawString>2445.839:2447.939:2254.071:1641.4:1607.302:1548.914</RawString>
        <JSON>{"compiler-options":{"compiler-type":"CXX","compiler":"g++","compiler-options":"-pipe -O3 -ffast-math -march=native -pthread -ltiff -ljpeg -lpng -lz -lrt -lm -lboost_thread -lboost_system"}}</JSON>
      </Entry>
      <Entry>
        <Identifier>debLXC113: 2017-04-26</Identifier>
        <Value>1982.24</Value>
        <RawString>2403.757:2446.015:2246.673:1642.786:1631.338:1522.853</RawString>
        <JSON>{"compiler-options":{"compiler-type":"CXX","compiler":"g++","compiler-options":"-pipe -O3 -ffast-math -march=native -pthread -ltiff -ljpeg -lpng -lz -lrt -lm -lboost_thread -lboost_system"}}</JSON>
      </Entry>
      <Entry>
        <Identifier>debLXC111: 2017-04-26</Identifier>
        <Value>1993.93</Value>
        <RawString>2427.022:2485.281:2221.208:1665.928:1652.537:1511.619</RawString>
        <JSON>{"compiler-options":{"compiler-type":"CXX","compiler":"g++","compiler-options":"-pipe -O3 -ffast-math -march=native -pthread -ltiff -ljpeg -lpng -lz -lrt -lm -lboost_thread -lboost_system"}}</JSON>
      </Entry>
      <Entry>
        <Identifier>debLXC103: 2017-04-26</Identifier>
        <Value>1855.30</Value>
        <RawString>2432.63:2381.758:1898.95:1623.521:1631.941:1162.974</RawString>
        <JSON>{"compiler-options":{"compiler-type":"CXX","compiler":"g++","compiler-options":"-pipe -O3 -ffast-math -march=native -pthread -ltiff -ljpeg -lpng -lz -lrt -lm -lboost_thread -lboost_system"}}</JSON>
      </Entry>
      <Entry>
        <Identifier>debLXC108: 2017-04-26</Identifier>
        <Value>1886.84</Value>
        <RawString>2468.99:2490.208:1953.618:1623.188:1616.991:1168.02</RawString>
        <JSON>{"compiler-options":{"compiler-type":"CXX","compiler":"g++","compiler-options":"-pipe -O3 -ffast-math -march=native -pthread -ltiff -ljpeg -lpng -lz -lrt -lm -lboost_thread -lboost_system"}}</JSON>
      </Entry>
      <Entry>
        <Identifier>debLXC110: 2017-04-26</Identifier>
        <Value>1847.22</Value>
        <RawString>2440.77:2358.996:1890.967:1645.322:1641.56:1105.679</RawString>
        <JSON>{"compiler-options":{"compiler-type":"CXX","compiler":"g++","compiler-options":"-pipe -O3 -ffast-math -march=native -pthread -ltiff -ljpeg -lpng -lz -lrt -lm -lboost_thread -lboost_system"}}</JSON>
      </Entry>
    </Data>
  </Result>
</PhoronixTestSuite>
