<?xml version="1.0"?>
<!--Phoronix Test Suite v7.0.1-->
<PhoronixTestSuite>
  <Generated>
    <Title>LXC_MEMORY - 2017-04-22</Title>
    <LastModified>2017-04-22 18:46:50</LastModified>
    <TestClient>Phoronix Test Suite v7.0.1 (Ringsaker)</TestClient>
    <Description>A Phoromatic run.</Description>
  </Generated>
  <System>
    <Identifier>debLXC113: 2017-04-22</Identifier>
    <Hardware>Processor: 2 x Intel Xeon L5630 @ 2.13GHz (16 Cores), Motherboard: Dell 0MD99X, Memory: 242688MB, Disk: 3999GB Virtual Disk, Graphics: mgadrmfb</Hardware>
    <Software>OS: Debian GNU/Linux 8, Kernel: 3.16.0-4-amd64 (x86_64), Compiler: GCC 4.9.2, File-System: ext4, Screen Resolution: 1280x1024, System Layer: lxc</Software>
    <User>root</User>
    <TimeStamp>2017-04-22 17:05:23</TimeStamp>
    <TestClientVersion></TestClientVersion>
    <Notes></Notes>
    <JSON>{"compiler-configuration":"--build=x86_64-linux-gnu --disable-browser-plugin --disable-vtable-verify --enable-checking=release --enable-clocale=gnu --enable-gnu-unique-object --enable-gtk-cairo --enable-java-awt=gtk --enable-java-home --enable-languages=c,c++,java,go,d,fortran,objc,obj-c++ --enable-libstdcxx-debug --enable-libstdcxx-time=yes --enable-multiarch --enable-multilib --enable-nls --enable-objc-gc --enable-plugin --enable-shared --enable-threads=posix --host=x86_64-linux-gnu --target=x86_64-linux-gnu --with-abi=m64 --with-arch-32=i586 --with-arch-directory=amd64 --with-multilib-list=m32,m64,mx32 --with-tune=generic -v"}</JSON>
  </System>
  <System>
    <Identifier>debLXC111: 2017-04-22</Identifier>
    <Hardware>Processor: 2 x Intel Xeon L5630 @ 2.13GHz (16 Cores), Motherboard: Dell 0MD99X, Memory: 242688MB, Disk: 3999GB Virtual Disk, Graphics: mgadrmfb</Hardware>
    <Software>OS: Debian GNU/Linux 8, Kernel: 3.16.0-4-amd64 (x86_64), Compiler: GCC 4.9.2, File-System: ext4, Screen Resolution: 1280x1024, System Layer: lxc</Software>
    <User>root</User>
    <TimeStamp>2017-04-22 17:05:24</TimeStamp>
    <TestClientVersion></TestClientVersion>
    <Notes></Notes>
    <JSON>{"compiler-configuration":"--build=x86_64-linux-gnu --disable-browser-plugin --disable-vtable-verify --enable-checking=release --enable-clocale=gnu --enable-gnu-unique-object --enable-gtk-cairo --enable-java-awt=gtk --enable-java-home --enable-languages=c,c++,java,go,d,fortran,objc,obj-c++ --enable-libstdcxx-debug --enable-libstdcxx-time=yes --enable-multiarch --enable-multilib --enable-nls --enable-objc-gc --enable-plugin --enable-shared --enable-threads=posix --host=x86_64-linux-gnu --target=x86_64-linux-gnu --with-abi=m64 --with-arch-32=i586 --with-arch-directory=amd64 --with-multilib-list=m32,m64,mx32 --with-tune=generic -v"}</JSON>
  </System>
  <System>
    <Identifier>debLXC107: 2017-04-22</Identifier>
    <Hardware>Processor: 2 x Intel Xeon L5630 @ 2.13GHz (16 Cores), Motherboard: Dell 0MD99X, Memory: 242688MB, Disk: 3999GB Virtual Disk, Graphics: mgadrmfb</Hardware>
    <Software>OS: Debian GNU/Linux 8, Kernel: 3.16.0-4-amd64 (x86_64), Compiler: GCC 4.9.2, File-System: ext4, Screen Resolution: 1280x1024, System Layer: lxc</Software>
    <User>root</User>
    <TimeStamp>2017-04-22 17:05:23</TimeStamp>
    <TestClientVersion></TestClientVersion>
    <Notes></Notes>
    <JSON>{"compiler-configuration":"--build=x86_64-linux-gnu --disable-browser-plugin --disable-vtable-verify --enable-checking=release --enable-clocale=gnu --enable-gnu-unique-object --enable-gtk-cairo --enable-java-awt=gtk --enable-java-home --enable-languages=c,c++,java,go,d,fortran,objc,obj-c++ --enable-libstdcxx-debug --enable-libstdcxx-time=yes --enable-multiarch --enable-multilib --enable-nls --enable-objc-gc --enable-plugin --enable-shared --enable-threads=posix --host=x86_64-linux-gnu --target=x86_64-linux-gnu --with-abi=m64 --with-arch-32=i586 --with-arch-directory=amd64 --with-multilib-list=m32,m64,mx32 --with-tune=generic -v"}</JSON>
  </System>
  <System>
    <Identifier>debLXC125: 2017-04-22</Identifier>
    <Hardware>Processor: 2 x Intel Xeon L5630 @ 2.13GHz (16 Cores), Motherboard: Dell 0MD99X, Memory: 242688MB, Disk: 3999GB Virtual Disk, Graphics: mgadrmfb</Hardware>
    <Software>OS: Debian GNU/Linux 8, Kernel: 3.16.0-4-amd64 (x86_64), Compiler: GCC 4.9.2, File-System: ext4, Screen Resolution: 1280x1024, System Layer: lxc</Software>
    <User>root</User>
    <TimeStamp>2017-04-22 17:05:26</TimeStamp>
    <TestClientVersion></TestClientVersion>
    <Notes></Notes>
    <JSON>{"compiler-configuration":"--build=x86_64-linux-gnu --disable-browser-plugin --disable-vtable-verify --enable-checking=release --enable-clocale=gnu --enable-gnu-unique-object --enable-gtk-cairo --enable-java-awt=gtk --enable-java-home --enable-languages=c,c++,java,go,d,fortran,objc,obj-c++ --enable-libstdcxx-debug --enable-libstdcxx-time=yes --enable-multiarch --enable-multilib --enable-nls --enable-objc-gc --enable-plugin --enable-shared --enable-threads=posix --host=x86_64-linux-gnu --target=x86_64-linux-gnu --with-abi=m64 --with-arch-32=i586 --with-arch-directory=amd64 --with-multilib-list=m32,m64,mx32 --with-tune=generic -v"}</JSON>
  </System>
  <System>
    <Identifier>debLXC104: 2017-04-22</Identifier>
    <Hardware>Processor: 2 x Intel Xeon L5630 @ 2.13GHz (16 Cores), Motherboard: Dell 0MD99X, Memory: 242688MB, Disk: 3999GB Virtual Disk, Graphics: mgadrmfb</Hardware>
    <Software>OS: Debian GNU/Linux 8, Kernel: 3.16.0-4-amd64 (x86_64), Compiler: GCC 4.9.2, File-System: ext4, Screen Resolution: 1280x1024, System Layer: lxc</Software>
    <User>root</User>
    <TimeStamp>2017-04-22 17:05:25</TimeStamp>
    <TestClientVersion></TestClientVersion>
    <Notes></Notes>
    <JSON>{"compiler-configuration":"--build=x86_64-linux-gnu --disable-browser-plugin --disable-vtable-verify --enable-checking=release --enable-clocale=gnu --enable-gnu-unique-object --enable-gtk-cairo --enable-java-awt=gtk --enable-java-home --enable-languages=c,c++,java,go,d,fortran,objc,obj-c++ --enable-libstdcxx-debug --enable-libstdcxx-time=yes --enable-multiarch --enable-multilib --enable-nls --enable-objc-gc --enable-plugin --enable-shared --enable-threads=posix --host=x86_64-linux-gnu --target=x86_64-linux-gnu --with-abi=m64 --with-arch-32=i586 --with-arch-directory=amd64 --with-multilib-list=m32,m64,mx32 --with-tune=generic -v"}</JSON>
  </System>
  <System>
    <Identifier>debLXC109: 2017-04-22</Identifier>
    <Hardware>Processor: 2 x Intel Xeon L5630 @ 2.13GHz (16 Cores), Motherboard: Dell 0MD99X, Memory: 242688MB, Disk: 3999GB Virtual Disk, Graphics: mgadrmfb</Hardware>
    <Software>OS: Debian GNU/Linux 8, Kernel: 3.16.0-4-amd64 (x86_64), Compiler: GCC 4.9.2, File-System: ext4, Screen Resolution: 1280x1024, System Layer: lxc</Software>
    <User>root</User>
    <TimeStamp>2017-04-22 17:05:22</TimeStamp>
    <TestClientVersion></TestClientVersion>
    <Notes></Notes>
    <JSON>{"compiler-configuration":"--build=x86_64-linux-gnu --disable-browser-plugin --disable-vtable-verify --enable-checking=release --enable-clocale=gnu --enable-gnu-unique-object --enable-gtk-cairo --enable-java-awt=gtk --enable-java-home --enable-languages=c,c++,java,go,d,fortran,objc,obj-c++ --enable-libstdcxx-debug --enable-libstdcxx-time=yes --enable-multiarch --enable-multilib --enable-nls --enable-objc-gc --enable-plugin --enable-shared --enable-threads=posix --host=x86_64-linux-gnu --target=x86_64-linux-gnu --with-abi=m64 --with-arch-32=i586 --with-arch-directory=amd64 --with-multilib-list=m32,m64,mx32 --with-tune=generic -v"}</JSON>
  </System>
  <System>
    <Identifier>debLXC101: 2017-04-22</Identifier>
    <Hardware>Processor: 2 x Intel Xeon L5630 @ 2.13GHz (16 Cores), Motherboard: Dell 0MD99X, Memory: 242688MB, Disk: 3999GB Virtual Disk, Graphics: mgadrmfb</Hardware>
    <Software>OS: Debian GNU/Linux 8, Kernel: 3.16.0-4-amd64 (x86_64), Compiler: GCC 4.9.2, File-System: ext4, Screen Resolution: 1280x1024, System Layer: lxc</Software>
    <User>root</User>
    <TimeStamp>2017-04-22 17:05:24</TimeStamp>
    <TestClientVersion></TestClientVersion>
    <Notes></Notes>
    <JSON>{"compiler-configuration":"--build=x86_64-linux-gnu --disable-browser-plugin --disable-vtable-verify --enable-checking=release --enable-clocale=gnu --enable-gnu-unique-object --enable-gtk-cairo --enable-java-awt=gtk --enable-java-home --enable-languages=c,c++,java,go,d,fortran,objc,obj-c++ --enable-libstdcxx-debug --enable-libstdcxx-time=yes --enable-multiarch --enable-multilib --enable-nls --enable-objc-gc --enable-plugin --enable-shared --enable-threads=posix --host=x86_64-linux-gnu --target=x86_64-linux-gnu --with-abi=m64 --with-arch-32=i586 --with-arch-directory=amd64 --with-multilib-list=m32,m64,mx32 --with-tune=generic -v"}</JSON>
  </System>
  <System>
    <Identifier>debLXC117: 2017-04-22</Identifier>
    <Hardware>Processor: 2 x Intel Xeon L5630 @ 2.13GHz (16 Cores), Motherboard: Dell 0MD99X, Memory: 242688MB, Disk: 3999GB Virtual Disk, Graphics: mgadrmfb</Hardware>
    <Software>OS: Debian GNU/Linux 8, Kernel: 3.16.0-4-amd64 (x86_64), Compiler: GCC 4.9.2, File-System: ext4, Screen Resolution: 1280x1024, System Layer: lxc</Software>
    <User>root</User>
    <TimeStamp>2017-04-22 17:05:23</TimeStamp>
    <TestClientVersion></TestClientVersion>
    <Notes></Notes>
    <JSON>{"compiler-configuration":"--build=x86_64-linux-gnu --disable-browser-plugin --disable-vtable-verify --enable-checking=release --enable-clocale=gnu --enable-gnu-unique-object --enable-gtk-cairo --enable-java-awt=gtk --enable-java-home --enable-languages=c,c++,java,go,d,fortran,objc,obj-c++ --enable-libstdcxx-debug --enable-libstdcxx-time=yes --enable-multiarch --enable-multilib --enable-nls --enable-objc-gc --enable-plugin --enable-shared --enable-threads=posix --host=x86_64-linux-gnu --target=x86_64-linux-gnu --with-abi=m64 --with-arch-32=i586 --with-arch-directory=amd64 --with-multilib-list=m32,m64,mx32 --with-tune=generic -v"}</JSON>
  </System>
  <System>
    <Identifier>debLXC122: 2017-04-22</Identifier>
    <Hardware>Processor: 2 x Intel Xeon L5630 @ 2.13GHz (16 Cores), Motherboard: Dell 0MD99X, Memory: 242688MB, Disk: 3999GB Virtual Disk, Graphics: mgadrmfb</Hardware>
    <Software>OS: Debian GNU/Linux 8, Kernel: 3.16.0-4-amd64 (x86_64), Compiler: GCC 4.9.2, File-System: ext4, Screen Resolution: 1280x1024, System Layer: lxc</Software>
    <User>root</User>
    <TimeStamp>2017-04-22 17:05:25</TimeStamp>
    <TestClientVersion></TestClientVersion>
    <Notes></Notes>
    <JSON>{"compiler-configuration":"--build=x86_64-linux-gnu --disable-browser-plugin --disable-vtable-verify --enable-checking=release --enable-clocale=gnu --enable-gnu-unique-object --enable-gtk-cairo --enable-java-awt=gtk --enable-java-home --enable-languages=c,c++,java,go,d,fortran,objc,obj-c++ --enable-libstdcxx-debug --enable-libstdcxx-time=yes --enable-multiarch --enable-multilib --enable-nls --enable-objc-gc --enable-plugin --enable-shared --enable-threads=posix --host=x86_64-linux-gnu --target=x86_64-linux-gnu --with-abi=m64 --with-arch-32=i586 --with-arch-directory=amd64 --with-multilib-list=m32,m64,mx32 --with-tune=generic -v"}</JSON>
  </System>
  <System>
    <Identifier>debLXC103: 2017-04-22</Identifier>
    <Hardware>Processor: 2 x Intel Xeon L5630 @ 2.13GHz (16 Cores), Motherboard: Dell 0MD99X, Memory: 242688MB, Disk: 3999GB Virtual Disk, Graphics: mgadrmfb</Hardware>
    <Software>OS: Debian GNU/Linux 8, Kernel: 3.16.0-4-amd64 (x86_64), Compiler: GCC 4.9.2, File-System: ext4, Screen Resolution: 1280x1024, System Layer: lxc</Software>
    <User>root</User>
    <TimeStamp>2017-04-22 17:05:22</TimeStamp>
    <TestClientVersion></TestClientVersion>
    <Notes></Notes>
    <JSON>{"compiler-configuration":"--build=x86_64-linux-gnu --disable-browser-plugin --disable-vtable-verify --enable-checking=release --enable-clocale=gnu --enable-gnu-unique-object --enable-gtk-cairo --enable-java-awt=gtk --enable-java-home --enable-languages=c,c++,java,go,d,fortran,objc,obj-c++ --enable-libstdcxx-debug --enable-libstdcxx-time=yes --enable-multiarch --enable-multilib --enable-nls --enable-objc-gc --enable-plugin --enable-shared --enable-threads=posix --host=x86_64-linux-gnu --target=x86_64-linux-gnu --with-abi=m64 --with-arch-32=i586 --with-arch-directory=amd64 --with-multilib-list=m32,m64,mx32 --with-tune=generic -v"}</JSON>
  </System>
  <System>
    <Identifier>debLXC106: 2017-04-22</Identifier>
    <Hardware>Processor: 2 x Intel Xeon L5630 @ 2.13GHz (16 Cores), Motherboard: Dell 0MD99X, Memory: 242688MB, Disk: 3999GB Virtual Disk, Graphics: mgadrmfb</Hardware>
    <Software>OS: Debian GNU/Linux 8, Kernel: 3.16.0-4-amd64 (x86_64), Compiler: GCC 4.9.2, File-System: ext4, Screen Resolution: 1280x1024, System Layer: lxc</Software>
    <User>root</User>
    <TimeStamp>2017-04-22 17:05:22</TimeStamp>
    <TestClientVersion></TestClientVersion>
    <Notes></Notes>
    <JSON>{"compiler-configuration":"--build=x86_64-linux-gnu --disable-browser-plugin --disable-vtable-verify --enable-checking=release --enable-clocale=gnu --enable-gnu-unique-object --enable-gtk-cairo --enable-java-awt=gtk --enable-java-home --enable-languages=c,c++,java,go,d,fortran,objc,obj-c++ --enable-libstdcxx-debug --enable-libstdcxx-time=yes --enable-multiarch --enable-multilib --enable-nls --enable-objc-gc --enable-plugin --enable-shared --enable-threads=posix --host=x86_64-linux-gnu --target=x86_64-linux-gnu --with-abi=m64 --with-arch-32=i586 --with-arch-directory=amd64 --with-multilib-list=m32,m64,mx32 --with-tune=generic -v"}</JSON>
  </System>
  <System>
    <Identifier>debLXC115: 2017-04-22</Identifier>
    <Hardware>Processor: 2 x Intel Xeon L5630 @ 2.13GHz (16 Cores), Motherboard: Dell 0MD99X, Memory: 242688MB, Disk: 3999GB Virtual Disk, Graphics: mgadrmfb</Hardware>
    <Software>OS: Debian GNU/Linux 8, Kernel: 3.16.0-4-amd64 (x86_64), Compiler: GCC 4.9.2, File-System: ext4, Screen Resolution: 1280x1024, System Layer: lxc</Software>
    <User>root</User>
    <TimeStamp>2017-04-22 17:05:26</TimeStamp>
    <TestClientVersion></TestClientVersion>
    <Notes></Notes>
    <JSON>{"compiler-configuration":"--build=x86_64-linux-gnu --disable-browser-plugin --disable-vtable-verify --enable-checking=release --enable-clocale=gnu --enable-gnu-unique-object --enable-gtk-cairo --enable-java-awt=gtk --enable-java-home --enable-languages=c,c++,java,go,d,fortran,objc,obj-c++ --enable-libstdcxx-debug --enable-libstdcxx-time=yes --enable-multiarch --enable-multilib --enable-nls --enable-objc-gc --enable-plugin --enable-shared --enable-threads=posix --host=x86_64-linux-gnu --target=x86_64-linux-gnu --with-abi=m64 --with-arch-32=i586 --with-arch-directory=amd64 --with-multilib-list=m32,m64,mx32 --with-tune=generic -v"}</JSON>
  </System>
  <System>
    <Identifier>debLXC102: 2017-04-22</Identifier>
    <Hardware>Processor: 2 x Intel Xeon L5630 @ 2.13GHz (16 Cores), Motherboard: Dell 0MD99X, Memory: 242688MB, Disk: 3999GB Virtual Disk, Graphics: mgadrmfb</Hardware>
    <Software>OS: Debian GNU/Linux 8, Kernel: 3.16.0-4-amd64 (x86_64), Compiler: GCC 4.9.2, File-System: ext4, Screen Resolution: 1280x1024, System Layer: lxc</Software>
    <User>root</User>
    <TimeStamp>2017-04-22 17:05:23</TimeStamp>
    <TestClientVersion></TestClientVersion>
    <Notes></Notes>
    <JSON>{"compiler-configuration":"--build=x86_64-linux-gnu --disable-browser-plugin --disable-vtable-verify --enable-checking=release --enable-clocale=gnu --enable-gnu-unique-object --enable-gtk-cairo --enable-java-awt=gtk --enable-java-home --enable-languages=c,c++,java,go,d,fortran,objc,obj-c++ --enable-libstdcxx-debug --enable-libstdcxx-time=yes --enable-multiarch --enable-multilib --enable-nls --enable-objc-gc --enable-plugin --enable-shared --enable-threads=posix --host=x86_64-linux-gnu --target=x86_64-linux-gnu --with-abi=m64 --with-arch-32=i586 --with-arch-directory=amd64 --with-multilib-list=m32,m64,mx32 --with-tune=generic -v"}</JSON>
  </System>
  <System>
    <Identifier>debLXC119: 2017-04-22</Identifier>
    <Hardware>Processor: 2 x Intel Xeon L5630 @ 2.13GHz (16 Cores), Motherboard: Dell 0MD99X, Memory: 242688MB, Disk: 3999GB Virtual Disk, Graphics: mgadrmfb</Hardware>
    <Software>OS: Debian GNU/Linux 8, Kernel: 3.16.0-4-amd64 (x86_64), Compiler: GCC 4.9.2, File-System: ext4, Screen Resolution: 1280x1024, System Layer: lxc</Software>
    <User>root</User>
    <TimeStamp>2017-04-22 17:05:20</TimeStamp>
    <TestClientVersion></TestClientVersion>
    <Notes></Notes>
    <JSON>{"compiler-configuration":"--build=x86_64-linux-gnu --disable-browser-plugin --disable-vtable-verify --enable-checking=release --enable-clocale=gnu --enable-gnu-unique-object --enable-gtk-cairo --enable-java-awt=gtk --enable-java-home --enable-languages=c,c++,java,go,d,fortran,objc,obj-c++ --enable-libstdcxx-debug --enable-libstdcxx-time=yes --enable-multiarch --enable-multilib --enable-nls --enable-objc-gc --enable-plugin --enable-shared --enable-threads=posix --host=x86_64-linux-gnu --target=x86_64-linux-gnu --with-abi=m64 --with-arch-32=i586 --with-arch-directory=amd64 --with-multilib-list=m32,m64,mx32 --with-tune=generic -v"}</JSON>
  </System>
  <System>
    <Identifier>debLXC108: 2017-04-22</Identifier>
    <Hardware>Processor: 2 x Intel Xeon L5630 @ 2.13GHz (16 Cores), Motherboard: Dell 0MD99X, Memory: 242688MB, Disk: 3999GB Virtual Disk, Graphics: mgadrmfb</Hardware>
    <Software>OS: Debian GNU/Linux 8, Kernel: 3.16.0-4-amd64 (x86_64), Compiler: GCC 4.9.2, File-System: ext4, Screen Resolution: 1280x1024, System Layer: lxc</Software>
    <User>root</User>
    <TimeStamp>2017-04-22 17:05:23</TimeStamp>
    <TestClientVersion></TestClientVersion>
    <Notes></Notes>
    <JSON>{"compiler-configuration":"--build=x86_64-linux-gnu --disable-browser-plugin --disable-vtable-verify --enable-checking=release --enable-clocale=gnu --enable-gnu-unique-object --enable-gtk-cairo --enable-java-awt=gtk --enable-java-home --enable-languages=c,c++,java,go,d,fortran,objc,obj-c++ --enable-libstdcxx-debug --enable-libstdcxx-time=yes --enable-multiarch --enable-multilib --enable-nls --enable-objc-gc --enable-plugin --enable-shared --enable-threads=posix --host=x86_64-linux-gnu --target=x86_64-linux-gnu --with-abi=m64 --with-arch-32=i586 --with-arch-directory=amd64 --with-multilib-list=m32,m64,mx32 --with-tune=generic -v"}</JSON>
  </System>
  <System>
    <Identifier>debLXC118: 2017-04-22</Identifier>
    <Hardware>Processor: 2 x Intel Xeon L5630 @ 2.13GHz (16 Cores), Motherboard: Dell 0MD99X, Memory: 242688MB, Disk: 3999GB Virtual Disk, Graphics: mgadrmfb</Hardware>
    <Software>OS: Debian GNU/Linux 8, Kernel: 3.16.0-4-amd64 (x86_64), Compiler: GCC 4.9.2, File-System: ext4, Screen Resolution: 1280x1024, System Layer: lxc</Software>
    <User>root</User>
    <TimeStamp>2017-04-22 17:05:21</TimeStamp>
    <TestClientVersion></TestClientVersion>
    <Notes></Notes>
    <JSON>{"compiler-configuration":"--build=x86_64-linux-gnu --disable-browser-plugin --disable-vtable-verify --enable-checking=release --enable-clocale=gnu --enable-gnu-unique-object --enable-gtk-cairo --enable-java-awt=gtk --enable-java-home --enable-languages=c,c++,java,go,d,fortran,objc,obj-c++ --enable-libstdcxx-debug --enable-libstdcxx-time=yes --enable-multiarch --enable-multilib --enable-nls --enable-objc-gc --enable-plugin --enable-shared --enable-threads=posix --host=x86_64-linux-gnu --target=x86_64-linux-gnu --with-abi=m64 --with-arch-32=i586 --with-arch-directory=amd64 --with-multilib-list=m32,m64,mx32 --with-tune=generic -v"}</JSON>
  </System>
  <System>
    <Identifier>debLXC123: 2017-04-22</Identifier>
    <Hardware>Processor: 2 x Intel Xeon L5630 @ 2.13GHz (16 Cores), Motherboard: Dell 0MD99X, Memory: 242688MB, Disk: 3999GB Virtual Disk, Graphics: mgadrmfb</Hardware>
    <Software>OS: Debian GNU/Linux 8, Kernel: 3.16.0-4-amd64 (x86_64), Compiler: GCC 4.9.2, File-System: ext4, Screen Resolution: 1280x1024, System Layer: lxc</Software>
    <User>root</User>
    <TimeStamp>2017-04-22 17:05:21</TimeStamp>
    <TestClientVersion></TestClientVersion>
    <Notes></Notes>
    <JSON>{"compiler-configuration":"--build=x86_64-linux-gnu --disable-browser-plugin --disable-vtable-verify --enable-checking=release --enable-clocale=gnu --enable-gnu-unique-object --enable-gtk-cairo --enable-java-awt=gtk --enable-java-home --enable-languages=c,c++,java,go,d,fortran,objc,obj-c++ --enable-libstdcxx-debug --enable-libstdcxx-time=yes --enable-multiarch --enable-multilib --enable-nls --enable-objc-gc --enable-plugin --enable-shared --enable-threads=posix --host=x86_64-linux-gnu --target=x86_64-linux-gnu --with-abi=m64 --with-arch-32=i586 --with-arch-directory=amd64 --with-multilib-list=m32,m64,mx32 --with-tune=generic -v"}</JSON>
  </System>
  <System>
    <Identifier>debLXC116: 2017-04-22</Identifier>
    <Hardware>Processor: 2 x Intel Xeon L5630 @ 2.13GHz (16 Cores), Motherboard: Dell 0MD99X, Memory: 242688MB, Disk: 3999GB Virtual Disk, Graphics: mgadrmfb</Hardware>
    <Software>OS: Debian GNU/Linux 8, Kernel: 3.16.0-4-amd64 (x86_64), Compiler: GCC 4.9.2, File-System: ext4, Screen Resolution: 1280x1024, System Layer: lxc</Software>
    <User>root</User>
    <TimeStamp>2017-04-22 17:05:21</TimeStamp>
    <TestClientVersion></TestClientVersion>
    <Notes></Notes>
    <JSON>{"compiler-configuration":"--build=x86_64-linux-gnu --disable-browser-plugin --disable-vtable-verify --enable-checking=release --enable-clocale=gnu --enable-gnu-unique-object --enable-gtk-cairo --enable-java-awt=gtk --enable-java-home --enable-languages=c,c++,java,go,d,fortran,objc,obj-c++ --enable-libstdcxx-debug --enable-libstdcxx-time=yes --enable-multiarch --enable-multilib --enable-nls --enable-objc-gc --enable-plugin --enable-shared --enable-threads=posix --host=x86_64-linux-gnu --target=x86_64-linux-gnu --with-abi=m64 --with-arch-32=i586 --with-arch-directory=amd64 --with-multilib-list=m32,m64,mx32 --with-tune=generic -v"}</JSON>
  </System>
  <System>
    <Identifier>debLXC110: 2017-04-22</Identifier>
    <Hardware>Processor: 2 x Intel Xeon L5630 @ 2.13GHz (16 Cores), Motherboard: Dell 0MD99X, Memory: 242688MB, Disk: 3999GB Virtual Disk, Graphics: mgadrmfb</Hardware>
    <Software>OS: Debian GNU/Linux 8, Kernel: 3.16.0-4-amd64 (x86_64), Compiler: GCC 4.9.2, File-System: ext4, Screen Resolution: 1280x1024, System Layer: lxc</Software>
    <User>root</User>
    <TimeStamp>2017-04-22 17:05:26</TimeStamp>
    <TestClientVersion></TestClientVersion>
    <Notes></Notes>
    <JSON>{"compiler-configuration":"--build=x86_64-linux-gnu --disable-browser-plugin --disable-vtable-verify --enable-checking=release --enable-clocale=gnu --enable-gnu-unique-object --enable-gtk-cairo --enable-java-awt=gtk --enable-java-home --enable-languages=c,c++,java,go,d,fortran,objc,obj-c++ --enable-libstdcxx-debug --enable-libstdcxx-time=yes --enable-multiarch --enable-multilib --enable-nls --enable-objc-gc --enable-plugin --enable-shared --enable-threads=posix --host=x86_64-linux-gnu --target=x86_64-linux-gnu --with-abi=m64 --with-arch-32=i586 --with-arch-directory=amd64 --with-multilib-list=m32,m64,mx32 --with-tune=generic -v"}</JSON>
  </System>
  <System>
    <Identifier>debLXC121: 2017-04-22</Identifier>
    <Hardware>Processor: 2 x Intel Xeon L5630 @ 2.13GHz (16 Cores), Motherboard: Dell 0MD99X, Memory: 242688MB, Disk: 3999GB Virtual Disk, Graphics: mgadrmfb</Hardware>
    <Software>OS: Debian GNU/Linux 8, Kernel: 3.16.0-4-amd64 (x86_64), Compiler: GCC 4.9.2, File-System: ext4, Screen Resolution: 1280x1024, System Layer: lxc</Software>
    <User>root</User>
    <TimeStamp>2017-04-22 17:05:24</TimeStamp>
    <TestClientVersion></TestClientVersion>
    <Notes></Notes>
    <JSON>{"compiler-configuration":"--build=x86_64-linux-gnu --disable-browser-plugin --disable-vtable-verify --enable-checking=release --enable-clocale=gnu --enable-gnu-unique-object --enable-gtk-cairo --enable-java-awt=gtk --enable-java-home --enable-languages=c,c++,java,go,d,fortran,objc,obj-c++ --enable-libstdcxx-debug --enable-libstdcxx-time=yes --enable-multiarch --enable-multilib --enable-nls --enable-objc-gc --enable-plugin --enable-shared --enable-threads=posix --host=x86_64-linux-gnu --target=x86_64-linux-gnu --with-abi=m64 --with-arch-32=i586 --with-arch-directory=amd64 --with-multilib-list=m32,m64,mx32 --with-tune=generic -v"}</JSON>
  </System>
  <System>
    <Identifier>debLXC114: 2017-04-22</Identifier>
    <Hardware>Processor: 2 x Intel Xeon L5630 @ 2.13GHz (16 Cores), Motherboard: Dell 0MD99X, Memory: 242688MB, Disk: 3999GB Virtual Disk, Graphics: mgadrmfb</Hardware>
    <Software>OS: Debian GNU/Linux 8, Kernel: 3.16.0-4-amd64 (x86_64), Compiler: GCC 4.9.2, File-System: ext4, Screen Resolution: 1280x1024, System Layer: lxc</Software>
    <User>root</User>
    <TimeStamp>2017-04-22 17:05:24</TimeStamp>
    <TestClientVersion></TestClientVersion>
    <Notes></Notes>
    <JSON>{"compiler-configuration":"--build=x86_64-linux-gnu --disable-browser-plugin --disable-vtable-verify --enable-checking=release --enable-clocale=gnu --enable-gnu-unique-object --enable-gtk-cairo --enable-java-awt=gtk --enable-java-home --enable-languages=c,c++,java,go,d,fortran,objc,obj-c++ --enable-libstdcxx-debug --enable-libstdcxx-time=yes --enable-multiarch --enable-multilib --enable-nls --enable-objc-gc --enable-plugin --enable-shared --enable-threads=posix --host=x86_64-linux-gnu --target=x86_64-linux-gnu --with-abi=m64 --with-arch-32=i586 --with-arch-directory=amd64 --with-multilib-list=m32,m64,mx32 --with-tune=generic -v"}</JSON>
  </System>
  <System>
    <Identifier>debLXC105: 2017-04-22</Identifier>
    <Hardware>Processor: 2 x Intel Xeon L5630 @ 2.13GHz (16 Cores), Motherboard: Dell 0MD99X, Memory: 242688MB, Disk: 3999GB Virtual Disk, Graphics: mgadrmfb</Hardware>
    <Software>OS: Debian GNU/Linux 8, Kernel: 3.16.0-4-amd64 (x86_64), Compiler: GCC 4.9.2, File-System: ext4, Screen Resolution: 1280x1024, System Layer: lxc</Software>
    <User>root</User>
    <TimeStamp>2017-04-22 17:05:25</TimeStamp>
    <TestClientVersion></TestClientVersion>
    <Notes></Notes>
    <JSON>{"compiler-configuration":"--build=x86_64-linux-gnu --disable-browser-plugin --disable-vtable-verify --enable-checking=release --enable-clocale=gnu --enable-gnu-unique-object --enable-gtk-cairo --enable-java-awt=gtk --enable-java-home --enable-languages=c,c++,java,go,d,fortran,objc,obj-c++ --enable-libstdcxx-debug --enable-libstdcxx-time=yes --enable-multiarch --enable-multilib --enable-nls --enable-objc-gc --enable-plugin --enable-shared --enable-threads=posix --host=x86_64-linux-gnu --target=x86_64-linux-gnu --with-abi=m64 --with-arch-32=i586 --with-arch-directory=amd64 --with-multilib-list=m32,m64,mx32 --with-tune=generic -v"}</JSON>
  </System>
  <System>
    <Identifier>debLXC124: 2017-04-22</Identifier>
    <Hardware>Processor: 2 x Intel Xeon L5630 @ 2.13GHz (16 Cores), Motherboard: Dell 0MD99X, Memory: 242688MB, Disk: 3999GB Virtual Disk, Graphics: mgadrmfb</Hardware>
    <Software>OS: Debian GNU/Linux 8, Kernel: 3.16.0-4-amd64 (x86_64), Compiler: GCC 4.9.2, File-System: ext4, Screen Resolution: 1280x1024, System Layer: lxc</Software>
    <User>root</User>
    <TimeStamp>2017-04-22 17:05:21</TimeStamp>
    <TestClientVersion></TestClientVersion>
    <Notes></Notes>
    <JSON>{"compiler-configuration":"--build=x86_64-linux-gnu --disable-browser-plugin --disable-vtable-verify --enable-checking=release --enable-clocale=gnu --enable-gnu-unique-object --enable-gtk-cairo --enable-java-awt=gtk --enable-java-home --enable-languages=c,c++,java,go,d,fortran,objc,obj-c++ --enable-libstdcxx-debug --enable-libstdcxx-time=yes --enable-multiarch --enable-multilib --enable-nls --enable-objc-gc --enable-plugin --enable-shared --enable-threads=posix --host=x86_64-linux-gnu --target=x86_64-linux-gnu --with-abi=m64 --with-arch-32=i586 --with-arch-directory=amd64 --with-multilib-list=m32,m64,mx32 --with-tune=generic -v"}</JSON>
  </System>
  <System>
    <Identifier>debLXC120: 2017-04-22</Identifier>
    <Hardware>Processor: 2 x Intel Xeon L5630 @ 2.13GHz (16 Cores), Motherboard: Dell 0MD99X, Memory: 242688MB, Disk: 3999GB Virtual Disk, Graphics: mgadrmfb</Hardware>
    <Software>OS: Debian GNU/Linux 8, Kernel: 3.16.0-4-amd64 (x86_64), Compiler: GCC 4.9.2, File-System: ext4, Screen Resolution: 1280x1024, System Layer: lxc</Software>
    <User>root</User>
    <TimeStamp>2017-04-22 17:05:23</TimeStamp>
    <TestClientVersion></TestClientVersion>
    <Notes></Notes>
    <JSON>{"compiler-configuration":"--build=x86_64-linux-gnu --disable-browser-plugin --disable-vtable-verify --enable-checking=release --enable-clocale=gnu --enable-gnu-unique-object --enable-gtk-cairo --enable-java-awt=gtk --enable-java-home --enable-languages=c,c++,java,go,d,fortran,objc,obj-c++ --enable-libstdcxx-debug --enable-libstdcxx-time=yes --enable-multiarch --enable-multilib --enable-nls --enable-objc-gc --enable-plugin --enable-shared --enable-threads=posix --host=x86_64-linux-gnu --target=x86_64-linux-gnu --with-abi=m64 --with-arch-32=i586 --with-arch-directory=amd64 --with-multilib-list=m32,m64,mx32 --with-tune=generic -v"}</JSON>
  </System>
  <System>
    <Identifier>debLXC112: 2017-04-22</Identifier>
    <Hardware>Processor: 2 x Intel Xeon L5630 @ 2.13GHz (16 Cores), Motherboard: Dell 0MD99X, Memory: 242688MB, Disk: 3999GB Virtual Disk, Graphics: mgadrmfb</Hardware>
    <Software>OS: Debian GNU/Linux 8, Kernel: 3.16.0-4-amd64 (x86_64), Compiler: GCC 4.9.2, File-System: ext4, Screen Resolution: 1280x1024, System Layer: lxc</Software>
    <User>root</User>
    <TimeStamp>2017-04-22 17:05:25</TimeStamp>
    <TestClientVersion></TestClientVersion>
    <Notes></Notes>
    <JSON>{"compiler-configuration":"--build=x86_64-linux-gnu --disable-browser-plugin --disable-vtable-verify --enable-checking=release --enable-clocale=gnu --enable-gnu-unique-object --enable-gtk-cairo --enable-java-awt=gtk --enable-java-home --enable-languages=c,c++,java,go,d,fortran,objc,obj-c++ --enable-libstdcxx-debug --enable-libstdcxx-time=yes --enable-multiarch --enable-multilib --enable-nls --enable-objc-gc --enable-plugin --enable-shared --enable-threads=posix --host=x86_64-linux-gnu --target=x86_64-linux-gnu --with-abi=m64 --with-arch-32=i586 --with-arch-directory=amd64 --with-multilib-list=m32,m64,mx32 --with-tune=generic -v"}</JSON>
  </System>
  <Result>
    <Identifier>pts/ramspeed-1.4.0</Identifier>
    <Title>RAMspeed SMP</Title>
    <AppVersion>3.5.0</AppVersion>
    <Arguments>COPY -b 3</Arguments>
    <Description>Type: Copy - Benchmark: Integer</Description>
    <Scale>MB/s</Scale>
    <Proportion>HIB</Proportion>
    <DisplayFormat>BAR_GRAPH</DisplayFormat>
    <Data>
      <Entry>
        <Identifier>debLXC113: 2017-04-22</Identifier>
        <Value>508.12</Value>
        <RawString></RawString>
        <JSON>{"compiler-options":{"compiler-type":"CC","compiler":"gcc","compiler-options":""}}</JSON>
      </Entry>
      <Entry>
        <Identifier>debLXC111: 2017-04-22</Identifier>
        <Value>484.82</Value>
        <RawString></RawString>
        <JSON>{"compiler-options":{"compiler-type":"CC","compiler":"gcc","compiler-options":""}}</JSON>
      </Entry>
      <Entry>
        <Identifier>debLXC107: 2017-04-22</Identifier>
        <Value>506.13</Value>
        <RawString></RawString>
        <JSON>{"compiler-options":{"compiler-type":"CC","compiler":"gcc","compiler-options":""}}</JSON>
      </Entry>
      <Entry>
        <Identifier>debLXC125: 2017-04-22</Identifier>
        <Value>531.60</Value>
        <RawString></RawString>
        <JSON>{"compiler-options":{"compiler-type":"CC","compiler":"gcc","compiler-options":""}}</JSON>
      </Entry>
      <Entry>
        <Identifier>debLXC104: 2017-04-22</Identifier>
        <Value>518.33</Value>
        <RawString></RawString>
        <JSON>{"compiler-options":{"compiler-type":"CC","compiler":"gcc","compiler-options":""}}</JSON>
      </Entry>
      <Entry>
        <Identifier>debLXC109: 2017-04-22</Identifier>
        <Value>517.27</Value>
        <RawString></RawString>
        <JSON>{"compiler-options":{"compiler-type":"CC","compiler":"gcc","compiler-options":""}}</JSON>
      </Entry>
      <Entry>
        <Identifier>debLXC101: 2017-04-22</Identifier>
        <Value>522.70</Value>
        <RawString></RawString>
        <JSON>{"compiler-options":{"compiler-type":"CC","compiler":"gcc","compiler-options":""}}</JSON>
      </Entry>
      <Entry>
        <Identifier>debLXC117: 2017-04-22</Identifier>
        <Value>511.88</Value>
        <RawString></RawString>
        <JSON>{"compiler-options":{"compiler-type":"CC","compiler":"gcc","compiler-options":""}}</JSON>
      </Entry>
      <Entry>
        <Identifier>debLXC122: 2017-04-22</Identifier>
        <Value>525.66</Value>
        <RawString></RawString>
        <JSON>{"compiler-options":{"compiler-type":"CC","compiler":"gcc","compiler-options":""}}</JSON>
      </Entry>
      <Entry>
        <Identifier>debLXC103: 2017-04-22</Identifier>
        <Value>518.50</Value>
        <RawString></RawString>
        <JSON>{"compiler-options":{"compiler-type":"CC","compiler":"gcc","compiler-options":""}}</JSON>
      </Entry>
      <Entry>
        <Identifier>debLXC106: 2017-04-22</Identifier>
        <Value>586</Value>
        <RawString></RawString>
        <JSON>{"compiler-options":{"compiler-type":"CC","compiler":"gcc","compiler-options":""}}</JSON>
      </Entry>
      <Entry>
        <Identifier>debLXC115: 2017-04-22</Identifier>
        <Value>549.61</Value>
        <RawString></RawString>
        <JSON>{"compiler-options":{"compiler-type":"CC","compiler":"gcc","compiler-options":""}}</JSON>
      </Entry>
      <Entry>
        <Identifier>debLXC102: 2017-04-22</Identifier>
        <Value>566.99</Value>
        <RawString></RawString>
        <JSON>{"compiler-options":{"compiler-type":"CC","compiler":"gcc","compiler-options":""}}</JSON>
      </Entry>
      <Entry>
        <Identifier>debLXC119: 2017-04-22</Identifier>
        <Value>604.10</Value>
        <RawString></RawString>
        <JSON>{"compiler-options":{"compiler-type":"CC","compiler":"gcc","compiler-options":""}}</JSON>
      </Entry>
      <Entry>
        <Identifier>debLXC108: 2017-04-22</Identifier>
        <Value>593.86</Value>
        <RawString></RawString>
        <JSON>{"compiler-options":{"compiler-type":"CC","compiler":"gcc","compiler-options":""}}</JSON>
      </Entry>
      <Entry>
        <Identifier>debLXC118: 2017-04-22</Identifier>
        <Value>567.51</Value>
        <RawString></RawString>
        <JSON>{"compiler-options":{"compiler-type":"CC","compiler":"gcc","compiler-options":""}}</JSON>
      </Entry>
      <Entry>
        <Identifier>debLXC123: 2017-04-22</Identifier>
        <Value>564.80</Value>
        <RawString></RawString>
        <JSON>{"compiler-options":{"compiler-type":"CC","compiler":"gcc","compiler-options":""}}</JSON>
      </Entry>
      <Entry>
        <Identifier>debLXC116: 2017-04-22</Identifier>
        <Value>579.05</Value>
        <RawString></RawString>
        <JSON>{"compiler-options":{"compiler-type":"CC","compiler":"gcc","compiler-options":""}}</JSON>
      </Entry>
      <Entry>
        <Identifier>debLXC110: 2017-04-22</Identifier>
        <Value>548.80</Value>
        <RawString></RawString>
        <JSON>{"compiler-options":{"compiler-type":"CC","compiler":"gcc","compiler-options":""}}</JSON>
      </Entry>
      <Entry>
        <Identifier>debLXC121: 2017-04-22</Identifier>
        <Value>578.53</Value>
        <RawString></RawString>
        <JSON>{"compiler-options":{"compiler-type":"CC","compiler":"gcc","compiler-options":""}}</JSON>
      </Entry>
      <Entry>
        <Identifier>debLXC114: 2017-04-22</Identifier>
        <Value>563.82</Value>
        <RawString></RawString>
        <JSON>{"compiler-options":{"compiler-type":"CC","compiler":"gcc","compiler-options":""}}</JSON>
      </Entry>
      <Entry>
        <Identifier>debLXC105: 2017-04-22</Identifier>
        <Value>611.07</Value>
        <RawString></RawString>
        <JSON>{"compiler-options":{"compiler-type":"CC","compiler":"gcc","compiler-options":""}}</JSON>
      </Entry>
      <Entry>
        <Identifier>debLXC124: 2017-04-22</Identifier>
        <Value>585.65</Value>
        <RawString></RawString>
        <JSON>{"compiler-options":{"compiler-type":"CC","compiler":"gcc","compiler-options":""}}</JSON>
      </Entry>
      <Entry>
        <Identifier>debLXC120: 2017-04-22</Identifier>
        <Value>575.84</Value>
        <RawString></RawString>
        <JSON>{"compiler-options":{"compiler-type":"CC","compiler":"gcc","compiler-options":""}}</JSON>
      </Entry>
      <Entry>
        <Identifier>debLXC112: 2017-04-22</Identifier>
        <Value>597.02</Value>
        <RawString></RawString>
        <JSON>{"compiler-options":{"compiler-type":"CC","compiler":"gcc","compiler-options":""}}</JSON>
      </Entry>
    </Data>
  </Result>
  <Result>
    <Identifier>pts/stream-1.2.0</Identifier>
    <Title>Stream</Title>
    <AppVersion>2013-01-17</AppVersion>
    <Arguments>Copy</Arguments>
    <Description>Type: Copy</Description>
    <Scale>MB/s</Scale>
    <Proportion>HIB</Proportion>
    <DisplayFormat>BAR_GRAPH</DisplayFormat>
    <Data>
      <Entry>
        <Identifier>debLXC113: 2017-04-22</Identifier>
        <Value>583.23</Value>
        <RawString>452.8:607.1:517.5:505.4:537.5:493.5:493.6:586.7:620.3:814.5:766:539.2:727:475.5:433:500:622.5:666.7:692.4:613.4</RawString>
        <JSON>{"compiler-options":{"compiler-type":"CC","compiler":"gcc","compiler-options":"-O3 -march=native -fopenmp"}}</JSON>
      </Entry>
      <Entry>
        <Identifier>debLXC111: 2017-04-22</Identifier>
        <Value>586.38</Value>
        <RawString>464.6:492.1:460.1:573:591.3:663.8:539:681.3:623.4:493:723.4:669.6:698.1:542.3:562.3:518.1:571.5:469.7:757.8:633.1</RawString>
        <JSON>{"compiler-options":{"compiler-type":"CC","compiler":"gcc","compiler-options":"-O3 -march=native -fopenmp"}}</JSON>
      </Entry>
      <Entry>
        <Identifier>debLXC107: 2017-04-22</Identifier>
        <Value>600.66</Value>
        <RawString>518.1:606.8:546.2:508.3:575.5:528.5:650.5:701.7:592.5:587.6:550.5:563.7:583.9:651.6:565.5:684.1:770.1:583.7:676.1:568.3</RawString>
        <JSON>{"compiler-options":{"compiler-type":"CC","compiler":"gcc","compiler-options":"-O3 -march=native -fopenmp"}}</JSON>
      </Entry>
      <Entry>
        <Identifier>debLXC125: 2017-04-22</Identifier>
        <Value>580.39</Value>
        <RawString>490.3:556.1:660.7:545:608.5:527.5:467.1:595.1:775:559.4:546.6:578.6:522.2:561.5:508.6:567.3:505.6:600.1:751.4:681.2</RawString>
        <JSON>{"compiler-options":{"compiler-type":"CC","compiler":"gcc","compiler-options":"-O3 -march=native -fopenmp"}}</JSON>
      </Entry>
      <Entry>
        <Identifier>debLXC104: 2017-04-22</Identifier>
        <Value>589.02</Value>
        <RawString>562.3:402.7:519.4:455.4:563.4:592.6:571.9:593.6:697.6:634.2:597.9:539:584.1:916.7:629.9:445.2:487.7:566.3:692.4:728.1</RawString>
        <JSON>{"compiler-options":{"compiler-type":"CC","compiler":"gcc","compiler-options":"-O3 -march=native -fopenmp"}}</JSON>
      </Entry>
      <Entry>
        <Identifier>debLXC109: 2017-04-22</Identifier>
        <Value>527.01</Value>
        <RawString>391.8:417.6:546.2:546.9:477.6:455.1:542.5:670.1:645.9:562.5:524.2:554.6:470.4:483.7:569.5:491.9:472.9:671.2:551.6:494</RawString>
        <JSON>{"compiler-options":{"compiler-type":"CC","compiler":"gcc","compiler-options":"-O3 -march=native -fopenmp"}}</JSON>
      </Entry>
      <Entry>
        <Identifier>debLXC101: 2017-04-22</Identifier>
        <Value>554.01</Value>
        <RawString>395.4:478.1:441.6:488.1:446.8:656.7:566.8:529.7:512.7:672.3:594.6:485.2:530.3:564:723.4:526.2:596.1:481.9:725.1:665.2</RawString>
        <JSON>{"compiler-options":{"compiler-type":"CC","compiler":"gcc","compiler-options":"-O3 -march=native -fopenmp"}}</JSON>
      </Entry>
      <Entry>
        <Identifier>debLXC117: 2017-04-22</Identifier>
        <Value>543.21</Value>
        <RawString>821.1:381.1:482.2:452.2:458.5:531.7:495:466.4:484.8:546.2:514.7:529:705.4:561.3:623.4:860.4:497:574:454:425.7</RawString>
        <JSON>{"compiler-options":{"compiler-type":"CC","compiler":"gcc","compiler-options":"-O3 -march=native -fopenmp"}}</JSON>
      </Entry>
      <Entry>
        <Identifier>debLXC122: 2017-04-22</Identifier>
        <Value>677.84</Value>
        <RawString>965.5:1155.1:596.4:615.8:671.5:634.8:551.4:482.6:606.1:550.7:607.5:581.8:696.6:634.6:645.2:585:687.1:689.1:917:683</RawString>
        <JSON>{"compiler-options":{"compiler-type":"CC","compiler":"gcc","compiler-options":"-O3 -march=native -fopenmp"}}</JSON>
      </Entry>
      <Entry>
        <Identifier>debLXC103: 2017-04-22</Identifier>
        <Value>552.80</Value>
        <RawString>376.5:471.2:695.4:473.5:437.2:416.6:453.2:436.6:453.2:616.8:533.3:963.9:693.8:659.1:580.2:476.2:542.8:713.2:470.8:592.5</RawString>
        <JSON>{"compiler-options":{"compiler-type":"CC","compiler":"gcc","compiler-options":"-O3 -march=native -fopenmp"}}</JSON>
      </Entry>
      <Entry>
        <Identifier>debLXC106: 2017-04-22</Identifier>
        <Value>545.58</Value>
        <RawString>312.4:1427.2:446.6:384:423.1:432.4:584.2:384:487.8:461.9:531.7:618.1:493.8:485.9:608.7:661.2:486.2:527.6:641.5:513.2</RawString>
        <JSON>{"compiler-options":{"compiler-type":"CC","compiler":"gcc","compiler-options":"-O3 -march=native -fopenmp"}}</JSON>
      </Entry>
      <Entry>
        <Identifier>debLXC115: 2017-04-22</Identifier>
        <Value>469.59</Value>
        <RawString>338.2:369.6:366:388.4:411.5:410.3:495.9:431.1:457.3:449.6:486.9:460.5:509.4:626.5:476.8:512.7:489.1:642.9:524.7:544.4</RawString>
        <JSON>{"compiler-options":{"compiler-type":"CC","compiler":"gcc","compiler-options":"-O3 -march=native -fopenmp"}}</JSON>
      </Entry>
      <Entry>
        <Identifier>debLXC102: 2017-04-22</Identifier>
        <Value>536.88</Value>
        <RawString>383.5:342.7:321.8:815.6:770.7:588.1:485.6:429.6:455.4:472.4:410.7:588.7:497.6:483.8:516.2:825.9:680.1:526:596.5:546.6</RawString>
        <JSON>{"compiler-options":{"compiler-type":"CC","compiler":"gcc","compiler-options":"-O3 -march=native -fopenmp"}}</JSON>
      </Entry>
      <Entry>
        <Identifier>debLXC119: 2017-04-22</Identifier>
        <Value>519.49</Value>
        <RawString>282.1:282.2:327.3:388.4:356.7:348.8:632.9:613.2:880:646.1:625.3:595.7:487.8:554.7:559.6:526.3:621.9:536.2:549.9:574.6</RawString>
        <JSON>{"compiler-options":{"compiler-type":"CC","compiler":"gcc","compiler-options":"-O3 -march=native -fopenmp"}}</JSON>
      </Entry>
      <Entry>
        <Identifier>debLXC108: 2017-04-22</Identifier>
        <Value>610.33</Value>
        <RawString>792.1:628.7:703.5:676.7:617.2:526:533.1:537.5:556.9:524.1:573.1:799.7:631.4:693.4:499.3:575.8:567:678.8:555.9:536.3</RawString>
        <JSON>{"compiler-options":{"compiler-type":"CC","compiler":"gcc","compiler-options":"-O3 -march=native -fopenmp"}}</JSON>
      </Entry>
      <Entry>
        <Identifier>debLXC118: 2017-04-22</Identifier>
        <Value>663.83</Value>
        <RawString>748.8:770.5:693.4:701.3:1170.4:879.7:529.6:727.5:567.5:530.1:729.5:494.4:649.6:526.9:732:636.4:455.7:547.5:590.8:595</RawString>
        <JSON>{"compiler-options":{"compiler-type":"CC","compiler":"gcc","compiler-options":"-O3 -march=native -fopenmp"}}</JSON>
      </Entry>
      <Entry>
        <Identifier>debLXC123: 2017-04-22</Identifier>
        <Value>518.47</Value>
        <RawString>270:271.7:335:296.2:365.8:322.5:829.4:598.7:405.2:593.9:733.7:929.5:711.7:735.7:475.9:560.1:470.7:478.9:461.8:523</RawString>
        <JSON>{"compiler-options":{"compiler-type":"CC","compiler":"gcc","compiler-options":"-O3 -march=native -fopenmp"}}</JSON>
      </Entry>
      <Entry>
        <Identifier>debLXC116: 2017-04-22</Identifier>
        <Value>660.03</Value>
        <RawString>751.6:1097.6:576.9:794.3:743.4:586.3:574.5:596.7:653.7:1079.2:540.5:648.5:827.3:640.5:556:525.9:457.2:426:522.8:601.6</RawString>
        <JSON>{"compiler-options":{"compiler-type":"CC","compiler":"gcc","compiler-options":"-O3 -march=native -fopenmp"}}</JSON>
      </Entry>
      <Entry>
        <Identifier>debLXC110: 2017-04-22</Identifier>
        <Value>692.92</Value>
        <RawString>284.1:663.9:864.4:790.6:888.2:1076.4:1058.6:606.1:684.7:606.3:681.7:479.5:945.3:556.9:707:712.9:550.6:529.9:536.8:634.4</RawString>
        <JSON>{"compiler-options":{"compiler-type":"CC","compiler":"gcc","compiler-options":"-O3 -march=native -fopenmp"}}</JSON>
      </Entry>
      <Entry>
        <Identifier>debLXC121: 2017-04-22</Identifier>
        <Value>712.84</Value>
        <RawString>277.5:930.2:869.8:1174.1:961.1:344:320.2:1260.6:761.9:726.9:550.8:940.5:795.2:681:780.8:634:516.5:601.3:568.6:561.7</RawString>
        <JSON>{"compiler-options":{"compiler-type":"CC","compiler":"gcc","compiler-options":"-O3 -march=native -fopenmp"}}</JSON>
      </Entry>
      <Entry>
        <Identifier>debLXC114: 2017-04-22</Identifier>
        <Value>514.86</Value>
        <RawString>287.8:314.3:255.2:276.9:270:254.8:297.5:323.9:355.8:364.1:1130.8:563.4:679.3:493.4:794.5:582.1:586.6:506.3:1420.7:539.8</RawString>
        <JSON>{"compiler-options":{"compiler-type":"CC","compiler":"gcc","compiler-options":"-O3 -march=native -fopenmp"}}</JSON>
      </Entry>
      <Entry>
        <Identifier>debLXC105: 2017-04-22</Identifier>
        <Value>629.65</Value>
        <RawString>304.2:282.5:271.3:415.2:296.7:279.7:892.5:626.4:811.1:611.3:653:1607.7:837.7:560.3:778.3:702:812.2:598.6:851.5:400.7</RawString>
        <JSON>{"compiler-options":{"compiler-type":"CC","compiler":"gcc","compiler-options":"-O3 -march=native -fopenmp"}}</JSON>
      </Entry>
      <Entry>
        <Identifier>debLXC124: 2017-04-22</Identifier>
        <Value>507.39</Value>
        <RawString>474.9:503.4:557.8:796.4:637.2:659.6:744.5:533.5:255.5:254.3:272.1:321.5:282.6:637.2:626.2:679.1:619.8:445.5:422.9:423.8</RawString>
        <JSON>{"compiler-options":{"compiler-type":"CC","compiler":"gcc","compiler-options":"-O3 -march=native -fopenmp"}}</JSON>
      </Entry>
      <Entry>
        <Identifier>debLXC120: 2017-04-22</Identifier>
        <Value>646.81</Value>
        <RawString>288.1:267:282.7:281.8:265.9:282.6:571.2:732.8:859.7:946.3:687.6:956.4:795:1303.1:683.6:1151.7:397.5:649.6:948.6:585</RawString>
        <JSON>{"compiler-options":{"compiler-type":"CC","compiler":"gcc","compiler-options":"-O3 -march=native -fopenmp"}}</JSON>
      </Entry>
      <Entry>
        <Identifier>debLXC112: 2017-04-22</Identifier>
        <Value>675.58</Value>
        <RawString>282.5:261.5:773.5:461.3:464:628.5:260.9:303.2:551.7:956.3:924:793.1:1263.9:625:913.1:974.4:766.4:797:672.5:838.8</RawString>
        <JSON>{"compiler-options":{"compiler-type":"CC","compiler":"gcc","compiler-options":"-O3 -march=native -fopenmp"}}</JSON>
      </Entry>
    </Data>
  </Result>
  <Result>
    <Identifier>pts/t-test1-1.0.0</Identifier>
    <Title>t-test1</Title>
    <AppVersion>2017-01-13</AppVersion>
    <Arguments>1</Arguments>
    <Description>Threads: 1</Description>
    <Scale>Seconds</Scale>
    <Proportion>LIB</Proportion>
    <DisplayFormat>BAR_GRAPH</DisplayFormat>
    <Data>
      <Entry>
        <Identifier>debLXC113: 2017-04-22</Identifier>
        <Value>236.42</Value>
        <RawString>266.55933785439:246.61634111404:242.04130506516:239.74053406715:239.12705302238:184.4175889492</RawString>
        <JSON>{"compiler-options":{"compiler-type":"CC","compiler":"gcc","compiler-options":"-pthread"}}</JSON>
      </Entry>
      <Entry>
        <Identifier>debLXC111: 2017-04-22</Identifier>
        <Value>236.98</Value>
        <RawString>265.55508494377:245.81200695038:238.7745718956:240.90142297745:240.98404097557:189.85818004608</RawString>
        <JSON>{"compiler-options":{"compiler-type":"CC","compiler":"gcc","compiler-options":"-pthread"}}</JSON>
      </Entry>
      <Entry>
        <Identifier>debLXC107: 2017-04-22</Identifier>
        <Value>236.81</Value>
        <RawString>264.11006402969:247.94132900238:238.55202698708:238.10593700409:236.280616045:195.8919699192</RawString>
        <JSON>{"compiler-options":{"compiler-type":"CC","compiler":"gcc","compiler-options":"-pthread"}}</JSON>
      </Entry>
      <Entry>
        <Identifier>debLXC125: 2017-04-22</Identifier>
        <Value>238.91</Value>
        <RawString>268.31689190865:250.24958300591:238.75301098824:236.92796897888:240.0502781868:199.17048597336</RawString>
        <JSON>{"compiler-options":{"compiler-type":"CC","compiler":"gcc","compiler-options":"-pthread"}}</JSON>
      </Entry>
      <Entry>
        <Identifier>debLXC104: 2017-04-22</Identifier>
        <Value>237.54</Value>
        <RawString>264.10198378563:249.72218513489:239.15588212013:235.00875091553:240.2794880867:196.97409510612</RawString>
        <JSON>{"compiler-options":{"compiler-type":"CC","compiler":"gcc","compiler-options":"-pthread"}}</JSON>
      </Entry>
      <Entry>
        <Identifier>debLXC109: 2017-04-22</Identifier>
        <Value>239.51</Value>
        <RawString>265.55513095856:254.62021589279:238.451141119:236.50729012489:238.61303186417:203.32441186905</RawString>
        <JSON>{"compiler-options":{"compiler-type":"CC","compiler":"gcc","compiler-options":"-pthread"}}</JSON>
      </Entry>
      <Entry>
        <Identifier>debLXC101: 2017-04-22</Identifier>
        <Value>238.90</Value>
        <RawString>263.54380202293:254.11983013153:238.14903903008:234.82418394089:240.89313602448:201.88834095001</RawString>
        <JSON>{"compiler-options":{"compiler-type":"CC","compiler":"gcc","compiler-options":"-pthread"}}</JSON>
      </Entry>
      <Entry>
        <Identifier>debLXC117: 2017-04-22</Identifier>
        <Value>240.37</Value>
        <RawString>266.66885304451:252.294039011:237.93576693535:236.91038107872:238.94410395622:209.4840939045</RawString>
        <JSON>{"compiler-options":{"compiler-type":"CC","compiler":"gcc","compiler-options":"-pthread"}}</JSON>
      </Entry>
      <Entry>
        <Identifier>debLXC122: 2017-04-22</Identifier>
        <Value>239.95</Value>
        <RawString>264.67116785049:257.57153296471:235.88256788254:233.12674999237:239.80613398552:208.64172101021</RawString>
        <JSON>{"compiler-options":{"compiler-type":"CC","compiler":"gcc","compiler-options":"-pthread"}}</JSON>
      </Entry>
      <Entry>
        <Identifier>debLXC103: 2017-04-22</Identifier>
        <Value>243.29</Value>
        <RawString>268.10669589043:260.17995810509:241.57323980331:236.43524098396:242.02362108231:211.39808106422</RawString>
        <JSON>{"compiler-options":{"compiler-type":"CC","compiler":"gcc","compiler-options":"-pthread"}}</JSON>
      </Entry>
      <Entry>
        <Identifier>debLXC106: 2017-04-22</Identifier>
        <Value>245.81</Value>
        <RawString>273.3379380703:264.87762308121:238.31331896782:236.39822697639:239.49549818039:222.44404602051</RawString>
        <JSON>{"compiler-options":{"compiler-type":"CC","compiler":"gcc","compiler-options":"-pthread"}}</JSON>
      </Entry>
      <Entry>
        <Identifier>debLXC115: 2017-04-22</Identifier>
        <Value>246.62</Value>
        <RawString>271.05040407181:266.78035879135:239.13890790939:236.30182218552:240.43350195885:226.03849291801</RawString>
        <JSON>{"compiler-options":{"compiler-type":"CC","compiler":"gcc","compiler-options":"-pthread"}}</JSON>
      </Entry>
      <Entry>
        <Identifier>debLXC102: 2017-04-22</Identifier>
        <Value>247.93</Value>
        <RawString>276.31144094467:263.74092912674:242.27163314819:237.79730582237:237.45040893555:230.02199196815</RawString>
        <JSON>{"compiler-options":{"compiler-type":"CC","compiler":"gcc","compiler-options":"-pthread"}}</JSON>
      </Entry>
      <Entry>
        <Identifier>debLXC119: 2017-04-22</Identifier>
        <Value>250.64</Value>
        <RawString>275.33559584618:264.8937599659:247.45247602463:240.19555997849:237.7954518795:238.14379501343</RawString>
        <JSON>{"compiler-options":{"compiler-type":"CC","compiler":"gcc","compiler-options":"-pthread"}}</JSON>
      </Entry>
      <Entry>
        <Identifier>debLXC108: 2017-04-22</Identifier>
        <Value>248.48</Value>
        <RawString>271.25698399544:260.9813079834:247.4136941433:237.69507193565:238.36077594757:235.17370700836</RawString>
        <JSON>{"compiler-options":{"compiler-type":"CC","compiler":"gcc","compiler-options":"-pthread"}}</JSON>
      </Entry>
      <Entry>
        <Identifier>debLXC118: 2017-04-22</Identifier>
        <Value>249.37</Value>
        <RawString>276.32658290863:264.50465917587:247.67431497574:234.88341593742:236.41762113571:236.3889169693</RawString>
        <JSON>{"compiler-options":{"compiler-type":"CC","compiler":"gcc","compiler-options":"-pthread"}}</JSON>
      </Entry>
      <Entry>
        <Identifier>debLXC123: 2017-04-22</Identifier>
        <Value>250.46</Value>
        <RawString>277.32810997963:266.33495497704:248.562707901:237.36638712883:236.26795887947:236.92859792709</RawString>
        <JSON>{"compiler-options":{"compiler-type":"CC","compiler":"gcc","compiler-options":"-pthread"}}</JSON>
      </Entry>
      <Entry>
        <Identifier>debLXC116: 2017-04-22</Identifier>
        <Value>249.77</Value>
        <RawString>273.65412402153:261.07678413391:248.2933921814:239.54853987694:236.35768604279:239.6861000061</RawString>
        <JSON>{"compiler-options":{"compiler-type":"CC","compiler":"gcc","compiler-options":"-pthread"}}</JSON>
      </Entry>
      <Entry>
        <Identifier>debLXC110: 2017-04-22</Identifier>
        <Value>251.63</Value>
        <RawString>273.67727589607:266.91667509079:250.88311886787:240.07125687599:237.82428193092:240.40917611122</RawString>
        <JSON>{"compiler-options":{"compiler-type":"CC","compiler":"gcc","compiler-options":"-pthread"}}</JSON>
      </Entry>
      <Entry>
        <Identifier>debLXC121: 2017-04-22</Identifier>
        <Value>252.23</Value>
        <RawString>278.57062792778:265.50108885765:258.66828513145:238.82054209709:233.25158596039:238.59246993065</RawString>
        <JSON>{"compiler-options":{"compiler-type":"CC","compiler":"gcc","compiler-options":"-pthread"}}</JSON>
      </Entry>
      <Entry>
        <Identifier>debLXC114: 2017-04-22</Identifier>
        <Value>267.66</Value>
        <RawString>275.70793890953:269.59707283974:257.66593503952</RawString>
        <JSON>{"compiler-options":{"compiler-type":"CC","compiler":"gcc","compiler-options":"-pthread"}}</JSON>
      </Entry>
      <Entry>
        <Identifier>debLXC105: 2017-04-22</Identifier>
        <Value>270.17</Value>
        <RawString>277.71715021133:268.41027498245:264.38711810112</RawString>
        <JSON>{"compiler-options":{"compiler-type":"CC","compiler":"gcc","compiler-options":"-pthread"}}</JSON>
      </Entry>
      <Entry>
        <Identifier>debLXC124: 2017-04-22</Identifier>
        <Value>270.06</Value>
        <RawString>274.49601101875:270.2857670784:265.38383507729</RawString>
        <JSON>{"compiler-options":{"compiler-type":"CC","compiler":"gcc","compiler-options":"-pthread"}}</JSON>
      </Entry>
      <Entry>
        <Identifier>debLXC120: 2017-04-22</Identifier>
        <Value>275.09</Value>
        <RawString>282.4854362011:276.45296597481:266.33378195763</RawString>
        <JSON>{"compiler-options":{"compiler-type":"CC","compiler":"gcc","compiler-options":"-pthread"}}</JSON>
      </Entry>
      <Entry>
        <Identifier>debLXC112: 2017-04-22</Identifier>
        <Value>274.56</Value>
        <RawString>279.95622801781:274.32593917847:269.40626597404</RawString>
        <JSON>{"compiler-options":{"compiler-type":"CC","compiler":"gcc","compiler-options":"-pthread"}}</JSON>
      </Entry>
    </Data>
  </Result>
</PhoronixTestSuite>
