<?xml version="1.0"?>
<!--Phoronix Test Suite v7.0.1-->
<PhoronixTestSuite>
  <Generated>
    <Title>LXC_MEMORY_20 - 2017-04-26</Title>
    <LastModified>2017-04-26 08:45:58</LastModified>
    <TestClient>Phoronix Test Suite v7.0.1 (Ringsaker)</TestClient>
    <Description>A Phoromatic run.</Description>
  </Generated>
  <System>
    <Identifier>debLXC115: 2017-04-26</Identifier>
    <Hardware>Processor: 2 x Intel Xeon L5630 @ 2.13GHz (16 Cores), Motherboard: Dell 0MD99X, Memory: 242688MB, Disk: 3999GB Virtual Disk, Graphics: mgadrmfb</Hardware>
    <Software>OS: Debian GNU/Linux 8, Kernel: 3.16.0-4-amd64 (x86_64), Compiler: GCC 4.9.2, File-System: ext4, Screen Resolution: 1280x1024, System Layer: lxc</Software>
    <User>root</User>
    <TimeStamp>2017-04-26 01:56:19</TimeStamp>
    <TestClientVersion></TestClientVersion>
    <Notes></Notes>
    <JSON>{"compiler-configuration":"--build=x86_64-linux-gnu --disable-browser-plugin --disable-vtable-verify --enable-checking=release --enable-clocale=gnu --enable-gnu-unique-object --enable-gtk-cairo --enable-java-awt=gtk --enable-java-home --enable-languages=c,c++,java,go,d,fortran,objc,obj-c++ --enable-libstdcxx-debug --enable-libstdcxx-time=yes --enable-multiarch --enable-multilib --enable-nls --enable-objc-gc --enable-plugin --enable-shared --enable-threads=posix --host=x86_64-linux-gnu --target=x86_64-linux-gnu --with-abi=m64 --with-arch-32=i586 --with-arch-directory=amd64 --with-multilib-list=m32,m64,mx32 --with-tune=generic -v"}</JSON>
  </System>
  <System>
    <Identifier>debLXC118: 2017-04-26</Identifier>
    <Hardware>Processor: 2 x Intel Xeon L5630 @ 2.13GHz (16 Cores), Motherboard: Dell 0MD99X, Memory: 242688MB, Disk: 3999GB Virtual Disk, Graphics: mgadrmfb</Hardware>
    <Software>OS: Debian GNU/Linux 8, Kernel: 3.16.0-4-amd64 (x86_64), Compiler: GCC 4.9.2, File-System: ext4, Screen Resolution: 1280x1024, System Layer: lxc</Software>
    <User>root</User>
    <TimeStamp>2017-04-26 01:56:25</TimeStamp>
    <TestClientVersion></TestClientVersion>
    <Notes></Notes>
    <JSON>{"compiler-configuration":"--build=x86_64-linux-gnu --disable-browser-plugin --disable-vtable-verify --enable-checking=release --enable-clocale=gnu --enable-gnu-unique-object --enable-gtk-cairo --enable-java-awt=gtk --enable-java-home --enable-languages=c,c++,java,go,d,fortran,objc,obj-c++ --enable-libstdcxx-debug --enable-libstdcxx-time=yes --enable-multiarch --enable-multilib --enable-nls --enable-objc-gc --enable-plugin --enable-shared --enable-threads=posix --host=x86_64-linux-gnu --target=x86_64-linux-gnu --with-abi=m64 --with-arch-32=i586 --with-arch-directory=amd64 --with-multilib-list=m32,m64,mx32 --with-tune=generic -v"}</JSON>
  </System>
  <System>
    <Identifier>debLXC108: 2017-04-26</Identifier>
    <Hardware>Processor: 2 x Intel Xeon L5630 @ 2.13GHz (16 Cores), Motherboard: Dell 0MD99X, Memory: 242688MB, Disk: 3999GB Virtual Disk, Graphics: mgadrmfb</Hardware>
    <Software>OS: Debian GNU/Linux 8, Kernel: 3.16.0-4-amd64 (x86_64), Compiler: GCC 4.9.2, File-System: ext4, Screen Resolution: 1280x1024, System Layer: lxc</Software>
    <User>root</User>
    <TimeStamp>2017-04-26 01:55:25</TimeStamp>
    <TestClientVersion></TestClientVersion>
    <Notes></Notes>
    <JSON>{"compiler-configuration":"--build=x86_64-linux-gnu --disable-browser-plugin --disable-vtable-verify --enable-checking=release --enable-clocale=gnu --enable-gnu-unique-object --enable-gtk-cairo --enable-java-awt=gtk --enable-java-home --enable-languages=c,c++,java,go,d,fortran,objc,obj-c++ --enable-libstdcxx-debug --enable-libstdcxx-time=yes --enable-multiarch --enable-multilib --enable-nls --enable-objc-gc --enable-plugin --enable-shared --enable-threads=posix --host=x86_64-linux-gnu --target=x86_64-linux-gnu --with-abi=m64 --with-arch-32=i586 --with-arch-directory=amd64 --with-multilib-list=m32,m64,mx32 --with-tune=generic -v"}</JSON>
  </System>
  <System>
    <Identifier>debLXC117: 2017-04-26</Identifier>
    <Hardware>Processor: 2 x Intel Xeon L5630 @ 2.13GHz (16 Cores), Motherboard: Dell 0MD99X, Memory: 242688MB, Disk: 3999GB Virtual Disk, Graphics: mgadrmfb</Hardware>
    <Software>OS: Debian GNU/Linux 8, Kernel: 3.16.0-4-amd64 (x86_64), Compiler: GCC 4.9.2, File-System: ext4, Screen Resolution: 1280x1024, System Layer: lxc</Software>
    <User>root</User>
    <TimeStamp>2017-04-26 01:58:01</TimeStamp>
    <TestClientVersion></TestClientVersion>
    <Notes></Notes>
    <JSON>{"compiler-configuration":"--build=x86_64-linux-gnu --disable-browser-plugin --disable-vtable-verify --enable-checking=release --enable-clocale=gnu --enable-gnu-unique-object --enable-gtk-cairo --enable-java-awt=gtk --enable-java-home --enable-languages=c,c++,java,go,d,fortran,objc,obj-c++ --enable-libstdcxx-debug --enable-libstdcxx-time=yes --enable-multiarch --enable-multilib --enable-nls --enable-objc-gc --enable-plugin --enable-shared --enable-threads=posix --host=x86_64-linux-gnu --target=x86_64-linux-gnu --with-abi=m64 --with-arch-32=i586 --with-arch-directory=amd64 --with-multilib-list=m32,m64,mx32 --with-tune=generic -v"}</JSON>
  </System>
  <System>
    <Identifier>debLXC106: 2017-04-26</Identifier>
    <Hardware>Processor: 2 x Intel Xeon L5630 @ 2.13GHz (16 Cores), Motherboard: Dell 0MD99X, Memory: 242688MB, Disk: 3999GB Virtual Disk, Graphics: mgadrmfb</Hardware>
    <Software>OS: Debian GNU/Linux 8, Kernel: 3.16.0-4-amd64 (x86_64), Compiler: GCC 4.9.2, File-System: ext4, Screen Resolution: 1280x1024, System Layer: lxc</Software>
    <User>root</User>
    <TimeStamp>2017-04-26 01:54:09</TimeStamp>
    <TestClientVersion></TestClientVersion>
    <Notes></Notes>
    <JSON>{"compiler-configuration":"--build=x86_64-linux-gnu --disable-browser-plugin --disable-vtable-verify --enable-checking=release --enable-clocale=gnu --enable-gnu-unique-object --enable-gtk-cairo --enable-java-awt=gtk --enable-java-home --enable-languages=c,c++,java,go,d,fortran,objc,obj-c++ --enable-libstdcxx-debug --enable-libstdcxx-time=yes --enable-multiarch --enable-multilib --enable-nls --enable-objc-gc --enable-plugin --enable-shared --enable-threads=posix --host=x86_64-linux-gnu --target=x86_64-linux-gnu --with-abi=m64 --with-arch-32=i586 --with-arch-directory=amd64 --with-multilib-list=m32,m64,mx32 --with-tune=generic -v"}</JSON>
  </System>
  <System>
    <Identifier>debLXC101: 2017-04-26</Identifier>
    <Hardware>Processor: 2 x Intel Xeon L5630 @ 2.13GHz (16 Cores), Motherboard: Dell 0MD99X, Memory: 242688MB, Disk: 3999GB Virtual Disk, Graphics: mgadrmfb</Hardware>
    <Software>OS: Debian GNU/Linux 8, Kernel: 3.16.0-4-amd64 (x86_64), Compiler: GCC 4.9.2, File-System: ext4, Screen Resolution: 1280x1024, System Layer: lxc</Software>
    <User>root</User>
    <TimeStamp>2017-04-26 01:54:19</TimeStamp>
    <TestClientVersion></TestClientVersion>
    <Notes></Notes>
    <JSON>{"compiler-configuration":"--build=x86_64-linux-gnu --disable-browser-plugin --disable-vtable-verify --enable-checking=release --enable-clocale=gnu --enable-gnu-unique-object --enable-gtk-cairo --enable-java-awt=gtk --enable-java-home --enable-languages=c,c++,java,go,d,fortran,objc,obj-c++ --enable-libstdcxx-debug --enable-libstdcxx-time=yes --enable-multiarch --enable-multilib --enable-nls --enable-objc-gc --enable-plugin --enable-shared --enable-threads=posix --host=x86_64-linux-gnu --target=x86_64-linux-gnu --with-abi=m64 --with-arch-32=i586 --with-arch-directory=amd64 --with-multilib-list=m32,m64,mx32 --with-tune=generic -v"}</JSON>
  </System>
  <System>
    <Identifier>debLXC110: 2017-04-26</Identifier>
    <Hardware>Processor: 2 x Intel Xeon L5630 @ 2.13GHz (16 Cores), Motherboard: Dell 0MD99X, Memory: 242688MB, Disk: 3999GB Virtual Disk, Graphics: mgadrmfb</Hardware>
    <Software>OS: Debian GNU/Linux 8, Kernel: 3.16.0-4-amd64 (x86_64), Compiler: GCC 4.9.2, File-System: ext4, Screen Resolution: 1280x1024, System Layer: lxc</Software>
    <User>root</User>
    <TimeStamp>2017-04-26 01:57:13</TimeStamp>
    <TestClientVersion></TestClientVersion>
    <Notes></Notes>
    <JSON>{"compiler-configuration":"--build=x86_64-linux-gnu --disable-browser-plugin --disable-vtable-verify --enable-checking=release --enable-clocale=gnu --enable-gnu-unique-object --enable-gtk-cairo --enable-java-awt=gtk --enable-java-home --enable-languages=c,c++,java,go,d,fortran,objc,obj-c++ --enable-libstdcxx-debug --enable-libstdcxx-time=yes --enable-multiarch --enable-multilib --enable-nls --enable-objc-gc --enable-plugin --enable-shared --enable-threads=posix --host=x86_64-linux-gnu --target=x86_64-linux-gnu --with-abi=m64 --with-arch-32=i586 --with-arch-directory=amd64 --with-multilib-list=m32,m64,mx32 --with-tune=generic -v"}</JSON>
  </System>
  <System>
    <Identifier>debLXC102: 2017-04-26</Identifier>
    <Hardware>Processor: 2 x Intel Xeon L5630 @ 2.13GHz (16 Cores), Motherboard: Dell 0MD99X, Memory: 242688MB, Disk: 3999GB Virtual Disk, Graphics: mgadrmfb</Hardware>
    <Software>OS: Debian GNU/Linux 8, Kernel: 3.16.0-4-amd64 (x86_64), Compiler: GCC 4.9.2, File-System: ext4, Screen Resolution: 1280x1024, System Layer: lxc</Software>
    <User>root</User>
    <TimeStamp>2017-04-26 01:57:33</TimeStamp>
    <TestClientVersion></TestClientVersion>
    <Notes></Notes>
    <JSON>{"compiler-configuration":"--build=x86_64-linux-gnu --disable-browser-plugin --disable-vtable-verify --enable-checking=release --enable-clocale=gnu --enable-gnu-unique-object --enable-gtk-cairo --enable-java-awt=gtk --enable-java-home --enable-languages=c,c++,java,go,d,fortran,objc,obj-c++ --enable-libstdcxx-debug --enable-libstdcxx-time=yes --enable-multiarch --enable-multilib --enable-nls --enable-objc-gc --enable-plugin --enable-shared --enable-threads=posix --host=x86_64-linux-gnu --target=x86_64-linux-gnu --with-abi=m64 --with-arch-32=i586 --with-arch-directory=amd64 --with-multilib-list=m32,m64,mx32 --with-tune=generic -v"}</JSON>
  </System>
  <System>
    <Identifier>debLXC119: 2017-04-26</Identifier>
    <Hardware>Processor: 2 x Intel Xeon L5630 @ 2.13GHz (16 Cores), Motherboard: Dell 0MD99X, Memory: 242688MB, Disk: 3999GB Virtual Disk, Graphics: mgadrmfb</Hardware>
    <Software>OS: Debian GNU/Linux 8, Kernel: 3.16.0-4-amd64 (x86_64), Compiler: GCC 4.9.2, File-System: ext4, Screen Resolution: 1280x1024, System Layer: lxc</Software>
    <User>root</User>
    <TimeStamp>2017-04-26 02:11:34</TimeStamp>
    <TestClientVersion></TestClientVersion>
    <Notes></Notes>
    <JSON>{"compiler-configuration":"--build=x86_64-linux-gnu --disable-browser-plugin --disable-vtable-verify --enable-checking=release --enable-clocale=gnu --enable-gnu-unique-object --enable-gtk-cairo --enable-java-awt=gtk --enable-java-home --enable-languages=c,c++,java,go,d,fortran,objc,obj-c++ --enable-libstdcxx-debug --enable-libstdcxx-time=yes --enable-multiarch --enable-multilib --enable-nls --enable-objc-gc --enable-plugin --enable-shared --enable-threads=posix --host=x86_64-linux-gnu --target=x86_64-linux-gnu --with-abi=m64 --with-arch-32=i586 --with-arch-directory=amd64 --with-multilib-list=m32,m64,mx32 --with-tune=generic -v"}</JSON>
  </System>
  <System>
    <Identifier>debLXC116: 2017-04-26</Identifier>
    <Hardware>Processor: 2 x Intel Xeon L5630 @ 2.13GHz (16 Cores), Motherboard: Dell 0MD99X, Memory: 242688MB, Disk: 3999GB Virtual Disk, Graphics: mgadrmfb</Hardware>
    <Software>OS: Debian GNU/Linux 8, Kernel: 3.16.0-4-amd64 (x86_64), Compiler: GCC 4.9.2, File-System: ext4, Screen Resolution: 1280x1024, System Layer: lxc</Software>
    <User>root</User>
    <TimeStamp>2017-04-26 02:09:17</TimeStamp>
    <TestClientVersion></TestClientVersion>
    <Notes></Notes>
    <JSON>{"compiler-configuration":"--build=x86_64-linux-gnu --disable-browser-plugin --disable-vtable-verify --enable-checking=release --enable-clocale=gnu --enable-gnu-unique-object --enable-gtk-cairo --enable-java-awt=gtk --enable-java-home --enable-languages=c,c++,java,go,d,fortran,objc,obj-c++ --enable-libstdcxx-debug --enable-libstdcxx-time=yes --enable-multiarch --enable-multilib --enable-nls --enable-objc-gc --enable-plugin --enable-shared --enable-threads=posix --host=x86_64-linux-gnu --target=x86_64-linux-gnu --with-abi=m64 --with-arch-32=i586 --with-arch-directory=amd64 --with-multilib-list=m32,m64,mx32 --with-tune=generic -v"}</JSON>
  </System>
  <System>
    <Identifier>debLXC104: 2017-04-26</Identifier>
    <Hardware>Processor: 2 x Intel Xeon L5630 @ 2.13GHz (16 Cores), Motherboard: Dell 0MD99X, Memory: 242688MB, Disk: 3999GB Virtual Disk, Graphics: mgadrmfb</Hardware>
    <Software>OS: Debian GNU/Linux 8, Kernel: 3.16.0-4-amd64 (x86_64), Compiler: GCC 4.9.2, File-System: ext4, Screen Resolution: 1280x1024, System Layer: lxc</Software>
    <User>root</User>
    <TimeStamp>2017-04-26 02:06:48</TimeStamp>
    <TestClientVersion></TestClientVersion>
    <Notes></Notes>
    <JSON>{"compiler-configuration":"--build=x86_64-linux-gnu --disable-browser-plugin --disable-vtable-verify --enable-checking=release --enable-clocale=gnu --enable-gnu-unique-object --enable-gtk-cairo --enable-java-awt=gtk --enable-java-home --enable-languages=c,c++,java,go,d,fortran,objc,obj-c++ --enable-libstdcxx-debug --enable-libstdcxx-time=yes --enable-multiarch --enable-multilib --enable-nls --enable-objc-gc --enable-plugin --enable-shared --enable-threads=posix --host=x86_64-linux-gnu --target=x86_64-linux-gnu --with-abi=m64 --with-arch-32=i586 --with-arch-directory=amd64 --with-multilib-list=m32,m64,mx32 --with-tune=generic -v"}</JSON>
  </System>
  <System>
    <Identifier>debLXC120: 2017-04-26</Identifier>
    <Hardware>Processor: 2 x Intel Xeon L5630 @ 2.13GHz (16 Cores), Motherboard: Dell 0MD99X, Memory: 242688MB, Disk: 3999GB Virtual Disk, Graphics: mgadrmfb</Hardware>
    <Software>OS: Debian GNU/Linux 8, Kernel: 3.16.0-4-amd64 (x86_64), Compiler: GCC 4.9.2, File-System: ext4, Screen Resolution: 1280x1024, System Layer: lxc</Software>
    <User>root</User>
    <TimeStamp>2017-04-26 02:11:01</TimeStamp>
    <TestClientVersion></TestClientVersion>
    <Notes></Notes>
    <JSON>{"compiler-configuration":"--build=x86_64-linux-gnu --disable-browser-plugin --disable-vtable-verify --enable-checking=release --enable-clocale=gnu --enable-gnu-unique-object --enable-gtk-cairo --enable-java-awt=gtk --enable-java-home --enable-languages=c,c++,java,go,d,fortran,objc,obj-c++ --enable-libstdcxx-debug --enable-libstdcxx-time=yes --enable-multiarch --enable-multilib --enable-nls --enable-objc-gc --enable-plugin --enable-shared --enable-threads=posix --host=x86_64-linux-gnu --target=x86_64-linux-gnu --with-abi=m64 --with-arch-32=i586 --with-arch-directory=amd64 --with-multilib-list=m32,m64,mx32 --with-tune=generic -v"}</JSON>
  </System>
  <System>
    <Identifier>debLXC111: 2017-04-26</Identifier>
    <Hardware>Processor: 2 x Intel Xeon L5630 @ 2.13GHz (16 Cores), Motherboard: Dell 0MD99X, Memory: 242688MB, Disk: 3999GB Virtual Disk, Graphics: mgadrmfb</Hardware>
    <Software>OS: Debian GNU/Linux 8, Kernel: 3.16.0-4-amd64 (x86_64), Compiler: GCC 4.9.2, File-System: ext4, Screen Resolution: 1280x1024, System Layer: lxc</Software>
    <User>root</User>
    <TimeStamp>2017-04-26 02:08:26</TimeStamp>
    <TestClientVersion></TestClientVersion>
    <Notes></Notes>
    <JSON>{"compiler-configuration":"--build=x86_64-linux-gnu --disable-browser-plugin --disable-vtable-verify --enable-checking=release --enable-clocale=gnu --enable-gnu-unique-object --enable-gtk-cairo --enable-java-awt=gtk --enable-java-home --enable-languages=c,c++,java,go,d,fortran,objc,obj-c++ --enable-libstdcxx-debug --enable-libstdcxx-time=yes --enable-multiarch --enable-multilib --enable-nls --enable-objc-gc --enable-plugin --enable-shared --enable-threads=posix --host=x86_64-linux-gnu --target=x86_64-linux-gnu --with-abi=m64 --with-arch-32=i586 --with-arch-directory=amd64 --with-multilib-list=m32,m64,mx32 --with-tune=generic -v"}</JSON>
  </System>
  <System>
    <Identifier>debLXC107: 2017-04-26</Identifier>
    <Hardware>Processor: 2 x Intel Xeon L5630 @ 2.13GHz (16 Cores), Motherboard: Dell 0MD99X, Memory: 242688MB, Disk: 3999GB Virtual Disk, Graphics: mgadrmfb</Hardware>
    <Software>OS: Debian GNU/Linux 8, Kernel: 3.16.0-4-amd64 (x86_64), Compiler: GCC 4.9.2, File-System: ext4, Screen Resolution: 1280x1024, System Layer: lxc</Software>
    <User>root</User>
    <TimeStamp>2017-04-26 02:05:00</TimeStamp>
    <TestClientVersion></TestClientVersion>
    <Notes></Notes>
    <JSON>{"compiler-configuration":"--build=x86_64-linux-gnu --disable-browser-plugin --disable-vtable-verify --enable-checking=release --enable-clocale=gnu --enable-gnu-unique-object --enable-gtk-cairo --enable-java-awt=gtk --enable-java-home --enable-languages=c,c++,java,go,d,fortran,objc,obj-c++ --enable-libstdcxx-debug --enable-libstdcxx-time=yes --enable-multiarch --enable-multilib --enable-nls --enable-objc-gc --enable-plugin --enable-shared --enable-threads=posix --host=x86_64-linux-gnu --target=x86_64-linux-gnu --with-abi=m64 --with-arch-32=i586 --with-arch-directory=amd64 --with-multilib-list=m32,m64,mx32 --with-tune=generic -v"}</JSON>
  </System>
  <System>
    <Identifier>debLXC105: 2017-04-26</Identifier>
    <Hardware>Processor: 2 x Intel Xeon L5630 @ 2.13GHz (16 Cores), Motherboard: Dell 0MD99X, Memory: 242688MB, Disk: 3999GB Virtual Disk, Graphics: mgadrmfb</Hardware>
    <Software>OS: Debian GNU/Linux 8, Kernel: 3.16.0-4-amd64 (x86_64), Compiler: GCC 4.9.2, File-System: ext4, Screen Resolution: 1280x1024, System Layer: lxc</Software>
    <User>root</User>
    <TimeStamp>2017-04-26 01:59:04</TimeStamp>
    <TestClientVersion></TestClientVersion>
    <Notes></Notes>
    <JSON>{"compiler-configuration":"--build=x86_64-linux-gnu --disable-browser-plugin --disable-vtable-verify --enable-checking=release --enable-clocale=gnu --enable-gnu-unique-object --enable-gtk-cairo --enable-java-awt=gtk --enable-java-home --enable-languages=c,c++,java,go,d,fortran,objc,obj-c++ --enable-libstdcxx-debug --enable-libstdcxx-time=yes --enable-multiarch --enable-multilib --enable-nls --enable-objc-gc --enable-plugin --enable-shared --enable-threads=posix --host=x86_64-linux-gnu --target=x86_64-linux-gnu --with-abi=m64 --with-arch-32=i586 --with-arch-directory=amd64 --with-multilib-list=m32,m64,mx32 --with-tune=generic -v"}</JSON>
  </System>
  <System>
    <Identifier>debLXC112: 2017-04-26</Identifier>
    <Hardware>Processor: 2 x Intel Xeon L5630 @ 2.13GHz (16 Cores), Motherboard: Dell 0MD99X, Memory: 242688MB, Disk: 3999GB Virtual Disk, Graphics: mgadrmfb</Hardware>
    <Software>OS: Debian GNU/Linux 8, Kernel: 3.16.0-4-amd64 (x86_64), Compiler: GCC 4.9.2, File-System: ext4, Screen Resolution: 1280x1024, System Layer: lxc</Software>
    <User>root</User>
    <TimeStamp>2017-04-26 02:12:15</TimeStamp>
    <TestClientVersion></TestClientVersion>
    <Notes></Notes>
    <JSON>{"compiler-configuration":"--build=x86_64-linux-gnu --disable-browser-plugin --disable-vtable-verify --enable-checking=release --enable-clocale=gnu --enable-gnu-unique-object --enable-gtk-cairo --enable-java-awt=gtk --enable-java-home --enable-languages=c,c++,java,go,d,fortran,objc,obj-c++ --enable-libstdcxx-debug --enable-libstdcxx-time=yes --enable-multiarch --enable-multilib --enable-nls --enable-objc-gc --enable-plugin --enable-shared --enable-threads=posix --host=x86_64-linux-gnu --target=x86_64-linux-gnu --with-abi=m64 --with-arch-32=i586 --with-arch-directory=amd64 --with-multilib-list=m32,m64,mx32 --with-tune=generic -v"}</JSON>
  </System>
  <System>
    <Identifier>debLXC103: 2017-04-26</Identifier>
    <Hardware>Processor: 2 x Intel Xeon L5630 @ 2.13GHz (16 Cores), Motherboard: Dell 0MD99X, Memory: 242688MB, Disk: 3999GB Virtual Disk, Graphics: mgadrmfb</Hardware>
    <Software>OS: Debian GNU/Linux 8, Kernel: 3.16.0-4-amd64 (x86_64), Compiler: GCC 4.9.2, File-System: ext4, Screen Resolution: 1280x1024, System Layer: lxc</Software>
    <User>root</User>
    <TimeStamp>2017-04-26 02:10:02</TimeStamp>
    <TestClientVersion></TestClientVersion>
    <Notes></Notes>
    <JSON>{"compiler-configuration":"--build=x86_64-linux-gnu --disable-browser-plugin --disable-vtable-verify --enable-checking=release --enable-clocale=gnu --enable-gnu-unique-object --enable-gtk-cairo --enable-java-awt=gtk --enable-java-home --enable-languages=c,c++,java,go,d,fortran,objc,obj-c++ --enable-libstdcxx-debug --enable-libstdcxx-time=yes --enable-multiarch --enable-multilib --enable-nls --enable-objc-gc --enable-plugin --enable-shared --enable-threads=posix --host=x86_64-linux-gnu --target=x86_64-linux-gnu --with-abi=m64 --with-arch-32=i586 --with-arch-directory=amd64 --with-multilib-list=m32,m64,mx32 --with-tune=generic -v"}</JSON>
  </System>
  <System>
    <Identifier>debLXC114: 2017-04-26</Identifier>
    <Hardware>Processor: 2 x Intel Xeon L5630 @ 2.13GHz (16 Cores), Motherboard: Dell 0MD99X, Memory: 242688MB, Disk: 3999GB Virtual Disk, Graphics: mgadrmfb</Hardware>
    <Software>OS: Debian GNU/Linux 8, Kernel: 3.16.0-4-amd64 (x86_64), Compiler: GCC 4.9.2, File-System: ext4, Screen Resolution: 1280x1024, System Layer: lxc</Software>
    <User>root</User>
    <TimeStamp>2017-04-26 02:14:09</TimeStamp>
    <TestClientVersion></TestClientVersion>
    <Notes></Notes>
    <JSON>{"compiler-configuration":"--build=x86_64-linux-gnu --disable-browser-plugin --disable-vtable-verify --enable-checking=release --enable-clocale=gnu --enable-gnu-unique-object --enable-gtk-cairo --enable-java-awt=gtk --enable-java-home --enable-languages=c,c++,java,go,d,fortran,objc,obj-c++ --enable-libstdcxx-debug --enable-libstdcxx-time=yes --enable-multiarch --enable-multilib --enable-nls --enable-objc-gc --enable-plugin --enable-shared --enable-threads=posix --host=x86_64-linux-gnu --target=x86_64-linux-gnu --with-abi=m64 --with-arch-32=i586 --with-arch-directory=amd64 --with-multilib-list=m32,m64,mx32 --with-tune=generic -v"}</JSON>
  </System>
  <System>
    <Identifier>debLXC113: 2017-04-26</Identifier>
    <Hardware>Processor: 2 x Intel Xeon L5630 @ 2.13GHz (16 Cores), Motherboard: Dell 0MD99X, Memory: 242688MB, Disk: 3999GB Virtual Disk, Graphics: mgadrmfb</Hardware>
    <Software>OS: Debian GNU/Linux 8, Kernel: 3.16.0-4-amd64 (x86_64), Compiler: GCC 4.9.2, File-System: ext4, Screen Resolution: 1280x1024, System Layer: lxc</Software>
    <User>root</User>
    <TimeStamp>2017-04-26 02:50:51</TimeStamp>
    <TestClientVersion></TestClientVersion>
    <Notes></Notes>
    <JSON>{"compiler-configuration":"--build=x86_64-linux-gnu --disable-browser-plugin --disable-vtable-verify --enable-checking=release --enable-clocale=gnu --enable-gnu-unique-object --enable-gtk-cairo --enable-java-awt=gtk --enable-java-home --enable-languages=c,c++,java,go,d,fortran,objc,obj-c++ --enable-libstdcxx-debug --enable-libstdcxx-time=yes --enable-multiarch --enable-multilib --enable-nls --enable-objc-gc --enable-plugin --enable-shared --enable-threads=posix --host=x86_64-linux-gnu --target=x86_64-linux-gnu --with-abi=m64 --with-arch-32=i586 --with-arch-directory=amd64 --with-multilib-list=m32,m64,mx32 --with-tune=generic -v"}</JSON>
  </System>
  <System>
    <Identifier>debLXC109: 2017-04-26</Identifier>
    <Hardware>Processor: 2 x Intel Xeon L5630 @ 2.13GHz (16 Cores), Motherboard: Dell 0MD99X, Memory: 242688MB, Disk: 3999GB Virtual Disk, Graphics: mgadrmfb</Hardware>
    <Software>OS: Debian GNU/Linux 8, Kernel: 3.16.0-4-amd64 (x86_64), Compiler: GCC 4.9.2, File-System: ext4, Screen Resolution: 1280x1024, System Layer: lxc</Software>
    <User>root</User>
    <TimeStamp>2017-04-26 01:41:14</TimeStamp>
    <TestClientVersion></TestClientVersion>
    <Notes></Notes>
    <JSON>{"compiler-configuration":"--build=x86_64-linux-gnu --disable-browser-plugin --disable-vtable-verify --enable-checking=release --enable-clocale=gnu --enable-gnu-unique-object --enable-gtk-cairo --enable-java-awt=gtk --enable-java-home --enable-languages=c,c++,java,go,d,fortran,objc,obj-c++ --enable-libstdcxx-debug --enable-libstdcxx-time=yes --enable-multiarch --enable-multilib --enable-nls --enable-objc-gc --enable-plugin --enable-shared --enable-threads=posix --host=x86_64-linux-gnu --target=x86_64-linux-gnu --with-abi=m64 --with-arch-32=i586 --with-arch-directory=amd64 --with-multilib-list=m32,m64,mx32 --with-tune=generic -v"}</JSON>
  </System>
  <Result>
    <Identifier>pts/ramspeed-1.4.0</Identifier>
    <Title>RAMspeed SMP</Title>
    <AppVersion>3.5.0</AppVersion>
    <Arguments>COPY -b 3</Arguments>
    <Description>Type: Copy - Benchmark: Integer</Description>
    <Scale>MB/s</Scale>
    <Proportion>HIB</Proportion>
    <DisplayFormat>BAR_GRAPH</DisplayFormat>
    <Data>
      <Entry>
        <Identifier>debLXC115: 2017-04-26</Identifier>
        <Value>1939.20</Value>
        <RawString></RawString>
        <JSON>{"compiler-options":{"compiler-type":"CC","compiler":"gcc","compiler-options":""}}</JSON>
      </Entry>
      <Entry>
        <Identifier>debLXC118: 2017-04-26</Identifier>
        <Value>1714.71</Value>
        <RawString></RawString>
        <JSON>{"compiler-options":{"compiler-type":"CC","compiler":"gcc","compiler-options":""}}</JSON>
      </Entry>
      <Entry>
        <Identifier>debLXC108: 2017-04-26</Identifier>
        <Value>469.21</Value>
        <RawString></RawString>
        <JSON>{"compiler-options":{"compiler-type":"CC","compiler":"gcc","compiler-options":""}}</JSON>
      </Entry>
      <Entry>
        <Identifier>debLXC117: 2017-04-26</Identifier>
        <Value>771.33</Value>
        <RawString></RawString>
        <JSON>{"compiler-options":{"compiler-type":"CC","compiler":"gcc","compiler-options":""}}</JSON>
      </Entry>
      <Entry>
        <Identifier>debLXC106: 2017-04-26</Identifier>
        <Value>546.13</Value>
        <RawString></RawString>
        <JSON>{"compiler-options":{"compiler-type":"CC","compiler":"gcc","compiler-options":""}}</JSON>
      </Entry>
      <Entry>
        <Identifier>debLXC101: 2017-04-26</Identifier>
        <Value>296.72</Value>
        <RawString></RawString>
        <JSON>{"compiler-options":{"compiler-type":"CC","compiler":"gcc","compiler-options":""}}</JSON>
      </Entry>
      <Entry>
        <Identifier>debLXC110: 2017-04-26</Identifier>
        <Value>74.67</Value>
        <RawString></RawString>
        <JSON>{"compiler-options":{"compiler-type":"CC","compiler":"gcc","compiler-options":""}}</JSON>
      </Entry>
      <Entry>
        <Identifier>debLXC102: 2017-04-26</Identifier>
        <Value>75.01</Value>
        <RawString></RawString>
        <JSON>{"compiler-options":{"compiler-type":"CC","compiler":"gcc","compiler-options":""}}</JSON>
      </Entry>
      <Entry>
        <Identifier>debLXC119: 2017-04-26</Identifier>
        <Value>222.90</Value>
        <RawString></RawString>
        <JSON>{"compiler-options":{"compiler-type":"CC","compiler":"gcc","compiler-options":""}}</JSON>
      </Entry>
      <Entry>
        <Identifier>debLXC116: 2017-04-26</Identifier>
        <Value>224.80</Value>
        <RawString></RawString>
        <JSON>{"compiler-options":{"compiler-type":"CC","compiler":"gcc","compiler-options":""}}</JSON>
      </Entry>
      <Entry>
        <Identifier>debLXC104: 2017-04-26</Identifier>
        <Value>120.16</Value>
        <RawString></RawString>
        <JSON>{"compiler-options":{"compiler-type":"CC","compiler":"gcc","compiler-options":""}}</JSON>
      </Entry>
      <Entry>
        <Identifier>debLXC120: 2017-04-26</Identifier>
        <Value>209.42</Value>
        <RawString></RawString>
        <JSON>{"compiler-options":{"compiler-type":"CC","compiler":"gcc","compiler-options":""}}</JSON>
      </Entry>
      <Entry>
        <Identifier>debLXC111: 2017-04-26</Identifier>
        <Value>274.35</Value>
        <RawString></RawString>
        <JSON>{"compiler-options":{"compiler-type":"CC","compiler":"gcc","compiler-options":""}}</JSON>
      </Entry>
      <Entry>
        <Identifier>debLXC107: 2017-04-26</Identifier>
        <Value>184.26</Value>
        <RawString></RawString>
        <JSON>{"compiler-options":{"compiler-type":"CC","compiler":"gcc","compiler-options":""}}</JSON>
      </Entry>
      <Entry>
        <Identifier>debLXC105: 2017-04-26</Identifier>
        <Value>81.07</Value>
        <RawString></RawString>
        <JSON>{"compiler-options":{"compiler-type":"CC","compiler":"gcc","compiler-options":""}}</JSON>
      </Entry>
      <Entry>
        <Identifier>debLXC112: 2017-04-26</Identifier>
        <Value>300.29</Value>
        <RawString></RawString>
        <JSON>{"compiler-options":{"compiler-type":"CC","compiler":"gcc","compiler-options":""}}</JSON>
      </Entry>
      <Entry>
        <Identifier>debLXC103: 2017-04-26</Identifier>
        <Value>180.03</Value>
        <RawString></RawString>
        <JSON>{"compiler-options":{"compiler-type":"CC","compiler":"gcc","compiler-options":""}}</JSON>
      </Entry>
      <Entry>
        <Identifier>debLXC114: 2017-04-26</Identifier>
        <Value>294.36</Value>
        <RawString></RawString>
        <JSON>{"compiler-options":{"compiler-type":"CC","compiler":"gcc","compiler-options":""}}</JSON>
      </Entry>
      <Entry>
        <Identifier>debLXC113: 2017-04-26</Identifier>
        <Value>11494.43</Value>
        <RawString></RawString>
        <JSON>{"compiler-options":{"compiler-type":"CC","compiler":"gcc","compiler-options":""}}</JSON>
      </Entry>
      <Entry>
        <Identifier>debLXC109: 2017-04-26</Identifier>
        <Value>2656.21</Value>
        <RawString></RawString>
        <JSON>{"compiler-options":{"compiler-type":"CC","compiler":"gcc","compiler-options":""}}</JSON>
      </Entry>
    </Data>
  </Result>
  <Result>
    <Identifier>pts/stream-1.2.0</Identifier>
    <Title>Stream</Title>
    <AppVersion>2013-01-17</AppVersion>
    <Arguments>Copy</Arguments>
    <Description>Type: Copy</Description>
    <Scale>MB/s</Scale>
    <Proportion>HIB</Proportion>
    <DisplayFormat>BAR_GRAPH</DisplayFormat>
    <Data>
      <Entry>
        <Identifier>debLXC115: 2017-04-26</Identifier>
        <Value>73.70</Value>
        <RawString>1323.5:1078.5:1818:1481.5:1072:1371.8:1124.4:1114.2:1039.3:793.6:755.9:729.1:701.8:684.1:840.4:609.9:683.9:870.3:722:659.8</RawString>
        <JSON>{"compiler-options":{"compiler-type":"CC","compiler":"gcc","compiler-options":"-O3 -march=native -fopenmp"}}</JSON>
      </Entry>
      <Entry>
        <Identifier>debLXC118: 2017-04-26</Identifier>
        <Value>23.92</Value>
        <RawString>827.2:827.2:668.3:646.9:750.6:714.4:646.3:694.9:642.7:750.3:691.6:716.2:848.4:680.3:598.3:737:677.6:627:1093.5:639.6</RawString>
        <JSON>{"compiler-options":{"compiler-type":"CC","compiler":"gcc","compiler-options":"-O3 -march=native -fopenmp"}}</JSON>
      </Entry>
      <Entry>
        <Identifier>debLXC108: 2017-04-26</Identifier>
        <Value>55.42</Value>
        <RawString>807.1:567.1:987.4:613.7:659.8:861.2:612.7:631.5:866.1:859.9:653.6:934.4:631.6:638.8:942.2:725.4:721.5:730.6:697.1:966.7</RawString>
        <JSON>{"compiler-options":{"compiler-type":"CC","compiler":"gcc","compiler-options":"-O3 -march=native -fopenmp"}}</JSON>
      </Entry>
      <Entry>
        <Identifier>debLXC117: 2017-04-26</Identifier>
        <Value>83.62</Value>
        <RawString>675.9:731.6:522.5:641.9:620.7:671.9:707.3:653.2:802.8:653.3:571:626.5:713.9:780.7:770.5:676.8:646.8:734.6:732.4:738</RawString>
        <JSON>{"compiler-options":{"compiler-type":"CC","compiler":"gcc","compiler-options":"-O3 -march=native -fopenmp"}}</JSON>
      </Entry>
      <Entry>
        <Identifier>debLXC106: 2017-04-26</Identifier>
        <Value>87.83</Value>
        <RawString>660.9:661.1:664.1:966.2:734.1:747.9:888.9:916.8:830.4:800.3:740.9:717:708:805.3:764.2:930.3:684.6:759.4:935.1:841</RawString>
        <JSON>{"compiler-options":{"compiler-type":"CC","compiler":"gcc","compiler-options":"-O3 -march=native -fopenmp"}}</JSON>
      </Entry>
      <Entry>
        <Identifier>debLXC101: 2017-04-26</Identifier>
        <Value>38.53</Value>
        <RawString>953:1022:824:1099.1:655.8:827.2:701.8:757.5:815.9:991.1:733.8:675.9:819:697.8:828.7:855.6:895.8:908.5:640.5:1067.6</RawString>
        <JSON>{"compiler-options":{"compiler-type":"CC","compiler":"gcc","compiler-options":"-O3 -march=native -fopenmp"}}</JSON>
      </Entry>
      <Entry>
        <Identifier>debLXC110: 2017-04-26</Identifier>
        <Value>43.52</Value>
        <RawString>756.8:963.5:630.9:816.4:803.8:651.3:904.7:830.7:889:622.3:672.2:995.4:727.2:861.6:1176.1:1465.6:689.5:812:777.3:824.1</RawString>
        <JSON>{"compiler-options":{"compiler-type":"CC","compiler":"gcc","compiler-options":"-O3 -march=native -fopenmp"}}</JSON>
      </Entry>
      <Entry>
        <Identifier>debLXC102: 2017-04-26</Identifier>
        <Value>23.67</Value>
        <RawString>822.3:757.7:1026.5:706.3:899.2:960.5:954.2:930.3:1042.7:1079.4:801.4:977.9:921.8:927:808.8:1036.2:1136.3:980.7:778.2:925.9</RawString>
        <JSON>{"compiler-options":{"compiler-type":"CC","compiler":"gcc","compiler-options":"-O3 -march=native -fopenmp"}}</JSON>
      </Entry>
      <Entry>
        <Identifier>debLXC119: 2017-04-26</Identifier>
        <Value>566.99</Value>
        <RawString>1110.8:1255.5:866.8:1096.9:1507.8:1537:2148.3:1298.4:1704:1646.5:1585:1755.2:1433.2:1837:1722.3:1804.9:1918.3:2522.4:1395.8:1193.6</RawString>
        <JSON>{"compiler-options":{"compiler-type":"CC","compiler":"gcc","compiler-options":"-O3 -march=native -fopenmp"}}</JSON>
      </Entry>
      <Entry>
        <Identifier>debLXC116: 2017-04-26</Identifier>
        <Value>432.15</Value>
        <RawString>1126.2:993.9:1739.2:1100.6:1069.3:963.5:986:1042.5:1720.6:1221.4:1538.1:1485.7:1750.6:1645.3:1483.6:1543.8:1926.8:1365.8:1903.7:2036.4</RawString>
        <JSON>{"compiler-options":{"compiler-type":"CC","compiler":"gcc","compiler-options":"-O3 -march=native -fopenmp"}}</JSON>
      </Entry>
      <Entry>
        <Identifier>debLXC104: 2017-04-26</Identifier>
        <Value>398.49</Value>
        <RawString>1278.9:1004.8:974:1041.5:1232.2:1479.9:1188.8:822.9:1130.1:1140.8:1213.7:1643.7:1833.9:2546.7:1937.3:1316.3:1540.7:1495.1:1557.6:1590.9</RawString>
        <JSON>{"compiler-options":{"compiler-type":"CC","compiler":"gcc","compiler-options":"-O3 -march=native -fopenmp"}}</JSON>
      </Entry>
      <Entry>
        <Identifier>debLXC120: 2017-04-26</Identifier>
        <Value>371.97</Value>
        <RawString>1004.2:1212.1:1144:1201.2:1193.1:1045.7:1170.8:1388.3:1137.1:1100.7:1549.6:1053.1:1055.3:1713.8:1959.6:1579.3:2153.2:1598.9:1865.3:1314.1</RawString>
        <JSON>{"compiler-options":{"compiler-type":"CC","compiler":"gcc","compiler-options":"-O3 -march=native -fopenmp"}}</JSON>
      </Entry>
      <Entry>
        <Identifier>debLXC111: 2017-04-26</Identifier>
        <Value>386.01</Value>
        <RawString>975.7:917.8:1567.5:978.6:1209.6:1276.1:1618.4:1766.8:1354:1394.2:1142:1090.5:1460.2:1473:1079.3:1904.8:1591.8:1477.8:1991.4:1450.7</RawString>
        <JSON>{"compiler-options":{"compiler-type":"CC","compiler":"gcc","compiler-options":"-O3 -march=native -fopenmp"}}</JSON>
      </Entry>
      <Entry>
        <Identifier>debLXC107: 2017-04-26</Identifier>
        <Value>54.86</Value>
        <RawString>1015.5:1351.3:1032.8:952:1106.6:828.1:821.1:963.6:748.1:888.8:963:984.4:1066.5:1002.9:915.8:760:1009.5:791.6:772.4:1123.2</RawString>
        <JSON>{"compiler-options":{"compiler-type":"CC","compiler":"gcc","compiler-options":"-O3 -march=native -fopenmp"}}</JSON>
      </Entry>
      <Entry>
        <Identifier>debLXC105: 2017-04-26</Identifier>
        <Value>21.11</Value>
        <RawString>779.6:764.6:806.7:841.6:783.4:900.5:816.4:872.4:810.6:1102.1:863.1:1148.3:866.5:1035.1:918.8:1289.2:1048.5:900.9:720.5:1153.4</RawString>
        <JSON>{"compiler-options":{"compiler-type":"CC","compiler":"gcc","compiler-options":"-O3 -march=native -fopenmp"}}</JSON>
      </Entry>
      <Entry>
        <Identifier>debLXC112: 2017-04-26</Identifier>
        <Value>816.72</Value>
        <RawString>1339.3:1817.3:1627.5:2063.3:1491.1:1489.5:1959.2:1824.7:1568.2:2408.6:2216:1378.2:2398.9:1753.8:1657.3:1741.2:1678.5:1989:2170.3:1762.4</RawString>
        <JSON>{"compiler-options":{"compiler-type":"CC","compiler":"gcc","compiler-options":"-O3 -march=native -fopenmp"}}</JSON>
      </Entry>
      <Entry>
        <Identifier>debLXC103: 2017-04-26</Identifier>
        <Value>923.92</Value>
        <RawString>1557.6:2166:1878.1:1691.2:1621:1706.6:1365.1:2118.8:2061.7:1493.3:1859.4:2526.1:1978.6:2359:2305.5:1556.6:1388.7:2399.6:2425.9:2019.6</RawString>
        <JSON>{"compiler-options":{"compiler-type":"CC","compiler":"gcc","compiler-options":"-O3 -march=native -fopenmp"}}</JSON>
      </Entry>
      <Entry>
        <Identifier>debLXC114: 2017-04-26</Identifier>
        <Value>906.96</Value>
        <RawString>1987.1:1867.6:2192.3:1907.4:1593.4:1875.9:2573.2:1885.5:1514.4:1933.5:1589.2:2028.8:1735.1:1934:1873.5:2355.1:2000.2:1922.9:1603.4:1766.6</RawString>
        <JSON>{"compiler-options":{"compiler-type":"CC","compiler":"gcc","compiler-options":"-O3 -march=native -fopenmp"}}</JSON>
      </Entry>
      <Entry>
        <Identifier>debLXC113: 2017-04-26</Identifier>
        <Value>10750.23</Value>
        <RawString>11842.3:11808.1:13612.3:11816:12125.8:11810.8:11836.8:11805.4:10553.5:10134.2:11991.2:12121.2:11844.8:11783:11778.7:11171.6:11828.9:11857.3:11478.7:11803.9</RawString>
        <JSON>{"compiler-options":{"compiler-type":"CC","compiler":"gcc","compiler-options":"-O3 -march=native -fopenmp"}}</JSON>
      </Entry>
      <Entry>
        <Identifier>debLXC109: 2017-04-26</Identifier>
        <Value>724.59</Value>
        <RawString>1290.1:1748.2:1636:1865.5:2055.9:1318.7:2063.9:1732.5:1505.9:1936.3:1804.2:1333.4:1904.8:1844.8:1655.8:1852.2:1562.8:1848.4:1561.3:1971</RawString>
        <JSON>{"compiler-options":{"compiler-type":"CC","compiler":"gcc","compiler-options":"-O3 -march=native -fopenmp"}}</JSON>
      </Entry>
    </Data>
  </Result>
  <Result>
    <Identifier>pts/t-test1-1.0.0</Identifier>
    <Title>t-test1</Title>
    <AppVersion>2017-01-13</AppVersion>
    <Arguments>1</Arguments>
    <Description>Threads: 1</Description>
    <Scale>Seconds</Scale>
    <Proportion>LIB</Proportion>
    <DisplayFormat>BAR_GRAPH</DisplayFormat>
    <Data>
      <Entry>
        <Identifier>debLXC115: 2017-04-26</Identifier>
        <Value>239.41</Value>
        <RawString>245.58137607574:266.2327568531:246.18853497505:234.10870194435:232.86229395866:211.46898412704</RawString>
        <JSON>{"compiler-options":{"compiler-type":"CC","compiler":"gcc","compiler-options":"-pthread"}}</JSON>
      </Entry>
      <Entry>
        <Identifier>debLXC118: 2017-04-26</Identifier>
        <Value>229.24</Value>
        <RawString>269.80396008492:247.00577092171:234.88753008842:235.7647819519:209.96677517891:178.01200485229</RawString>
        <JSON>{"compiler-options":{"compiler-type":"CC","compiler":"gcc","compiler-options":"-pthread"}}</JSON>
      </Entry>
      <Entry>
        <Identifier>debLXC108: 2017-04-26</Identifier>
        <Value>176.99</Value>
        <RawString>235.9132900238:227.08227801323:204.94911599159:155.38323116302:126.42664194107:112.20336198807</RawString>
        <JSON>{"compiler-options":{"compiler-type":"CC","compiler":"gcc","compiler-options":"-pthread"}}</JSON>
      </Entry>
      <Entry>
        <Identifier>debLXC117: 2017-04-26</Identifier>
        <Value>175.89</Value>
        <RawString>234.74328804016:223.45140600204:205.62792611122:153.58623504639:124.86495685577:113.07922005653</RawString>
        <JSON>{"compiler-options":{"compiler-type":"CC","compiler":"gcc","compiler-options":"-pthread"}}</JSON>
      </Entry>
      <Entry>
        <Identifier>debLXC106: 2017-04-26</Identifier>
        <Value>163.00</Value>
        <RawString>237.62906002998:210.77921199799:170.00453186035:130.61764502525:112.69640493393:116.27225208282</RawString>
        <JSON>{"compiler-options":{"compiler-type":"CC","compiler":"gcc","compiler-options":"-pthread"}}</JSON>
      </Entry>
      <Entry>
        <Identifier>debLXC101: 2017-04-26</Identifier>
        <Value>159.02</Value>
        <RawString>231.04333615303:209.40279793739:161.09317612648:128.20244693756:112.77864599228:111.60216093063</RawString>
        <JSON>{"compiler-options":{"compiler-type":"CC","compiler":"gcc","compiler-options":"-pthread"}}</JSON>
      </Entry>
      <Entry>
        <Identifier>debLXC110: 2017-04-26</Identifier>
        <Value>138.32</Value>
        <RawString>210.3794939518:158.77344489098:128.80371594429:113.43475914001:113.34420704842:105.17367601395</RawString>
        <JSON>{"compiler-options":{"compiler-type":"CC","compiler":"gcc","compiler-options":"-pthread"}}</JSON>
      </Entry>
      <Entry>
        <Identifier>debLXC102: 2017-04-26</Identifier>
        <Value>121.32</Value>
        <RawString>171.12898302078:129.19987487793:114.07057785988:113.50793504715:107.18254113197:92.809454917908</RawString>
        <JSON>{"compiler-options":{"compiler-type":"CC","compiler":"gcc","compiler-options":"-pthread"}}</JSON>
      </Entry>
      <Entry>
        <Identifier>debLXC119: 2017-04-26</Identifier>
        <Value>102.79</Value>
        <RawString>116.98591899872:117.44919204712:107.67540979385:94.692752838135:93.070734024048:86.846259117126</RawString>
        <JSON>{"compiler-options":{"compiler-type":"CC","compiler":"gcc","compiler-options":"-pthread"}}</JSON>
      </Entry>
      <Entry>
        <Identifier>debLXC116: 2017-04-26</Identifier>
        <Value>104.51</Value>
        <RawString>122.61892700195:113.48523879051:107.88664388657:95.351626157761:96.278283119202:91.448325157166</RawString>
        <JSON>{"compiler-options":{"compiler-type":"CC","compiler":"gcc","compiler-options":"-pthread"}}</JSON>
      </Entry>
      <Entry>
        <Identifier>debLXC104: 2017-04-26</Identifier>
        <Value>105.93</Value>
        <RawString>127.14496183395:113.77672982216:109.47348690033:96.655495882034:97.322475910187:91.214794158936</RawString>
        <JSON>{"compiler-options":{"compiler-type":"CC","compiler":"gcc","compiler-options":"-pthread"}}</JSON>
      </Entry>
      <Entry>
        <Identifier>debLXC120: 2017-04-26</Identifier>
        <Value>105.30</Value>
        <RawString>124.62407588959:112.8028678894:110.14413499832:96.803144931793:97.469269037247:89.950709819794</RawString>
        <JSON>{"compiler-options":{"compiler-type":"CC","compiler":"gcc","compiler-options":"-pthread"}}</JSON>
      </Entry>
      <Entry>
        <Identifier>debLXC111: 2017-04-26</Identifier>
        <Value>106.52</Value>
        <RawString>125.43091392517:113.73103499413:111.77390003204:104.69233703613:92.099526166916:91.412516117096</RawString>
        <JSON>{"compiler-options":{"compiler-type":"CC","compiler":"gcc","compiler-options":"-pthread"}}</JSON>
      </Entry>
      <Entry>
        <Identifier>debLXC107: 2017-04-26</Identifier>
        <Value>119.70</Value>
        <RawString>165.02817893028:127.37960791588:113.49169397354:113.3322968483:104.35036611557:94.618377923965</RawString>
        <JSON>{"compiler-options":{"compiler-type":"CC","compiler":"gcc","compiler-options":"-pthread"}}</JSON>
      </Entry>
      <Entry>
        <Identifier>debLXC105: 2017-04-26</Identifier>
        <Value>119.69</Value>
        <RawString>163.68517208099:128.18538093567:113.60693287849:114.46151399612:104.99915909767:93.1759121418</RawString>
        <JSON>{"compiler-options":{"compiler-type":"CC","compiler":"gcc","compiler-options":"-pthread"}}</JSON>
      </Entry>
      <Entry>
        <Identifier>debLXC112: 2017-04-26</Identifier>
        <Value>98.98</Value>
        <RawString>113.96392011642:113.26181507111:105.50632596016:92.937977790833:91.662935018539:76.549718141556</RawString>
        <JSON>{"compiler-options":{"compiler-type":"CC","compiler":"gcc","compiler-options":"-pthread"}}</JSON>
      </Entry>
      <Entry>
        <Identifier>debLXC103: 2017-04-26</Identifier>
        <Value>96.50</Value>
        <RawString>114.09400701523:112.2106859684:104.69338822365:93.111540079117:90.506361961365:64.358496904373</RawString>
        <JSON>{"compiler-options":{"compiler-type":"CC","compiler":"gcc","compiler-options":"-pthread"}}</JSON>
      </Entry>
      <Entry>
        <Identifier>debLXC114: 2017-04-26</Identifier>
        <Value>96.34</Value>
        <RawString>113.81024909019:111.60344219208:104.73716497421:92.835477113724:91.586760044098:63.49579000473</RawString>
        <JSON>{"compiler-options":{"compiler-type":"CC","compiler":"gcc","compiler-options":"-pthread"}}</JSON>
      </Entry>
      <Entry>
        <Identifier>debLXC113: 2017-04-26</Identifier>
        <Value>31.60</Value>
        <RawString>31.199458122253:32.290127038956:31.300062179565</RawString>
        <JSON>{"compiler-options":{"compiler-type":"CC","compiler":"gcc","compiler-options":"-pthread"}}</JSON>
      </Entry>
      <Entry>
        <Identifier>debLXC109: 2017-04-26</Identifier>
        <Value>131.66</Value>
        <RawString>97.945567846298:96.602806806564:114.81175303459:143.72117114067:165.79163503647:171.10251498222</RawString>
        <JSON>{"compiler-options":{"compiler-type":"CC","compiler":"gcc","compiler-options":"-pthread"}}</JSON>
      </Entry>
    </Data>
  </Result>
</PhoronixTestSuite>
